Actual,Predicted,Readmission_Probability
0,0,0.14069632793180675
0,0,0.06425082141622493
0,0,0.09414194197263728
1,0,0.262531690167558
1,0,0.10788961368866128
0,0,0.030845426930476406
0,0,0.05510628037320619
0,0,0.06360149077159978
0,0,0.26497672459926414
0,0,0.20383458482478078
0,0,0.0662601325030858
0,0,0.1298640933728283
0,0,0.07755599308954521
0,0,0.05928993683537715
0,0,0.06438165849902963
0,0,0.1189740705849961
0,0,0.07785040691171353
0,0,0.06837847140903876
0,0,0.05029837287726917
1,0,0.09207664605951764
0,0,0.09222163524644773
0,0,0.11517111072015665
0,0,0.14275539898258963
0,0,0.0751123680451557
0,0,0.33837683186969636
0,0,0.14867241502334472
0,0,0.029345907341530017
0,0,1.2349036069155913e-05
0,0,0.12132669526842317
0,0,0.08675198433366675
0,0,0.10830438208394774
1,0,0.11412971159546975
0,0,0.12364488540850366
0,0,0.06766678450755008
0,0,0.20412651417265934
0,0,0.09567201748264761
0,0,0.12989077800008136
0,0,0.07100094347167406
0,0,0.11046274663590895
0,0,0.1457895723332793
0,0,0.04827754561138345
0,0,0.09278024329791033
0,0,0.10814260954860244
0,0,0.0817072816558674
0,0,0.06685787366567539
0,0,0.11472733411196546
0,0,0.1891957427466485
0,0,0.08925354680858205
0,0,0.14487332223566574
0,0,0.2319098013275894
0,0,0.11850592415318591
0,0,0.12384717290932415
0,0,0.05012561003102486
0,0,0.07475702249471385
0,0,0.1054206398429446
0,0,0.09045544330385917
0,0,0.035381914271898664
0,0,0.2202576179646933
0,0,0.08478317918801159
0,0,0.1269732600914775
0,0,0.04326062587485796
0,0,0.157663941867854
0,0,0.038471808366447355
0,0,0.06896323288986217
0,0,0.1287790719201058
0,0,0.040108848883736024
0,0,0.15591524288325687
0,0,0.09638855594471779
0,0,0.13336687743869952
1,0,0.10512326093313024
0,0,0.07867397775773553
0,0,0.07641464379949638
0,0,0.11191586896472985
0,0,0.14422352702588007
0,0,0.3375999361949849
0,0,0.1124849940908234
0,0,0.05226034044929897
1,0,0.06862182083863001
0,0,0.09742166550727804
0,0,0.11551883060193628
0,0,0.00011359583501995364
0,0,0.20421279657245253
0,0,0.0753363956543992
0,0,0.08337817716911176
0,0,0.17502586932497435
0,0,0.10240758242051028
0,0,0.1911624704460509
0,0,0.07380969689802258
0,0,0.15660582429971245
0,0,0.08888670930603294
1,0,0.1811605375917159
0,0,0.06307630501938824
0,0,0.21249368364803492
0,0,0.06724996217562684
0,0,0.054688555486407726
0,0,0.08179604461198663
0,0,0.10630285137773351
0,0,0.2925514253808363
0,0,0.23985198486043457
0,0,7.711929873077169e-05
1,0,0.17864604167015433
0,0,0.12280835067465029
0,0,0.09299016740330787
0,0,0.07010692109220205
0,0,0.050687129698942034
0,0,0.16256691020120073
0,0,0.1443429416708927
0,0,0.11943029955287808
0,0,3.216635407564326e-05
0,0,0.372503935531291
0,0,0.41396012638909685
0,0,0.09478521264851499
0,0,0.10992484501942155
0,0,0.024559390814683158
1,0,0.3040580161644201
0,0,0.058688135695415554
0,0,0.08604764015468
0,0,0.09972143774751241
0,0,0.19691712687924456
0,0,0.07139565404694903
0,0,0.0798052086066072
1,0,0.04779776221762959
0,0,0.2327137320290973
0,0,0.03371508595541137
0,0,0.1543006876641852
1,0,0.057788537795748295
0,0,0.13779336502820863
1,0,0.09574189040112849
0,0,0.13096829903904614
0,0,0.1544853113719451
0,0,0.1384383943056297
0,0,0.351497444911371
0,0,0.06491837849641707
1,0,0.10328287516531956
0,0,0.04949773005534504
0,0,0.072449522844027
1,0,0.40170712567268535
0,0,0.0672605289989002
0,0,0.1415018089809816
0,0,0.2999954510437617
0,0,0.1372363202248981
0,0,0.04979513127777631
0,0,0.04922965721681186
0,0,0.09058695965344978
0,0,0.05844795439849335
0,0,0.03455579938255571
0,0,0.11194690008010186
0,0,0.0753302731240877
0,0,0.13245165503697262
0,0,0.13652016010926799
0,0,0.06939045948120223
1,0,2.767677658888897e-05
0,0,0.01908478797470781
0,0,0.04574226878583251
0,0,0.13687880227796914
0,0,0.05865212146557037
0,0,0.10710229071046934
0,0,0.09707060785883387
0,0,0.10366721756272629
1,0,0.04378737908342426
0,0,0.1308044129745796
0,0,0.05321814883466984
0,0,0.11743854338922029
0,0,0.11202515267693812
0,0,0.09545512918274315
0,0,0.05561115950026687
0,0,0.05780750039929484
0,0,0.0732174343656103
0,0,0.09216407973534789
0,0,0.3106833491239879
0,0,0.07440349574948982
0,0,0.07955432470105488
0,0,0.10571973516720368
0,0,0.036678616086571886
0,0,0.061758430543054146
0,0,0.10706392683328891
0,0,0.08241523915926412
0,0,0.09332668996430482
0,0,0.07821137855859173
0,0,0.23655198646178752
0,0,0.11359845097991579
0,0,0.041697541230864256
0,0,0.0231673984915456
0,0,0.07440848744786668
0,0,0.04577687421411436
0,0,0.08596203980927113
0,0,0.06700945639989987
0,0,0.08176208152438529
0,0,0.16109486183489874
0,0,0.023751587476342248
0,0,0.11762125091605972
0,0,0.1600670802875808
1,0,0.06691642066460168
0,0,0.05645347756175032
0,0,0.13573786248807307
0,0,0.07211713713576734
0,0,0.11290968052140904
0,0,0.056119253735152204
0,0,0.13151618318600228
0,0,0.15417963171621255
1,0,7.304770838940689e-05
0,0,0.05379750548719958
0,0,0.08706397256638093
0,0,0.08582207832002428
0,0,0.06407944298712047
0,0,0.18214472066664822
0,0,1.9319529210225137e-05
0,0,0.09166991693003557
0,0,0.14182740778212316
0,0,0.07956443574974635
0,0,0.1443925289961238
0,0,0.11364490982308993
0,0,0.06731232648669262
0,0,0.22177213174172444
0,0,0.09178753527399248
0,0,0.06209950399481495
0,0,0.10896625670912828
0,0,0.34440221008338806
0,0,0.222807534054013
1,0,5.21674090372018e-07
0,0,0.07152192685862746
0,0,0.19355014080985505
0,0,0.057455620491887176
0,0,0.19580669601363848
0,0,0.08540868130884746
0,0,0.07207401351381512
0,0,0.16996434009887315
0,0,0.17429659987609414
0,0,0.09873471302090522
0,0,0.17556910253790875
0,0,0.07688314465427015
0,0,0.03799500768791011
0,0,0.13023784051814755
0,0,0.06596481354943481
0,0,0.19818757649876997
0,0,0.19610824930092666
0,0,0.08747770858291708
0,0,0.16762925558691721
0,0,0.12318126955322513
0,0,2.999562571469579e-05
0,0,0.08480375439199506
0,0,0.06552801344064273
1,0,0.06749725671864952
0,0,0.08399456728530076
0,0,0.00011673423324431389
1,0,0.13307940866538898
0,0,0.10138440010733764
0,0,0.13191360466895433
1,0,0.1224105240484324
0,0,0.04192313133207057
0,0,0.14757874120390768
0,0,0.04693789764870223
0,0,4.775853920386984e-05
0,0,0.06123822088363649
0,0,0.042022943474175505
0,0,0.1944179643454394
0,0,0.10615890246276882
0,0,0.058017139535855106
0,0,0.07444037453560087
0,0,0.060979864389672685
0,0,7.11784864495327e-05
0,0,0.05162369798953365
0,0,0.0892725569281472
0,0,0.09798962250953012
0,0,0.039265408196996913
0,0,5.8387677864676536e-05
0,0,4.0877825287928134e-05
0,0,0.00011343215356657148
0,0,0.10522969893210621
0,0,0.16288301854945442
0,0,0.04236730109853807
0,0,0.08762848705158315
0,0,0.1519074491464482
0,0,0.1052122949328742
0,0,0.14617196641150054
0,0,0.09553350278132124
1,0,0.3188383104604974
0,0,0.13536713520298904
0,0,0.19768308720995986
0,0,0.07498918817512557
0,0,0.0827324214266328
0,0,0.1331264777552656
0,0,0.11509425531740029
0,0,0.06445530573124866
0,0,0.2686725249759522
0,0,0.1377320378396643
0,0,0.13883892094971903
0,0,0.06091158356449375
0,0,0.14259805974493217
0,0,0.1127448491006244
0,0,0.12989405880868923
0,0,0.13488377432896065
0,0,0.25088654736172794
0,0,0.1082301873651964
0,0,0.11098538142199121
0,0,0.12188695372900084
0,0,0.1465460947407945
0,0,0.10164980093065788
0,0,0.08204888285033062
0,0,0.08452553443492182
0,0,0.02351684245929953
0,0,0.08181649786212904
0,0,0.13574626830799993
0,0,0.0611492859746683
0,0,0.15948562685958725
0,0,0.08396906085297776
0,0,0.11693790339716843
1,0,0.09967611477080233
0,0,0.10418162393402305
0,0,0.1034865801242005
0,0,0.08541888080407432
0,0,0.13666802317452223
0,0,0.00012536157113735214
0,0,0.1396887641356164
0,0,0.06868333357218981
0,0,0.1283949861959233
0,0,0.07840308677284814
0,0,0.11119635313855518
0,0,0.30161808936759854
0,0,0.10825896234714379
0,0,0.09477101530358431
0,0,0.04406530705515472
0,0,0.12005801970243617
0,0,0.1155891319397722
0,0,0.21202220441905853
0,0,0.12245298832568123
0,0,0.1339446293127841
0,0,0.2368920020035127
1,0,0.06930582359546869
1,0,0.15075512740190977
0,0,0.00014799145508289437
0,0,0.06905029363765544
0,0,0.05678165256111589
0,0,0.12478338212616656
0,0,0.07348652983761073
0,0,0.1168597858194084
0,0,0.09931554608982421
0,0,0.041839479839261326
0,0,0.06430768817426696
0,0,0.05154749798800585
0,0,0.1069657282430204
0,0,0.2379734121311635
0,0,0.08015154577659658
1,0,0.0705563261597333
1,0,0.1093911105082181
0,0,0.13845978614996596
0,0,0.09774231300737075
0,0,0.3321770975897787
0,0,0.26079029185655367
0,0,0.09495544331139269
0,0,0.00012042073360124455
1,0,0.10304154613208576
0,0,0.07135409955097045
0,0,0.051010182788159844
0,0,0.06790274420709504
0,0,0.08956753663931286
0,0,3.0058712004222273e-05
1,0,0.05244381395537262
0,0,0.0456700563475256
0,0,0.1387998593098297
1,0,0.11192589583585515
0,0,0.10091090962466168
0,0,0.03253490182727924
0,0,0.08019894876635478
0,0,0.10218125754062198
0,0,0.18296898247409957
0,0,0.07219389687588378
0,0,0.12375197877754464
0,0,0.06042506420259851
0,0,0.1335513657023885
0,0,0.1812658922088361
0,0,2.2979482739909903e-05
1,0,0.00010213432604029022
0,0,0.06516990673886024
1,0,0.10144598843991011
0,0,0.1586470667047093
0,0,0.027655461505009554
0,0,0.05872476305478052
0,0,0.13735000028782202
0,0,0.11023197183581891
0,0,0.13771358033641365
0,0,0.04702798138913056
0,0,0.11775625993766412
1,0,0.08535836764912233
0,0,0.18080327126144274
0,0,0.11948725173025412
0,0,0.06019781819445477
1,0,0.12247646636469513
0,0,0.035699544945331396
0,0,0.07543960103401853
0,0,0.1317306468469485
0,0,0.02876533166410023
0,0,0.07143086096837582
0,0,0.11076941619235506
0,0,0.06771511066468822
0,0,0.11400453841006862
0,0,0.19712344405732365
0,0,0.06770824465944787
1,0,0.09371688025605183
0,0,0.09453804887213205
0,0,0.1131641201012573
0,0,0.2047995687650619
0,0,0.11634012485968373
0,0,0.06673608849637722
1,0,0.16240615635936756
0,0,0.05396336666411858
0,0,0.1221518619399824
0,0,0.03810571420888676
0,0,0.00765320102206902
0,0,0.07742564985333428
0,0,0.19300047712159743
0,0,0.10320067618927392
1,0,0.06197944382492258
0,0,0.11216291732364286
0,0,0.30755650357372777
0,0,0.06471442354455231
1,1,0.5472474322985612
0,0,0.00013256895748108068
0,0,0.04733513060208666
0,0,0.09441006156882367
0,0,0.09914160814201421
0,0,0.21631894413386454
0,0,0.2600254037014747
1,0,0.16255324850099268
0,0,0.06537782316699295
0,0,0.10954610519355014
0,0,0.022940439173740643
0,0,0.10356659227653989
0,0,0.10233025396809445
0,0,0.1642426255170004
0,0,0.04521661446948339
0,0,0.06907161305277569
0,0,0.06570519850003785
0,0,0.1385391934439736
0,0,0.13065839574656193
0,0,0.07613402077752134
0,0,0.12976948114765327
0,0,0.11614782644265534
0,0,0.06664586452904078
0,0,0.0958359506884527
1,0,0.2541343966033386
0,0,0.04563254763876091
0,0,0.12917085167087908
0,0,0.3948772403821642
0,0,0.12884107633342545
0,0,0.07832149606824942
0,0,0.07425598406369763
0,0,0.13720392847615065
0,0,0.16547920119785062
0,0,0.07292296625315965
0,0,0.05066604465864796
0,0,0.10596360353841305
0,0,0.0913615415363933
0,0,0.3185413894940042
0,0,0.13653561179440865
0,0,0.0899444701103251
0,0,0.11582769450934392
0,0,0.10617109454693305
0,0,0.0950483490485677
0,0,0.09687153275745178
0,0,4.932914300030862e-05
0,0,0.08772959050526162
0,0,0.021540667178757068
0,0,0.09040000639134575
0,0,0.17049371621531395
0,0,0.04623568037297894
0,0,0.08033301605027092
0,0,0.15176980499526396
0,0,0.08589941145694888
0,0,0.04715097413125754
0,0,0.0689457153087618
0,0,0.18277016256855488
0,0,0.11901378636394057
0,0,0.20445219292804306
0,0,0.10278073839957332
0,0,0.12573954344768298
0,0,0.1432638150155371
0,0,0.06842572634749472
0,0,0.13248065373388235
0,0,0.37273577905460875
0,0,0.10526818556244205
0,0,3.624420099335785e-08
0,0,4.025731862520606e-05
0,0,0.01846463890404508
0,0,0.07858525684725563
0,0,0.1010815981339905
0,0,0.12845457197913732
0,0,0.1013085798306852
0,0,0.08958130654215267
1,0,0.20956892498502136
0,0,0.0744552118241919
0,0,0.12405301007865899
0,0,0.08185436060497996
0,0,0.05759892624572229
0,0,0.11371774399218529
0,0,1.6580248690649874e-05
1,0,0.13218323620038416
0,0,0.09993562368325294
0,0,0.0646493956687837
0,0,0.1287559504986831
0,0,0.04955034051356893
0,0,0.18816510083975965
0,0,0.05253253908267859
0,0,0.10970650611073544
0,0,0.041764707621507066
0,0,0.09089650785570831
0,0,0.23259622886617107
0,0,0.17544665008521965
0,0,0.10860890078242515
0,0,0.4920758502457919
0,0,0.07476295799956155
0,0,0.09269289084034876
1,0,0.07999567419433523
0,0,0.08528604916611755
0,0,0.06579480104084821
0,0,0.07045878576780308
0,0,0.07938395736161762
0,0,0.26928097157537123
0,0,0.07755182241476873
0,0,0.08326684675036097
0,0,0.07261859164632652
0,0,0.17221757641059207
0,0,0.37508209689689037
0,0,0.06496882843876166
0,0,0.10157820437480505
0,0,0.011932769279322335
0,0,0.07619285131941687
0,0,0.08125282766974547
0,0,0.07890770865005392
0,0,0.042294549819375755
0,0,0.12367794890174964
0,0,0.071618308960086
0,0,5.5524145423967714e-05
0,0,0.051349629582536985
0,0,0.07969931845471284
0,0,0.06483487228619701
0,0,0.15671813238695548
1,0,0.00011636249001220348
1,0,0.12945588595978727
0,0,0.14130107804265718
0,0,0.053931396365288015
0,0,0.08061719826915942
0,0,0.078022932414031
0,0,0.0001169158435533749
0,0,1.6088940354242887e-05
0,0,0.11591190274399674
0,0,0.0389405954476199
1,0,0.12106084117861259
0,0,0.17844098507932785
0,0,0.06581657883680678
0,0,0.05340701117370201
0,0,0.11643957606968298
0,0,0.18737373183450862
0,0,0.06005022806995357
1,0,0.10236471932490442
0,0,0.14388434115468426
0,0,0.16930409686746284
0,0,0.07160982776706644
0,0,0.130025911906422
0,0,0.052147875919202634
0,0,0.3664556013714515
0,0,0.18571627266423338
0,0,0.038430533889623
0,0,0.2262353029951251
0,0,0.05347952985409979
0,0,0.06419093093962706
0,0,0.05858199809492655
0,0,0.08979520289321698
0,0,0.20855005846089733
0,0,1.2144756547016176e-07
1,0,0.10310500650987989
0,0,0.06310399935644825
0,0,0.16727785619324903
0,0,0.08945640578993004
0,0,0.053737883085313465
0,0,0.05790590308594084
0,0,0.09874362003194662
0,0,0.10342908318252923
0,0,0.04937784808219496
0,0,0.19998782736021126
0,0,0.17634234722792697
0,0,0.13030652408702784
1,0,0.1205809660068217
0,0,0.21198269797816324
1,0,0.11873072183984953
0,0,0.07773059485121853
0,0,0.07818378007582787
0,0,0.08152587199867392
0,0,0.08643651669906283
0,0,0.08469325512787983
0,0,0.07063589278303666
1,0,0.08118998671424313
0,0,0.3327950519140149
0,0,0.23762334342301894
0,0,0.04333756697115618
0,0,0.07441844466634741
0,0,0.07575296826381182
1,0,0.00015536532921745858
0,0,0.08403144303319722
0,0,0.06833795391288228
0,0,0.016623103790809862
0,0,0.08408034907719258
0,0,0.08629379047662643
1,0,0.1578914959541711
0,0,0.06134710922884211
1,0,0.1152147503380283
0,0,0.05152804254737363
0,0,0.15964161371401264
1,0,0.1426618810624839
0,0,0.07787708381733431
0,0,0.10376933263654223
0,0,0.11275249042731153
0,0,0.07977811858262848
0,0,0.030907174917283196
0,0,0.06020603011939796
0,0,0.24026182409332356
0,0,0.07465995017838684
0,0,0.057298718814147484
0,0,0.3036723363525286
1,0,0.141597440636336
0,0,0.0853533853269208
0,0,0.13330165810083655
0,0,0.11697800922895384
0,0,0.1346739538256113
0,0,0.23294346418262668
0,0,2.367290468880098e-05
0,0,0.23566632568914564
0,0,0.14262996925859164
0,0,0.14628546883295146
0,0,0.13819019234541946
0,0,0.07167021384753836
0,0,0.08702970742907644
0,0,0.16873768694881314
0,0,0.03591790101437901
0,0,0.19481734723747823
0,0,0.09007189316862117
0,0,0.06521481584908734
0,0,0.1199909735089972
0,0,0.04871376908046745
0,0,0.07193797261261031
1,0,0.11130991260923265
0,0,0.09028228698222036
0,0,0.0577117157569222
0,0,0.1003803574341093
0,0,0.06045195718737162
0,0,0.04670470543052213
0,0,0.07736458913542205
0,0,0.07357822940906869
0,0,0.05349609399726663
0,0,0.10523130233360514
0,0,0.08032581317774631
0,0,0.09481911682396153
0,0,0.09484070737665477
0,0,0.12165763377998826
0,0,0.10112725606760115
1,0,0.08368124953325266
1,0,0.10091641357974387
0,0,0.06683930024367915
0,0,0.10578224277530439
0,0,0.12608666217820894
0,0,0.18477218381307747
0,0,0.0856206659182621
0,0,0.11193905431013819
0,0,0.11200053840749075
0,0,0.09157411412657775
1,0,0.12508234487954434
0,0,0.10432682891281916
0,0,0.10929618160223807
0,0,0.01606822775996647
1,0,0.10020687170530972
0,0,0.11613263342769195
1,0,0.10871981858503398
1,0,0.17149764408679508
0,0,0.08042285110420981
0,0,0.04650879422388525
0,0,0.11663974450152131
0,0,0.07149181688167099
0,0,0.16241611378723214
0,0,0.2032241118172682
0,0,0.11539181783269654
0,0,0.1262591789354728
0,0,0.0975439116240617
0,0,0.010070249001406946
1,0,0.17887232750506302
0,0,0.04075188361035389
1,0,0.00013469093463495645
0,0,0.1463422411041517
0,0,0.10704951073689611
0,0,0.09884951087579362
0,0,0.12695420297511192
0,0,0.12150124420280224
0,0,0.05496909666959851
0,0,0.056386771526957945
0,0,0.08320666673235697
0,0,0.12679818859067904
0,0,0.05348392952705353
0,0,0.013743623899706674
0,0,0.19597101741756168
0,0,0.11223447882039067
0,0,0.3710771978058318
0,0,0.14496258634298506
0,0,0.0841156846351061
1,0,0.0726083544823052
1,0,0.31430948828439736
0,0,0.00051722467653822
0,0,0.04894882028349516
0,0,0.08054085915089189
0,0,0.018934903599495387
0,0,0.1538575855293372
0,0,0.11498473238745657
0,0,8.4143538057057e-07
0,0,1.540424587003245e-08
0,0,0.06540623355121948
0,0,0.22858745357897142
0,0,0.08690048360003848
0,0,0.08563138344258249
0,0,0.2661128849077534
0,0,0.05128327561179876
0,0,0.05410932507401939
0,0,0.12320595685058609
0,0,0.15540355721691237
0,0,0.08157065630950108
0,0,0.16274449168186012
0,0,0.018165375570128203
0,0,0.08926954332768942
1,0,0.14131074480414443
0,0,0.11488362300916546
0,0,0.2456891902307606
0,0,2.4119413033181788e-05
0,0,0.3025336910226321
0,0,0.00011062697568284007
1,0,0.07720203144639483
0,0,0.08909013275176234
0,0,0.09651141116612794
0,0,0.15974622760523283
0,0,0.06353042342957588
0,0,0.12210550493716249
0,0,0.08349562263098861
0,0,0.24709062609560933
0,0,0.10653882680425003
0,0,0.10039744946095674
0,0,0.16441813273665254
0,0,0.1297065413478781
0,0,0.08284035282901214
0,0,0.2940602112548953
0,0,0.08860053522722236
0,0,3.3662908378529236e-08
0,0,0.15846820568858339
0,0,0.20210815803549928
0,0,7.122899852949538e-05
0,0,0.09258737547901519
0,0,0.08377623449692075
0,0,0.06362845912826025
0,0,0.1114121062681746
0,0,0.13786504168079233
0,0,0.05069537019629199
0,0,0.18173720186591086
0,0,0.054780931125406065
0,0,0.15246325982912848
0,0,0.08800637210238364
0,0,0.12446611891656645
0,0,0.15545733159493977
0,0,0.20401015450994106
0,0,3.0431884064158662e-05
0,0,0.10567003233386854
0,0,0.1625548040337892
0,0,0.04996955129988785
0,0,0.1448854258169403
0,0,0.09995945069669143
0,0,0.3631540034232823
0,0,0.04692010818661092
0,0,0.13493159619900966
1,0,0.10336681717877641
0,0,0.08212482411845774
0,0,0.037163357331092176
0,0,0.13173821092087706
0,0,0.07212116610657694
0,0,0.10143687326041674
0,0,0.020054496543839447
0,0,0.05286158672537065
0,0,0.2347855223578371
1,0,0.14154665117040782
0,0,0.06563950369459047
0,0,0.17806808167451046
0,0,0.1780563956453616
0,0,0.07489070315178013
0,0,0.07175969686575384
0,0,0.14237228091565762
0,0,0.016974659836748583
0,0,0.185114705845728
0,0,0.07375326777495438
0,0,0.06397473100303346
1,0,0.11484183605110262
0,0,0.05650594462706566
0,0,0.061633677463114676
0,0,0.09069780735072804
0,0,0.05141351000111232
0,0,0.00010305024476673808
0,0,0.12607344827772557
0,0,0.3089837530064913
0,0,0.23131407294643883
0,0,0.09508645854620093
1,0,0.1477136136314473
0,0,0.11377841935443544
0,0,0.0240670888828686
0,0,0.1099869055816223
0,0,0.06706246879141205
0,0,0.09084655563919904
0,0,7.979947493660916e-05
1,1,0.8788929695094604
0,0,0.10959687317606932
0,0,5.720300445621189e-05
1,0,0.35381054436375947
0,0,0.09660091192957743
0,0,0.2765016879401421
0,0,0.08297705810336005
0,0,0.04499499621455595
1,0,0.2095386829558132
0,0,0.12863619878940294
0,0,0.05755459253871654
0,0,0.09073479808272869
0,0,0.06533975346661827
0,0,0.05802536554044076
1,0,0.10531121539629501
0,0,0.05543004243939212
0,0,0.05334835984139828
0,0,0.00029259460000910834
0,0,0.13093448917892145
0,0,0.09178110599294943
0,0,0.058130427474611925
0,0,0.15013862998971572
1,0,0.06775457564863355
0,0,0.3373367592657428
0,0,0.10373541446868198
0,0,0.19808958533490745
0,0,0.2809597771318752
0,0,0.07770795769520604
0,0,0.08156492828021311
0,0,0.08295861497173153
0,0,0.12239530994061643
0,0,0.08740838930495451
0,0,0.08157312693994137
0,0,0.00028460095749413414
0,0,0.08299877981044572
0,0,0.05983760157513319
1,0,0.08605065236497986
0,0,0.09565165690943686
0,0,0.04534462403819486
0,0,0.10955700748078388
0,0,0.07722157985351295
0,0,0.11228229685216352
0,0,0.1939466032618925
0,0,6.629412981100846e-05
0,0,0.06813692796098558
0,0,0.10042813251521979
0,0,0.14407999892892998
0,0,0.059097498680104416
0,0,0.0703815050167213
1,0,0.07008228888026939
0,0,0.1427123609208544
0,0,0.12654544161878953
0,0,0.07442912055175462
0,0,0.07139905675684788
0,0,0.10053815859240635
0,0,0.1217292047220899
0,0,0.10117372810219673
0,0,0.10720503745382175
0,0,0.09212641191865605
0,0,3.2897285471457956e-05
0,0,0.0001414899323915753
0,0,0.1544614286951204
0,0,0.0006412813082067749
0,0,0.09852510917576097
0,0,0.14481476127670806
1,0,2.5836606495245523e-05
0,0,0.11795562452009915
0,0,0.1080135984797814
0,0,0.0993279942339692
0,0,0.16051470315664126
0,0,0.07955612789579217
0,0,0.05294029593298991
0,0,0.005582763192768122
0,0,0.033204820524387446
0,0,0.3108370051041013
0,0,0.1165892812791144
0,0,0.07009461871362382
0,0,0.09744147369287473
0,0,0.03850287234697344
0,0,0.06120431733163119
0,0,0.06806167599708919
0,0,0.040734452477886055
0,0,0.11887726250478645
0,0,0.1409039315144786
1,0,0.1462762774199135
1,0,0.13468520344009902
0,0,0.055223934987589436
1,0,0.22950282781211565
0,0,0.0659972622707305
0,0,0.22411019812483055
0,0,0.05879961117325815
0,0,0.10498360435587245
0,0,0.1639526627583212
0,0,0.04945943111369055
0,0,0.08924721235788989
0,0,0.09590849798257922
0,0,0.059616856034329146
0,0,0.2008213878139928
0,0,0.07988483564322635
0,0,0.12048158179018989
0,0,6.14770993101905e-05
0,0,0.10149993464653398
0,0,0.34925875138653584
0,0,0.09355635430101569
0,0,0.11920730166981812
0,0,0.07199113860888318
0,0,0.08778119127669981
0,0,0.21629448122253808
0,0,0.12906130605732172
1,0,0.07464444978879874
0,0,0.1018553821950736
0,0,0.13509360118051383
0,0,0.17229786749327453
0,0,0.12007044115284227
0,0,0.13599769321740252
0,0,0.2046090931350806
0,0,0.13588638975510428
0,0,0.11369493794952705
1,0,0.17771577312241713
0,0,0.04606105035754013
0,0,0.17260942794219214
0,0,0.08291095649507504
0,0,0.07326681040507879
0,0,0.00016026335568711104
0,0,0.03414397614134913
0,0,0.2203185432573694
0,0,0.021700968259558452
0,0,0.09049925457985145
0,0,0.0002928729921267421
0,0,0.0627104996811587
0,0,0.11292562311522925
0,0,1.4210084465904802e-05
0,0,0.1665217573986973
0,0,0.05715384447364268
1,0,0.06089414633008553
0,0,0.18893555045126753
0,0,0.10540742571790986
0,0,0.12581418818986234
0,0,0.06033296475248656
0,0,0.10646197407866632
0,0,0.11375464513317979
0,0,0.05714482115468479
0,0,0.16243660539018231
0,0,0.1665516264102989
0,0,0.0826740155814093
0,0,0.13136759320047117
1,0,0.12306396596436858
0,0,0.0750843882700952
0,0,0.1264641140825362
0,0,0.09555043622458961
0,0,0.12409740145439095
0,0,0.10659961884869386
0,0,0.10762999072285956
1,0,0.0990313700274206
0,0,0.0849570823044079
0,0,0.04169840352462957
0,0,0.06864443660428893
0,0,0.21955151197758177
0,0,0.04178056806308785
0,0,0.1144260648736185
1,0,0.10645054556758617
0,0,0.11252034097375445
0,0,4.815828111339802e-06
0,0,0.14002983396659066
0,0,0.10941531969709675
0,0,0.12859269269287069
0,0,0.05501356208765904
0,0,0.062378743193167274
0,0,0.17837725041227862
0,0,9.801891339628456e-05
1,0,0.25925324405250394
0,0,0.18186801196153884
1,0,0.12041080875559473
0,0,0.05688483798554655
0,0,0.07877819615723698
0,0,0.09577958605921073
0,0,0.106105510210102
1,0,0.30020643628536137
0,0,0.07251294623499355
0,0,0.12964353514577304
0,0,0.1699455109721872
0,0,0.13410226843438547
0,0,0.12419585585558976
1,0,0.1902210864162095
0,0,0.06630943106121692
0,0,0.10520156372477872
0,0,0.046375165501939736
0,0,0.10486524639894984
0,0,0.047125248535776154
0,0,0.06436412361632811
0,0,0.2210836609590817
0,0,0.07049979464383994
0,0,0.11088872823641016
0,0,0.058896166862920304
0,0,0.13286796053468786
0,0,0.360167857827368
1,0,0.08826594925211453
0,0,0.07320072084832414
0,0,0.08368313308811137
1,0,0.08253930110792139
0,0,0.09384910181051313
0,0,0.24487726615253755
0,0,0.14903021641257375
0,0,0.043132422518249044
0,0,0.11052213449025756
0,1,0.7003833476239631
0,0,0.10652619436940651
0,0,0.24946142159421167
0,0,0.1288131994485501
1,0,0.10160518310011285
0,0,0.1566088442894224
0,0,0.1604654444953036
0,0,0.1616766302163561
0,0,0.12525071110825864
0,0,0.1376617734120353
0,0,0.0908365562272849
0,0,0.04647165625417839
0,0,0.061348050454707995
1,0,0.11755587848771785
0,0,0.08859003517765363
0,0,0.0775698187614317
1,0,0.33751211740427833
1,0,0.000602434637011475
0,0,0.06669668135021405
0,0,0.12278298860031457
0,0,0.16411758863962994
0,0,0.053559298257978345
0,0,0.14441132576869525
0,0,0.21526571090378635
0,0,0.04547936103302636
0,0,0.06601592579302396
0,0,0.17687655835506394
0,0,0.1275334576117785
1,0,0.0680560884673096
0,0,0.0764860162067691
1,0,0.15598429429303862
0,0,0.11132162760933842
0,0,3.227833398454231e-05
0,0,0.045740338775772264
0,0,0.00019207126012325246
0,0,0.061992378464506795
0,0,0.11383063710342972
0,0,0.0871741653161572
0,0,0.09137703602046807
0,0,0.1690232599475736
0,0,0.12906941478327846
0,0,0.13498645354531882
0,0,0.045494069582765785
1,0,0.13007490189382087
0,0,0.08580747694002815
0,0,0.15992702101540868
0,0,0.12152592678563114
0,0,0.09821149290649782
0,0,0.055783263448946234
0,0,0.10772815257338396
0,0,0.32123881070053323
0,0,0.24069469119773737
1,0,0.1061560071198976
1,0,0.35080816207496607
0,0,0.09592696148047584
0,0,0.09199393628394424
0,0,0.07616920069642012
1,0,0.23180857693284324
0,0,0.0001225351881909483
0,0,0.14087215410766835
0,0,0.11052876310318416
0,0,0.10042472468514568
0,0,0.064395621816781
0,0,0.12519018439500523
0,0,0.09063802964607204
0,0,0.06416598957476559
0,0,0.19665356210713303
0,0,0.034038370524775104
0,0,0.11722676592377594
0,0,0.2093364284202413
0,0,0.09479226349246894
0,0,0.16261923716633805
0,0,0.09231216528897951
0,0,0.313894836699802
1,0,0.4080531839988483
0,0,0.12736118472081293
0,0,0.07849340198277202
0,0,0.05421918452651854
1,0,0.10981585180891587
1,0,0.15824763221532326
0,0,0.13061218529268584
0,0,0.09761240885845289
0,0,0.09299603057702463
0,0,0.06082684529316897
0,0,0.3880028219215648
0,0,0.07531308274807164
0,0,0.07833958413717496
0,0,0.14573979681898502
1,0,0.0438607427918397
0,0,0.00033007353103913634
0,0,0.1075730913017116
0,0,0.08508819582976562
0,0,0.057036034655036615
0,0,0.06710444753087974
1,0,0.337509229429196
0,0,0.05947680393727935
0,0,0.04118353272410903
0,0,0.10373711914236662
0,0,0.10457910397198862
0,0,0.1672715764040678
0,0,0.07477264578979519
0,0,0.10079442703329315
0,0,0.09139630644949577
0,0,0.1509597061883147
0,0,0.11099435599625812
0,0,0.07384868914431643
0,0,0.037104173626834255
0,0,0.06041945422039199
0,0,0.0971264282812421
0,0,0.07041648325304901
0,0,0.21235293330372168
0,0,0.06339392101318478
0,0,0.17762451991815573
0,0,0.08947747599809816
0,0,0.05389498185264696
0,0,0.06306427439495813
0,0,0.18639632249230592
0,0,0.06624363572574249
0,0,0.10653929960011144
0,0,0.18759987993910252
0,0,3.644906076422129e-05
0,0,0.08251765539441133
1,0,0.03241802307536211
0,0,0.07447388638868022
0,0,0.16037570817206348
0,0,0.10150959304407574
0,0,0.10288645938969337
0,0,0.00011665412308068837
0,0,0.13061304847363553
0,0,0.159605936335421
0,0,0.30371745195796046
0,0,0.12339313610433125
0,0,0.1484044519602874
0,0,0.11056542014955782
0,0,0.09507614860632603
0,0,0.03398790221468819
0,0,0.10422402657894712
0,0,0.07702366769113438
1,0,0.1277665840316803
0,0,0.06312618307646502
0,0,4.607844959451607e-05
0,0,0.056810548574015476
0,0,0.09083004189503352
0,0,0.06430244158906268
0,0,0.31595231458288936
0,0,0.156706371003557
0,0,0.11055085472517173
0,0,0.07547761969578866
1,0,0.11206566187788879
1,0,0.22346342684992257
0,0,0.07583663020553846
1,0,0.3149363686580631
1,0,0.10522599181792763
0,0,0.02646249819948468
1,0,0.17739518945118288
0,0,0.18984211852425265
0,0,0.11618762604046864
0,0,0.08042631691293158
0,0,0.03549703155612534
0,0,0.06105565410867026
0,0,0.1538333374290459
0,0,0.06790585092682455
0,0,0.06698168555117179
0,0,0.09438242244149689
0,0,0.03254025806263281
0,0,0.2842635660085853
0,0,0.03327580959694312
0,0,0.20409362263682965
0,0,0.10556997817817027
0,0,0.12277890002636803
0,0,0.05845997779398364
0,0,0.04051975480838437
1,0,0.27126798491563797
1,0,0.07982590060567175
1,0,0.09325049503576546
0,0,0.09767881374671698
0,0,0.03983663815062063
1,0,0.12179106426510333
0,0,0.1311201534584065
0,0,2.255508267856735e-05
1,0,0.0779970698826688
0,0,0.1646868240903779
0,0,0.11308159758538314
0,0,0.05104809069701883
0,0,0.05842924040048225
0,0,0.050375302548550174
0,0,0.11562646131850195
0,0,0.09408141394190837
0,0,0.14016604964871937
0,0,6.1359498587123e-05
0,0,0.06959313248575781
0,0,0.11513998304220034
0,0,3.8581329625750925e-06
0,0,0.04179806141482496
0,0,0.00013092058768168505
0,0,0.06151809418550573
0,0,0.13229863723515686
0,0,0.0818285954698999
0,0,0.07287140733651758
0,0,0.06250184043041976
0,0,0.06099084148091325
0,0,0.06215981166207827
0,0,0.11042889989900306
0,0,0.04553390745489323
0,0,0.09824905769223458
0,0,0.11940152207791627
0,0,0.10463772698138259
1,0,0.10333648048190947
0,0,0.09073079716675204
0,0,0.09491452556003048
0,0,0.11408340430591703
1,0,0.12774939798238588
0,0,0.08090741232858094
0,0,0.12887432191225978
0,0,0.08030691590298432
0,0,0.17582564828627487
0,0,0.17131693595320452
0,0,0.00012110273143922262
1,0,0.13876359686567266
1,0,0.42953885086725296
0,0,0.10336004892016347
0,0,0.10465414536971404
0,0,0.09920789004139961
0,0,0.077925214322399
0,0,0.10884886141308682
0,0,0.06684272743913712
0,0,0.09184065709154596
0,0,0.2861830757226411
0,0,0.012158571998751576
0,0,0.24008494426838983
0,0,0.06479741167569096
0,0,0.07044804587632669
0,0,0.1404539943172849
0,0,0.13215988084454533
0,0,0.1049143700595428
0,0,0.1337366295753041
0,0,2.2098483775845583e-05
0,0,0.07806448733976948
0,0,0.1293005841086665
0,0,0.009051160701527176
0,0,0.13145389162339632
0,0,0.10904140943238172
0,0,0.11416659384751905
0,0,0.059428546399784656
0,0,0.00013186700046872787
0,0,0.08097626015020237
0,0,0.03271717614353077
0,0,0.07633817370107011
1,0,0.15874088774700146
0,0,0.3257603814859867
0,0,0.0318375595022209
0,0,0.04310640677259156
1,0,0.07047886925926715
1,0,0.0621924624675591
0,0,0.06014241423413451
0,0,0.0758191735253289
0,0,0.18449826273823125
0,0,0.1821805367625354
0,0,0.004982984851794733
0,0,0.07416531309365658
0,0,0.18670120914841368
0,0,0.07837247224996031
1,0,0.06868181264237144
0,0,0.054762838608996424
0,0,0.01274288123642333
0,0,2.8750461931300422e-05
0,0,0.09304959214727365
0,0,0.033758694754062
0,0,0.04436770279399685
0,0,0.2660516564064866
0,0,0.13379960177346395
0,0,0.13600733004681737
0,0,0.15962248063144047
0,0,0.10150351399145124
0,0,0.05627849886264555
0,0,0.07895821015468824
0,0,0.052637147096875114
0,0,0.040236067616046006
0,0,0.07678231067157343
0,0,0.05636788930180348
0,0,0.04895603211513593
1,0,0.07785588199466562
0,0,0.09654567871808288
0,0,0.06891208986161416
0,0,0.050584143181746165
0,0,0.046013052753344594
0,0,0.07115422140573262
0,0,0.08034756505186329
0,0,0.016054051152527324
1,0,0.11269141378793178
0,0,0.02051514106087771
0,0,2.5238333319284088e-05
1,0,0.2763910848409565
0,0,0.13699756219442594
0,0,0.0433230291176785
0,0,0.1213660424910051
0,0,0.10269160844742159
0,0,0.1839824725048092
0,0,0.16399033972163457
1,0,0.16038806829571026
0,0,0.2080189887656263
0,0,0.08441726658689738
0,0,0.12555328243475353
0,0,0.037728271231940884
0,0,0.0823262003681552
0,0,0.0977517009131886
0,0,0.13908388080574755
0,0,0.040838037544360835
0,0,0.0320500408537247
0,0,0.07469447982033703
0,0,0.10408473260139052
0,0,0.2903463173610022
0,0,0.11312372130491449
0,0,0.048657442038603026
1,0,8.227317774645196e-05
0,0,0.0975785413125055
0,0,0.17933640897732436
1,0,0.23159375838950794
0,0,0.09795500853879813
0,0,0.02750196088841728
0,0,0.11275656647766233
0,0,0.1776864451804601
0,0,0.08513807691956689
0,0,0.06998716693586046
0,0,0.10305561044217267
1,0,0.06703398367590166
0,0,8.080626602868102e-05
1,0,0.09193542676310572
0,0,0.11669966355538633
0,0,0.1998535203516077
0,0,0.056644959105775196
0,0,0.022438369335772743
0,0,7.533649433315416e-05
0,0,0.07134631912771193
0,0,0.08558722839884592
0,0,0.19751626361570626
1,0,0.2264854787785125
0,0,0.11112677092644921
0,0,0.08457300959138736
0,0,0.09477902333506184
0,0,0.13874235951903624
0,0,0.08828232341861465
0,0,0.054169827479067706
0,0,0.07748651649972871
0,0,0.10432849293880611
0,0,0.22424013991258418
0,0,0.042121478836335456
0,0,0.0859662328664723
0,0,0.08373982990298078
0,0,0.07818503745175091
0,0,0.08603602517018256
0,0,0.10860343952448816
0,0,0.021220584035051965
0,0,0.10756955389083526
0,0,0.12814433827042057
0,0,0.08328990761966716
0,0,0.06324227696635261
0,0,0.0774351305263339
0,0,0.08318261870177983
0,0,0.07933558812213137
0,0,0.21315133945173095
0,0,0.1187694937935292
0,0,0.029021227161168117
1,0,0.15517860729363384
0,0,0.09177231869933536
0,0,0.060491831172625396
0,0,0.08908402366148724
0,0,0.1349841368378835
1,0,0.09093422888586118
0,0,0.13970004287838567
0,0,0.0683253467273201
0,0,0.04836992698221483
0,0,0.06015277451714086
1,0,0.08542233022155987
0,0,0.022230655496193633
0,0,0.29070733337749993
0,0,0.06754064732773789
0,0,0.19296783652117608
0,0,0.04636469432182609
0,0,0.05878130061114106
0,0,0.21500511908232114
0,0,0.20350729456276334
0,0,0.21965196239670126
0,0,0.042376847561666695
0,0,0.11238401258581529
0,0,0.06502361967356321
0,0,0.10987941987426673
0,0,0.09667552666221176
0,0,0.07611492944812699
0,0,0.15318251179997774
1,0,0.10004169963476439
0,0,0.05986210830530859
0,0,0.13004292181401733
0,0,0.07493387708874524
0,0,0.2768544119757277
0,0,0.11542950845706507
1,0,0.10420066612918848
0,0,0.07315433601414044
0,0,0.1159905117230326
0,0,0.07717329493972029
0,0,0.15492841902565807
0,0,0.10393650536606255
0,0,0.09347965454826244
0,0,0.12919329441404082
1,0,0.2221490795870066
0,0,0.12700690912009924
0,0,8.625250777938164e-05
0,0,0.06673718097603432
0,0,0.1639234228030625
0,0,0.01662473240097261
0,0,0.12649509119620575
0,0,0.1011664144849261
0,0,0.025184958108780676
0,0,0.1114487055351064
0,0,0.05929537209992074
0,0,0.00030926348093972993
0,0,0.17601374193259678
0,0,0.13141863695353304
0,0,0.1107905268264697
0,0,0.06995301162527261
0,0,0.3723203286702356
1,0,0.05751617558234977
0,0,0.23538591418910795
0,0,0.2704142824711308
0,0,0.09877101804423612
0,0,0.04017241340727272
0,0,0.07982692565939184
0,0,0.27904756502846023
0,0,0.10344192802799487
0,0,0.10849669942538119
0,0,0.11335709397160507
0,0,0.0624973614354498
1,0,0.20433358083563982
0,0,0.061854626505288744
0,0,0.15886896247606558
0,0,0.05706658350921426
0,0,0.07569471283768842
0,0,0.13903442561873997
1,0,0.16365068800152027
0,0,0.12309572333123642
0,0,0.12122602240677113
0,0,0.0624218375447045
0,0,0.07483763934285387
0,0,0.12718910168524175
0,0,0.05568661391409801
0,0,0.0748271550546795
0,0,0.04820666776947692
0,0,0.2212842122994594
0,0,0.07114800134902846
1,0,0.04524858093483042
0,0,0.19747077872475385
0,0,0.08207917011500734
0,0,0.06474992466133067
0,0,0.08862583431885321
0,0,0.12708237076206108
0,0,0.0364451759390158
0,0,0.07556369516693529
0,0,0.05599468452734555
0,0,0.1336499092719589
0,0,0.07024896019770294
0,0,0.19118445513047067
0,0,0.15917726305723995
0,0,0.12772140885946243
0,0,0.08228434750159745
0,0,0.10566696811443861
0,0,0.14629759582387655
0,0,0.12145906681854324
0,0,0.05431435272730337
0,0,0.11475652962194476
0,0,0.11956306531293046
0,0,0.08967068513176095
0,0,0.10463134581783091
0,0,0.27995672439444796
0,0,5.774648308047798e-05
0,0,0.16922318833361538
0,0,0.1194508298963393
0,0,0.0642432151923056
0,0,0.2569763372641039
0,0,0.08138079312655985
0,0,0.13783659155669986
0,0,0.13281019293813756
0,0,0.24138958156166623
0,0,0.05753609226475563
1,0,0.15561904357333173
0,0,0.07071700529634624
0,0,0.0655273676621658
0,0,0.12415347177971425
0,0,0.11116831482534817
0,0,0.11187527700276102
1,0,0.06352418190453264
0,0,0.11199289493651046
0,0,0.04875968716456225
0,0,0.0802188779589926
0,0,0.05837544522051837
0,0,0.17692499427633923
0,0,0.06762843507832632
0,0,0.14456844310623274
0,0,0.12277643463315938
0,0,0.013557645021914751
0,0,0.051422141745491354
0,0,0.07119918217075182
1,0,0.04368309280531943
1,0,5.820610049909608e-05
0,0,0.09993912257779665
0,0,0.09310745925203551
0,0,0.20534395885801868
0,0,0.06902520617185469
0,0,0.09934451795112563
0,0,0.18741523809193997
0,0,0.1492175848544198
0,0,0.008271624390992471
0,0,0.04195977390404701
0,0,0.0709690438946531
1,0,0.10645472709826681
0,0,0.1003843684393383
0,0,0.09858766736195662
0,0,0.21571219600297364
0,0,0.12340973140387992
0,0,0.08416511113389329
1,0,0.09330078782088258
0,0,0.09037932687018142
0,0,0.08795277969267513
0,0,0.03356699367564794
1,0,0.12082046409756626
0,0,0.05743484326198447
0,0,0.1667016161528929
0,0,0.026596142930898552
0,0,0.3336383838615235
0,0,0.11048492570191666
0,0,0.14649908766460404
0,0,5.7393743790780314e-05
0,0,0.18118242314927882
0,0,0.055469075759671596
0,0,0.12236716284800134
0,0,0.046863536983110014
1,0,0.16440793693394345
0,0,0.05894270516795689
0,0,0.02197970669201336
0,0,0.07682441542795239
1,0,0.19057149459045414
0,0,0.044478014537981524
0,0,0.12800995977066326
0,0,0.0329977068415815
0,0,0.13103441188389794
0,0,0.04603247068959589
0,0,0.15800046630069794
0,0,0.12501756778197148
0,0,0.14280595042898347
0,0,0.04351626532855949
0,0,0.0640505199398732
0,0,0.09337157407070641
0,0,0.17247945769663198
0,0,0.2948893210001449
0,0,0.11027848393356733
1,0,0.34743236340632694
0,0,0.13170507203512902
0,0,0.12006449520715484
0,0,0.08639125472485891
0,0,0.06565769532992959
0,0,0.1157754048611634
0,0,0.0685806876482274
1,0,0.4688335317251449
0,0,0.14563433739396484
0,0,0.03951599103069916
0,0,0.11197970034770321
0,0,0.06291388092755999
0,0,0.2674165363419094
0,0,0.1260290039641358
0,0,0.07853237947316853
0,0,0.08932613371099672
0,0,0.24743564520642078
0,0,0.18892874024631726
0,0,0.1495410416210244
0,0,0.05921776407371995
1,0,0.05417971253325871
0,0,0.041213631189936845
0,0,0.14176487071889374
0,0,0.11934714642744865
0,0,0.4566418171950327
0,0,2.3877951449458504e-05
0,0,0.037590333889014296
0,0,0.09746494920015134
0,0,0.056381864800238546
0,0,0.08994728466717056
0,0,0.09595968199371178
0,0,3.3099287766943646e-06
0,0,0.11328257131507331
0,0,0.061206318359540296
0,0,0.18336282133852724
0,0,0.12845439180610801
0,0,0.07887398268357897
0,0,0.10041653511611681
0,0,0.16460455450944572
0,0,0.11548130409142715
0,0,0.051322457151684986
0,0,0.14019520576409816
0,0,0.09610731955402299
0,0,0.26541594984330574
0,0,0.0751738520580891
0,0,0.06501392159455849
0,0,0.23350466123997307
0,0,0.08292598886329722
0,0,0.37657514763417393
0,0,0.09871411954367393
0,0,0.10916760998743642
0,0,0.06295549384369503
0,0,0.09984922109592191
0,0,0.11921575273364926
0,0,0.0307159792216506
0,0,0.07778521140913928
0,0,6.351611110882008e-05
0,0,0.09028094115156018
0,0,0.03956893376361013
1,0,0.005073547187005098
0,0,0.061131421067929057
0,0,0.07249322215710181
0,0,2.5530517101842538e-05
0,0,0.052133616431030136
0,0,0.06460478673943103
0,0,0.10939891687336518
0,0,6.43372293729632e-05
0,0,0.15073334836109656
0,0,0.24985344050489344
1,0,0.18871105985403822
0,0,0.14577029175624848
0,0,0.1545137860296268
1,0,0.11135772514675922
0,0,0.07690764985559373
0,0,0.1138717547029408
0,0,5.737631573113739e-05
0,0,0.06161753410923584
0,0,0.17229244934465832
0,0,0.06410492228683405
0,0,0.03573851961782309
0,0,0.23023959860290985
0,0,0.07965605505525733
0,0,0.035409354002712695
0,0,0.08132340193325893
0,0,0.07190001718751522
0,0,0.09065340185416415
0,0,0.04077277357161091
1,0,0.05471374628174299
0,0,0.3911412712270077
0,0,0.09618180167882583
0,0,0.050097897647375496
0,0,0.12098798544265961
0,0,0.15551576490707442
0,0,0.16600367744116434
0,0,0.044694854661729566
1,0,0.11480868348018071
0,0,0.16959401090585194
0,0,0.046618639054548584
0,0,0.21388103929459296
0,0,0.032790749276907824
0,0,0.09485270066157041
0,0,0.08976640044622024
0,0,0.1453544929892732
1,1,0.5145163830375422
1,0,0.09999729068508256
0,0,0.07148360368793387
1,0,0.18060962042736994
0,0,0.06198631717753159
0,0,0.14647494967925082
0,0,0.09030054046888135
0,0,0.1517434393823052
0,0,0.11467492047951376
0,0,0.09656078649762086
0,0,0.031313486115540655
0,0,0.0573357619578807
0,0,0.10818342077682487
0,0,0.135356566258691
0,0,0.19124758475898518
0,0,0.030257453195040734
0,0,0.010151342807104677
0,0,8.201717448291152e-05
1,0,0.17629784249800953
1,0,0.2298474953063618
0,0,0.07022887389446457
0,0,0.08140166902515084
0,0,0.12776166910663977
1,0,0.17502742811362867
0,0,0.07872296084078056
0,0,0.047382608106766644
0,0,0.023658391969116333
0,0,0.08313915120397317
0,0,0.119643414817694
0,0,0.07418003050895802
0,0,0.10784909274446997
0,0,0.09565065201059529
0,0,0.11211159831146682
0,0,0.07740402991874965
1,0,0.07482433847362528
0,0,0.08204157715361315
0,0,4.524451977661844e-05
0,0,0.11953674193635826
1,0,0.09186321778550183
0,0,0.140780976803805
0,0,0.14706152637245282
0,0,0.017632997933834764
0,0,0.07615289768072474
0,0,0.06400596452751842
0,0,0.06693673521885216
0,0,0.24367344874214683
0,0,0.1563719608377121
0,0,0.10395221244704533
0,0,0.18572716950144127
0,0,0.17973838881020449
0,0,6.098312664765591e-05
0,0,0.10918203544190475
1,0,0.3531772903944376
0,0,0.07107189260457589
0,0,0.06709467705077726
0,0,0.11406746840712383
0,0,0.15207886192374329
0,0,0.08023224174003377
1,0,0.1105740018149769
0,0,0.11741785927432698
0,0,0.21724535731781258
0,0,0.08749846182951947
0,0,0.1896330638801135
1,0,0.07405564495440675
0,0,0.06801172952244122
0,0,0.09357667781926203
0,0,0.04685012384512285
0,0,0.0004631137074078157
0,0,0.06760830296769504
0,0,0.06107852896555839
0,0,0.05207910729597441
0,0,0.13892926588392093
0,0,0.36903735612900834
0,0,0.1614842894700085
0,0,0.0685589600783828
0,0,0.1557100485589359
0,0,0.1154020389662253
1,0,0.15035204361259674
0,0,0.05670394647404237
0,0,0.12796529650018423
0,0,2.8493723565684975e-05
0,0,0.04563067301098134
0,0,0.06368556952798635
0,0,0.018515766026733858
0,0,0.06379306336014744
0,0,0.10723823948299017
0,0,0.10900221691326693
0,0,0.01299823259578416
0,0,0.0834824381438507
0,0,0.19093118760272812
0,0,0.10597293567109382
1,0,0.21944558122077357
0,0,0.1276224781153906
0,0,0.07954300523633755
0,0,0.11454481544139375
1,0,0.17127835719945889
0,0,0.07083987910147059
0,0,0.10988243183852463
0,0,0.19655837985269664
1,0,0.2562146101099794
0,0,0.11179060778486123
0,0,0.09384587110168248
0,0,0.14207965983152498
0,0,0.08713751842862322
0,0,0.08243665308331075
0,0,0.17347021410958963
0,0,0.09143583514398516
1,0,0.14776450696849797
0,0,0.09789137031240049
0,0,0.1370017770276115
0,0,0.07481172469103872
0,0,0.00021465605672326665
0,0,0.09406756682993321
0,0,0.3021061302314793
0,0,0.08378441338388955
0,0,0.15461569155807312
1,0,0.2888538393674932
0,0,0.04626029729903504
0,0,0.040503383593323866
0,0,0.13162173332669527
0,0,0.034443211502098725
0,0,0.0013392213439365952
0,0,0.07142611643011751
1,0,0.353377642825785
0,0,0.09926490667617778
0,0,0.22032596673026975
1,0,0.19371329905075965
0,0,0.07604523610322174
1,0,0.06907370746355938
0,0,0.06415443059375313
0,0,0.03651071364269135
0,0,0.1266087138682343
0,0,0.12077496821974608
0,0,0.16341742451825592
0,0,0.08626862331980754
0,0,0.11628261800634762
1,0,0.05228113577218669
0,0,0.12223237748798933
1,0,0.07121920045798716
0,0,0.10202280350230819
0,0,0.10335920164458366
0,0,0.3393265070012744
0,0,0.4556392880713512
0,0,1.2120362990445777e-05
0,0,0.18894827769619205
0,0,0.11849062285572905
0,0,0.05075104883358495
0,0,0.14449547563948298
0,0,0.3370856825335086
0,0,0.16242363702907886
0,0,0.09476647345076124
0,0,0.077509342036613
0,0,0.1018318355396691
0,0,0.032614148699479546
0,0,0.10265586582451033
0,0,0.08222503634649417
0,0,0.11353244058268222
1,0,0.05968858422795052
0,0,0.07595216156450464
0,0,0.02210975771044529
0,0,0.07716290777677438
0,0,0.039102932537533434
0,0,0.00010244433491114322
0,0,0.03656706483464922
0,0,0.0858643214532695
0,0,0.21877748658633478
0,0,0.029073775608928067
0,0,0.10871467362661953
0,0,0.05291456457698766
0,0,0.12563924645342225
0,0,0.11394115055728578
1,0,0.057517951453573066
1,1,0.7790484121766583
0,0,0.22966698203897742
0,0,0.08307204872402776
1,0,0.14488898020996147
0,0,0.1253026399151886
0,0,0.1656686702519519
0,0,0.06984131148816476
0,0,0.0390766948379481
0,0,0.07633237990616522
0,0,0.0691910749303529
0,0,0.09763873123878226
0,0,0.07635499503157923
0,0,0.02487303192364879
0,0,0.1171143790290048
0,0,0.08836218623203775
0,0,0.00016615400535923582
0,0,0.07433502966609215
0,0,0.07198349018937318
0,0,0.07880318195328975
0,0,0.11347511282822285
0,0,0.0014644960722009954
0,0,0.10575990377149189
0,0,0.1057651276897742
0,0,0.09956836562615447
1,0,0.27581624790920584
0,0,0.05531284096644974
1,0,0.04743530689986396
0,0,0.09025803599948318
0,0,0.10607239916223545
0,0,0.09997392426123146
1,0,0.32913637452360445
0,0,0.09548151022121264
0,0,8.984461235657319e-05
0,0,0.0823377287687189
0,0,0.06563388448031966
0,0,0.0405021159866341
0,0,0.17607409646700575
0,0,0.04783437888647179
0,0,0.09678247585341701
0,0,0.07807623674207627
0,0,0.19933575667012401
0,0,0.07359590319496999
0,0,0.09948979418581733
1,0,0.20124039795000404
0,0,0.19575460461492955
0,0,5.6944102464023224e-05
0,0,0.10176389960585698
0,0,0.09284957300791824
0,0,0.036404902876746026
0,0,0.1371023634606602
0,0,0.08260207685672841
0,0,0.12813440374055363
0,0,0.08673563445792258
0,0,0.06244704765771954
1,0,0.00017452703092376038
0,1,0.5259321867223526
0,0,0.20194459121320638
0,0,0.07493456813568418
0,0,5.5032800307158845e-05
0,0,0.08590388863867408
1,0,0.06933857995243974
0,0,0.06207248038874616
0,0,0.0663817522277682
0,0,0.07578063710774832
0,0,0.07867876240032487
0,0,0.06228130488330691
0,0,0.06640173808941957
0,0,0.07411716313406204
0,0,0.09192193124870514
0,0,0.2279301993389321
0,0,0.11158614924311246
0,0,0.10469202456135203
0,0,0.11080617649380561
0,0,0.12875842649206964
0,0,0.11851742883596769
0,0,0.1369354154957085
0,0,5.683399634969838e-05
1,0,0.23336274718506322
0,0,0.05554191687074662
0,0,0.19194287738861712
0,0,0.10762270831426252
0,0,0.1467223965556811
0,0,0.07727274289215788
0,0,0.2048538025834067
0,0,0.11207207558357636
1,0,0.07139848828349807
0,0,0.11971780155837658
0,0,0.11719308604301669
0,0,0.16439038632153297
0,0,5.061864151876069e-05
0,0,0.05471762314785385
0,0,0.061551812918862255
0,0,0.18785889045267126
0,0,0.05515744012980352
0,0,0.07771916558235467
0,0,0.13215003756806687
0,0,0.1679885251316372
0,0,0.15222092841474713
0,0,0.08613062082793776
0,0,0.05967480670510107
0,0,0.11331890587760278
1,0,0.08774632805990701
0,0,0.05140090787722438
0,0,0.16375800229476767
1,0,0.14014024250506768
0,0,0.11182935474960391
0,0,0.2673211661532648
0,0,0.17613194428322415
0,0,0.10084345991348766
0,0,0.028286738440989542
0,0,0.10353872557324004
0,0,0.1536978531149285
0,0,0.0573203223575115
0,0,0.12762816355624243
0,0,0.06154285177698823
1,0,0.2763791036246922
0,0,0.17379568350379537
0,0,0.12351964530669417
0,0,0.10634939008160527
0,0,0.08180330502993398
0,0,0.13234393002810488
1,0,0.12680186751973205
0,0,0.08003006916512033
0,0,0.17638061348074935
0,0,0.07196419608040684
0,0,0.16457900795423888
0,0,0.07981181082175477
0,0,0.08539742842291621
0,0,0.18004629952382636
0,0,0.08348997456074075
0,0,0.22868981067075053
0,0,0.1558246867155938
0,0,0.05292824790130911
0,0,0.08295096681537902
0,0,0.20023731435433453
0,0,0.1660786429850663
0,0,0.06281713103297971
0,0,0.08521576388983884
0,0,0.053338822098620994
0,0,0.12475559518455216
0,0,0.05557523955062973
0,0,0.19442880057182468
0,0,0.09072965619780766
0,0,0.15509652319141398
0,0,0.03778483112843476
0,0,0.12660801929047866
0,0,0.04202179022691875
0,0,0.22406350388190163
1,0,0.03649575597282075
0,0,0.07295958116312325
0,0,0.1296181528074833
0,0,0.08569035551766128
0,0,0.07045060252711544
0,0,0.08758410224844208
0,0,0.06924278696014982
0,0,0.06118154359605286
0,0,0.12380386781515912
0,0,0.15976050796601102
0,0,0.08106645306254219
0,0,0.0636738150175048
0,0,0.07925964448422479
0,0,0.09341307818706494
0,0,0.20405853784843828
0,0,0.08725449073297194
0,0,0.04402429952178484
0,0,0.159274868277052
0,0,0.2352394678005812
0,0,0.07517603759950663
0,0,0.0848497281935938
0,0,0.12737032899200826
1,0,0.0489261629270005
0,0,0.17505881130650594
0,0,0.14487179342858353
1,0,0.11707088992155296
0,0,0.1906143122304839
0,0,0.10654715698988072
0,0,0.06750661681757346
0,0,0.00010415745239440247
0,0,0.06653610928074023
0,0,0.05177466140885068
0,0,0.00011375056977203739
0,0,0.07114074537897755
0,0,0.07469247402696719
0,0,0.06517864940795828
0,0,0.17714843325580854
0,0,0.1122139991137761
0,0,0.10226252589344817
1,0,0.041661104070046806
0,0,0.05854941713630335
0,0,0.10852550423269582
0,0,0.10593854845207366
0,0,0.10081155941554705
0,0,0.12725485402073083
0,0,0.08821791329536072
1,0,0.09775909503052564
0,0,0.07324681846688294
0,0,0.02779935919326598
1,0,0.19391416927748276
0,0,0.12710417634929
0,0,0.14730341121613513
0,0,0.1143823973009468
0,0,0.06368540432144039
0,0,0.11603553576369574
0,0,0.14291773535717325
0,0,0.07884632372945348
0,0,0.03532743699834307
0,0,0.04356680941379254
0,0,0.10106494855747844
0,0,0.08664490467744969
0,0,0.0392971625112578
0,0,0.1475830495437584
0,0,0.07487466329783372
0,0,0.21601121867970294
0,0,0.15381443332024655
0,0,0.0705646807027202
0,0,0.03925209359845132
0,0,0.24528624012186093
0,0,0.07155591988591453
0,0,0.05713388809005956
0,0,0.11531157398399135
0,0,0.0644703082469412
0,0,0.11273489601057735
0,0,0.04133517974741744
0,0,0.08254927684463564
0,0,0.1303418946541959
0,0,0.1303844474457232
0,0,0.11779586945223114
0,0,0.1626580417880748
0,0,0.1143298503320596
0,0,0.27586289429601424
0,0,0.11209987742984152
1,0,0.26470283747446827
0,0,0.1520656659526273
0,0,0.07638904961514989
1,0,0.064324091374938
0,0,2.8515011051121946e-05
0,0,0.05788801531555575
0,0,0.2064974466138998
0,0,0.1190623277891235
0,0,0.11641736354621411
0,0,0.03341427300344969
0,0,0.06835441737479178
0,0,0.15309466172374406
0,0,2.951223745769937e-05
0,0,0.10678609321950294
1,0,0.3895355247160027
0,0,0.060759514261181057
1,0,0.04907929402588823
0,0,0.04631644145800277
0,0,0.0858306663639168
0,0,0.07875686342302288
1,0,0.1769187408487666
0,0,0.07826516566689459
0,0,0.09008432522142519
0,0,0.13346600897230326
0,0,0.07225338495334963
0,0,0.031163207086931596
0,0,0.07237683713255781
0,0,0.13413886616136014
0,0,0.1482740114202641
1,0,0.04483568368309291
0,0,0.07225335788570214
0,0,0.06766223083116513
0,0,0.04037541492546026
0,0,2.3564602952626375e-05
1,0,0.2370874790826467
0,0,0.21197744854700773
0,0,0.07763483409394215
0,0,0.1333647424206922
0,0,0.060218171063825786
0,0,0.2634648173775851
0,0,0.1114038287800184
0,0,0.13918357347904772
0,0,0.41112908119379216
0,0,0.11806546591647804
0,0,0.07539960869146348
0,0,0.08766003589724736
0,0,0.07260409051735926
0,0,0.11149373360630813
0,0,0.06351399607180583
0,0,0.05707589300033961
0,0,0.07531364606178703
0,0,0.12057675286188395
0,0,0.047283435379149516
0,0,0.0675155341732929
0,0,0.07436713900365703
0,0,0.17927068350355213
0,0,0.04654503181738965
0,0,0.19184265619839483
1,0,0.05698413474104765
0,0,0.07218954974479162
0,0,0.05804396102633737
0,0,0.08111425871186573
0,0,0.052909327141659246
0,0,0.07692964789996266
0,0,0.07085283377143851
0,0,0.1052953366764813
0,0,0.1393556696973142
0,0,0.08857809008175857
0,0,0.08990876835535139
0,0,0.22487146396979293
0,0,0.0696883080817526
0,0,0.06213567067652888
0,0,0.09666791060228729
0,0,0.05477860029728243
0,0,0.1375354830384798
0,0,0.00011219868824703426
0,0,0.12938566607209784
1,0,0.22695696907562368
0,0,0.18708827414948134
0,0,0.14654205806352855
0,0,0.20816428665231693
1,0,0.09022076075997705
0,0,0.05233265962066027
0,0,0.053264080114257706
0,0,0.03174259231621058
0,0,0.19040031920291844
0,0,0.035188655070970604
0,0,0.1352815393722832
0,0,0.05638380377845632
0,0,0.07382202315885125
0,0,0.03641475535795622
0,0,0.07459488416839125
0,0,0.0837944388212193
0,0,0.022591632132714555
0,0,0.06484036617757966
0,0,9.101617008254581e-06
0,0,0.08238897984129047
0,0,0.13749953368600756
0,0,0.07369326500170145
0,0,0.19821845702598864
0,0,0.0965702377460497
0,0,0.08223596816353347
0,0,0.17922425687716984
0,0,0.07055535963173727
0,0,0.09285440749180791
0,0,0.13975128905661477
0,0,0.13271497515430072
0,0,0.05184374817339838
0,0,0.07582688745213802
0,0,0.07960682453611659
0,0,0.37846217694529066
0,0,7.739467930121798e-05
0,0,0.07940306131159519
0,0,0.28881730012965806
0,0,0.12434653218618154
0,0,0.07809612386489975
0,0,0.17614348058552276
0,0,0.06960482217983567
0,0,0.08492663296494896
0,0,0.04062134726157675
0,0,0.11562726347458624
0,0,0.06081968166578268
0,0,0.1323069500106523
1,0,0.16414975878326654
1,0,0.13230243393417632
0,0,0.08022499040898429
1,0,0.09607252598053576
0,0,0.10525425976080277
0,0,0.14377522270007256
0,0,0.08705060619281628
0,0,0.09202869554978937
0,0,0.09695729323080107
0,0,0.08978412162115659
0,0,4.462934300145409e-05
0,0,0.15723086736871789
0,0,0.17516572357052584
0,0,9.098832506301061e-05
0,0,0.07313335605635987
0,0,0.0920767165400839
0,0,0.05654426851249103
0,0,0.059657290091143844
0,0,0.14047727681167949
0,0,0.06727171243234377
1,0,0.12556517420460558
1,0,0.45242420350366525
0,0,0.09649245979832459
1,0,0.1076042134971992
0,0,0.18437471079879614
1,0,0.10744266046171069
0,0,0.056802408019839365
1,0,0.13311410136085397
0,0,0.0688418667096082
0,0,0.15029480910113152
0,0,0.24413363083858583
0,0,0.09896517069423137
0,0,0.07728895722039221
0,0,0.048855155654458776
0,0,0.09049552557208597
1,0,0.4112593433513329
0,0,0.024013615700151078
0,0,0.12645615842753294
0,0,0.15990808892608832
0,0,2.984138036789573e-07
0,0,0.06935943709107581
0,0,0.10222749622983911
0,0,0.06022378626954068
0,0,0.1056403140438918
1,0,0.10906270947309232
1,0,0.0396505800150662
0,0,0.054852603873594884
0,0,0.03217860817804754
0,0,0.09909457076336167
0,0,3.45497477692082e-05
0,0,0.11570032924136235
0,0,0.08627212737380599
0,0,0.09229242458560288
0,0,0.06907879400506435
0,0,0.06759069983668037
0,0,0.09434170723707531
0,0,0.11806053427751809
0,0,0.09214002818612062
0,0,0.07496561040187345
0,0,0.06534945135419275
0,0,0.05161806480325277
0,0,0.043139799002587936
0,0,0.03723000780178189
0,0,0.1260452181788023
0,0,0.21243294534275037
0,0,0.10051751035269475
0,0,0.18908035046071683
1,0,0.08926986056880601
1,0,0.1141512681352429
0,0,0.1619606379066153
0,0,0.08687700013838202
0,0,0.0989957643670347
0,0,0.11656255785755365
0,0,0.0760635672294378
0,0,0.2085685526402536
0,0,0.1426241060322832
0,0,0.05664268491580238
1,0,0.19177641933055076
0,0,0.11849432604286951
0,0,0.09640040685708795
0,0,0.09745235138290922
0,0,0.081127592628564
0,0,0.08498531511201889
0,0,0.18135796495723408
0,1,0.8328686293434525
0,0,0.11735047292368923
0,0,0.040226554580863154
0,0,0.12191988821650385
0,0,0.12202733334580611
0,0,0.10127398292310408
0,0,0.21658423491194356
0,0,0.18474150064105122
0,0,0.05931343027004962
0,0,0.16446250584708827
0,0,0.050871361607613845
0,0,0.1093066121960356
0,0,0.07767264511440447
0,0,0.2776840897676832
0,0,0.14476956142631428
0,0,0.14995529805001112
0,0,0.1124131635707315
0,0,0.07844820288791195
0,0,0.05767840137902683
0,0,0.05402386745433396
0,0,0.06312766240202321
0,0,0.06367443037760112
1,0,0.08514486256605762
0,0,0.1568310534054821
0,0,0.08303258950489717
1,0,0.05007751499499661
0,0,0.00014938050575529882
1,0,0.07905639182339588
0,0,0.0812207568756002
0,0,0.05320600676808335
0,0,0.0002166930487818608
0,0,0.06117615298286731
0,0,0.1403623883869904
0,0,0.12461765990626761
0,0,0.11515807975376995
0,0,0.1212320883630653
0,0,0.10155844937007034
1,0,0.10090352903713898
0,0,0.14582816267022858
0,0,0.09352942112437826
0,0,0.05604420419246315
0,0,0.18776445242719486
0,0,0.09356854497997544
0,0,0.18783892411338243
0,0,0.1648694993926475
0,0,0.04527552527810533
0,0,0.10257107850028478
0,0,0.07223868250171127
0,0,0.1732106602456482
0,0,0.07016274273310805
0,0,0.007308486763974389
1,0,0.2992660977652927
0,0,0.06968257492268322
0,0,0.044207030729465455
0,0,0.07725767268118403
0,0,0.08248417002448158
0,0,0.06004946411646004
1,1,0.8082100479450056
0,0,4.440137784444291e-05
0,0,0.11181354139058142
0,0,0.00042326039717198726
0,0,0.0667840022533971
0,0,0.0564579436181612
0,0,0.08200866063056499
0,0,0.14794940843090515
0,0,0.08400391467980527
0,0,0.10395922358345128
0,0,0.09463625943185915
0,0,0.39553160304492896
0,0,0.238498264770283
0,0,0.08364841797719923
0,0,0.05013304658964248
0,0,0.07336234632087706
0,0,0.06611574740237496
0,0,0.1155487776590765
0,0,0.14593915012939065
0,0,0.05703671754066736
1,0,0.14640850564961758
0,0,0.08885712099836367
1,0,0.034196731481608074
0,0,0.08763867623452015
0,0,0.10073260978399114
0,0,0.05680347215495687
0,0,0.04353300052171274
0,0,0.09906027511673177
0,0,0.08695452491159415
0,0,0.06683496458231382
0,0,4.331670503661457e-05
0,0,0.05743301040678317
0,0,0.2313968344245184
0,0,5.304589255987864e-05
0,0,0.07434358462918865
0,0,0.10350615161702374
0,0,0.19800198694924195
0,0,0.07383523040230781
0,0,0.132063667757937
0,0,0.0811624782769189
0,0,0.07741315878540367
0,0,0.07468729213783935
1,0,0.16371319234401638
0,0,0.19166205602504813
0,0,0.09681151908253956
0,0,0.08166452730456907
0,0,0.17307816966150188
0,0,0.20320708384511607
0,0,0.08837502382301339
0,0,0.07584233063062452
1,0,0.27585776778084825
0,0,0.19746888206039856
0,0,0.2592299872138832
0,0,0.07402960439303921
0,0,0.05170395671259002
0,0,0.13828114988104656
0,0,0.09556869579936952
0,0,0.048134977808246125
0,0,0.12242715252390715
0,0,0.06583083798680547
0,0,0.03645789821766473
0,0,0.149168132741562
0,0,0.04614125409051602
0,0,7.068572224006044e-09
0,0,0.06308561786120506
1,0,0.20061037730736128
1,0,0.10218337393518878
0,0,0.1286248458118741
0,0,2.6811456772674837e-05
0,0,0.06597217158980469
0,0,5.2325143666410994e-05
0,0,0.15175445238974625
1,0,0.06688335236068611
0,0,0.06442588013132565
0,0,0.14924748350499142
1,0,0.2324131722982646
0,0,0.15102093770108058
0,0,0.17819576538736237
0,0,0.10308162187363433
0,0,0.07643573155502745
0,0,0.08905004952886211
0,0,0.103086840153554
0,0,0.3054072857878989
0,0,0.09774283212522493
0,0,0.10306590686480152
0,0,0.10727194262477678
0,0,0.0763309037671798
0,0,0.08846616468147278
0,0,0.15665528940467893
1,0,0.13468167733776523
0,0,0.05560216413448832
0,0,0.09381707162094664
0,0,0.06757393492896942
0,0,0.07753171221535812
0,0,0.05749141383075224
0,0,0.040529063074815685
0,0,0.12437571930172331
0,0,0.12203625165403524
0,0,0.051771216894725115
0,0,0.20912586255704058
1,0,0.21566025376455186
0,0,0.10012972135311629
0,0,0.1446197337690059
0,0,0.09269433007793748
0,0,4.353432098149419e-05
1,0,0.06639972857696383
0,0,0.10872947282355974
0,0,0.03244889728531707
1,0,0.14699610309163408
0,0,0.056673161021124296
0,0,0.1938921362444051
0,0,0.1367429812298514
0,0,0.10131903674623868
0,0,0.05991930772564999
0,0,0.1867261541433846
0,0,0.07546784185798093
0,0,0.07507581399919808
0,0,0.12216929575440176
0,0,0.08744383761636769
0,0,0.09225890040253618
0,0,0.12089470740038127
0,0,0.07557730669611737
0,0,0.08263342418342949
0,0,0.14059129982227858
1,1,0.7735492631667151
0,0,0.07805798739728181
0,0,0.03610720371618852
0,0,0.14289566308158408
0,0,0.12228087294667225
0,0,0.03704123788501211
0,0,0.11197544546546326
0,0,0.1427115198584677
0,0,0.21110580279190078
1,0,0.07139749678952863
0,0,0.18246157551654923
0,0,0.13653916161539847
0,0,0.1673959431070867
0,0,0.06636176283574759
0,0,0.09195917736714444
0,0,0.1252482176240715
0,0,0.19482496106598685
0,0,0.09103819595094985
0,0,0.06948775626651775
0,0,0.06610626257715112
0,0,0.07150128850351262
0,0,0.06638352730261918
1,0,0.47560837951077584
0,0,0.12352082368504883
0,0,0.21966614128172146
0,0,0.13467935542933132
0,0,0.00010027082778284924
0,0,0.17563351469857869
0,0,0.1752286018464428
0,0,0.06304486933118056
0,0,5.317978491039266e-05
0,0,0.1035421636936572
0,0,0.08781631443841412
0,0,0.11837083014556868
0,0,0.13147293586930942
0,1,0.6006758266675789
0,0,0.17528709739898185
0,0,0.08190975670579946
1,0,0.053996533519725214
0,0,0.06148323966033826
0,0,0.09463779869426668
0,0,0.04882132522118479
0,0,0.09006643509054957
0,0,0.0768225314459086
0,0,0.10812857446879826
0,0,0.05390081968020599
1,0,0.145456248292758
0,0,0.07462924882568323
0,0,0.2296601090656202
0,0,0.043358494690825505
0,0,0.0659254019041076
0,0,0.06279733470202062
0,0,0.3656148444472369
0,0,0.18505652377804552
0,0,0.22354829871173465
0,0,0.14650254370806995
0,0,0.11388729690981829
0,0,0.09574497143301176
1,0,0.2212261341654607
0,0,6.496858263677164e-05
1,0,0.2080838926824336
0,0,0.12044580062394329
1,0,0.14823827289261235
0,0,0.08710239435089594
1,0,0.08046799399951053
0,0,0.08579120756197897
0,0,0.0928031879533297
0,0,0.14645640817701833
0,0,2.748668008077415e-05
1,0,0.13327877094956067
1,0,0.3767362381801244
0,0,0.11874275521452217
0,0,0.11875738044896525
1,0,0.19057962635861203
0,0,0.05301269818425732
0,0,0.055910843068564336
0,0,5.0189973197352644e-05
1,0,0.047885043602732415
0,0,0.06545694521919042
0,0,0.2912556066500888
0,0,0.06882484239286324
0,0,0.07812558350221463
0,0,0.05694609807381004
1,0,0.134490966794201
0,0,0.049240299786693996
1,0,0.1255676325465118
1,0,0.08219931300654144
0,0,0.01586641200989336
0,0,0.11843704052060709
0,0,0.08625512999843264
1,0,0.0834322328725534
0,0,0.21590871338046377
0,0,0.07323050417949736
0,0,0.02978000471492331
0,0,0.08902185442890119
0,0,0.2845407340590682
0,0,0.09427905266784532
0,0,0.09573747421388491
1,0,0.05989867145729946
0,0,0.06885688600643224
0,0,0.07033059764722288
1,0,0.10661527839688498
0,0,0.1032308415026507
0,0,0.16777129624190598
0,0,0.11085241380864029
0,0,0.06823733493750507
0,0,0.15465899909135863
0,0,0.12467041823745499
0,0,0.09463497576624331
0,0,0.061919951263911116
0,0,0.07891420647974853
0,0,0.15505428781617894
0,0,0.06880039037275197
0,0,0.16598075803355175
1,0,0.2273490479349653
0,0,0.046318841042670963
0,0,0.08224557644493342
0,0,0.06941362210532895
0,0,0.049630501306420244
0,0,0.1619642859419372
0,0,0.05547558237951628
0,0,0.12681159631124414
0,0,0.12457498758015899
0,0,0.20840996599470715
0,0,0.13502698202884378
0,0,0.0300587619738765
0,0,0.06050347622324412
0,0,0.10001597346280593
0,0,0.04874903278299277
0,0,0.07963388513795526
0,0,0.16540660480421876
0,0,0.07943381125015704
0,0,0.06369485437316676
1,0,0.13757383304544393
0,0,0.11872382323060883
0,0,0.0898671236069501
1,0,0.11907193932907217
0,0,0.12070198760228402
1,0,0.012924025056995744
0,0,0.06122192322750817
0,0,0.1013443795669293
0,0,0.00013012947633153938
0,0,0.10892894449366966
0,0,0.14063825103597172
0,0,0.09950524052165824
1,0,0.07114424459001142
0,0,0.0579679514670851
0,0,0.16950887969069756
0,0,0.1456423629192818
1,0,0.11860983564332177
0,0,0.14266574694320383
0,0,0.1174350507143858
1,0,0.19277591130817148
0,0,0.04689145408383727
0,0,0.05163301491330054
0,0,0.04562828011487579
0,0,0.13199483710440568
0,0,0.1312619567580374
0,0,0.16899109901316695
0,0,0.3878214847984454
0,0,0.08720909732984104
1,0,0.14281631890030935
0,0,0.10185750251362988
0,0,0.1381308905696254
0,0,0.11018806756485575
0,0,0.1097936487076567
0,0,0.14128912432609395
0,0,0.10025529475856428
1,0,7.774602161968358e-05
0,0,0.06443763049926642
0,0,0.23175063390280023
0,0,4.327191362450993e-06
0,0,0.1494219199019248
0,0,0.12372545874115647
0,0,0.03172236254284112
0,0,0.12593108765862307
0,0,0.12185405715091728
0,0,0.23500058520455713
0,0,0.14069205075134336
0,0,0.031469286044810994
0,0,0.15932551995356703
0,0,0.11192851504725616
0,0,0.11548522721648974
0,0,0.13273952558127922
0,0,0.08129518255046489
0,0,0.1434820113781941
0,0,0.08585558249132372
0,0,0.08051182854749998
1,0,0.17806164510421746
0,0,0.10265025332523192
0,0,0.12995974123067808
0,0,0.06732723683266698
0,0,0.08025217081175041
0,0,0.07265017136054559
0,0,0.13650718000841278
0,0,0.04989674680172432
1,0,0.21425349004199196
0,0,0.03644200896892871
1,0,0.04986916846179597
0,0,0.08914009396386824
0,0,0.06947749100159717
0,0,0.07650315562328347
0,0,0.130016513339117
0,0,0.0972748535363973
0,0,0.00034815934212500813
0,0,0.08211508290763592
0,0,1.2880120846653919e-05
0,0,0.020104432501137384
0,0,0.02300538966922257
0,0,0.10581766321302111
0,0,0.1363606705672441
1,0,0.132544548583491
0,0,0.07091528194218485
0,0,0.16822942372010755
0,0,0.05261786880819538
0,0,0.1405339918508344
0,0,0.04258576843167876
0,0,0.08404203102669737
0,0,0.0848669619660493
0,0,0.2228031548392086
0,0,0.1426210262460519
0,0,0.08713286131593435
0,0,0.09773924834667819
0,0,0.07256183507385268
0,0,0.1659603104269211
0,0,0.17627072755199905
0,0,0.10285786509394762
0,0,0.09128764588399088
0,0,0.10554705411247042
0,0,0.1065760335374397
0,0,0.10133505529157115
0,0,0.06776397704370342
0,0,0.11961597698673825
0,0,0.10438904508013956
0,0,0.11004683001166721
0,0,0.11283148367154182
0,0,0.0570850183662716
0,0,0.13090862406211995
0,0,0.12012991815714055
0,0,0.10270426197308156
0,0,0.1436304134618494
0,0,3.743552107581171e-05
0,0,0.06578423217278796
0,0,0.04374090580145109
0,0,0.22879482090492606
0,0,0.06235859063217104
0,0,0.11571971604110502
0,0,0.3614192497561059
0,0,0.14531802248948825
0,0,0.13862995335293216
0,0,0.21971117323664932
0,0,0.031952626005123864
0,0,0.10668296666426388
0,0,0.04722073245531758
0,0,0.07414873819234058
0,0,0.10983089958161116
0,0,0.12463339564730244
0,0,0.11661739032807321
0,0,0.040216496960325934
0,0,0.17999401541214388
0,0,0.018879027220507695
0,0,0.055714009903744595
0,0,0.252107609507258
0,0,0.07596272353325433
0,0,0.08140217660938275
1,0,0.07502052537173984
0,0,0.0768356608822658
0,0,0.058485552960893736
0,0,0.06749515464224937
0,0,0.13000434227681476
0,0,0.10400287232544446
0,0,0.12965661525483782
0,1,0.6651193551509554
0,0,0.07471011605052212
0,0,0.15298443264827877
1,0,0.15825762881995664
0,0,0.04239193511425032
0,0,0.06768393375462518
0,0,0.06012817993288499
0,0,0.15095182759736828
0,0,0.06480692226175862
0,0,0.11407465802014431
0,0,0.08191062209806417
1,0,0.15647638263921645
0,0,0.07634216778719735
0,0,0.08337833832477196
0,0,0.07126112787475276
0,0,0.09363550026106948
0,0,0.0001689110549891807
0,0,0.01367936773156814
0,0,0.14650995882962156
0,0,0.15979294048976678
1,0,0.1731952199128009
0,0,0.06876983174827798
0,0,0.06064015176452996
1,0,0.10673530485082751
0,0,0.26422140972190267
0,0,0.07617063667393055
0,0,0.04587329842746825
0,0,0.09253609009996493
0,0,0.0896479548547845
0,0,0.0909347001553362
0,0,0.09332412448290656
0,0,9.175024862705421e-05
0,0,0.10988805044644742
0,0,0.00017423267427471594
0,0,0.08909985640733281
0,0,0.04250407441043532
0,0,0.14202081952795995
0,0,0.12229289912107012
0,1,0.7931783397582836
0,0,0.13319691832331898
1,0,0.2359358606198412
0,0,0.06033111154073164
0,0,0.10694217876871652
0,0,0.09636914795029519
0,0,0.19943360709732139
1,0,0.0425424268027469
0,0,0.08722362946927946
0,0,0.17029398636577353
0,0,0.1242936161038217
0,0,0.21106549206019085
1,0,0.14483146397028235
0,0,0.08781984726249577
0,0,0.033467335210560965
0,0,0.19981392871878947
0,0,0.14360735191564003
0,0,0.10237258194239453
0,0,0.01840117340604823
0,0,0.1159973811213845
0,0,0.12741870912467126
0,0,0.11129039403166258
0,0,0.1189927209240515
0,0,0.0695016065831646
0,0,0.02455476397494215
0,0,0.11026411047038609
1,0,0.1717511677207998
0,0,0.1226379497641694
1,0,0.04982745775348008
0,0,0.08112100906368393
0,0,0.21028821340882523
0,0,0.24591954370987693
1,0,0.13657597180939382
0,0,0.00011354369698042585
0,0,0.1004639075337844
0,0,0.0828812959396911
1,0,0.08150342096830117
0,0,0.08485630252708987
0,0,0.007879346270320475
0,0,0.0923028008972101
1,0,0.1264042197422103
0,0,0.14347638290020043
0,0,0.0898312778515576
1,0,0.09193364770183984
0,0,0.08162856650429746
0,0,0.24215481010006815
0,0,0.04765023354207967
0,0,0.09117236613935598
0,0,0.07699493222939516
0,0,0.07163473097351437
1,0,0.170847430962939
0,0,0.14830302064555492
0,0,0.13063155723261194
0,0,0.1729046420242932
0,0,0.08275191192935638
0,0,0.08039796187161752
0,0,0.08918127419984974
0,0,0.10084798326716993
0,0,0.08297890242885082
0,0,0.11346474906263074
0,0,0.03590730370990547
0,0,0.18566224643743046
0,0,0.1226021375887169
0,0,0.12916850628078294
0,0,0.0701918394783026
0,0,0.2095739232629025
0,0,0.1215162385494901
0,0,0.07389287141783205
0,0,0.10522125768109322
0,0,0.07694977988421839
0,0,0.09971583003264346
0,0,0.16265687248461563
0,0,0.10351310073374816
0,0,2.2800717386761776e-05
0,0,0.0724237133982315
0,0,0.07247850659468101
0,0,0.07899729262882924
0,0,0.09527144718841819
0,0,0.16043884533657968
1,0,0.121074031047206
0,0,0.045127611249580125
0,0,0.09501212795876109
0,0,0.049089444259399435
0,0,0.18033890426862434
0,0,0.1941813672974131
0,0,0.10262020065698264
0,0,0.04793555023450706
0,0,0.1825588322751728
0,0,0.1158799593273904
0,0,0.1661608529133565
0,0,0.0597291882697506
0,0,0.06136474244533703
0,0,0.11005487088041502
0,0,0.17762233673587294
0,0,0.1484042732074869
0,0,0.11258453222263715
0,0,0.000148605360437333
0,0,0.00012233190594649338
0,0,0.07332660593984294
1,0,0.14790929346826717
0,0,0.13376703475025334
0,0,0.11751808082533689
0,0,0.08552888769879628
0,0,0.12303338505305675
0,0,0.06859339345401366
0,0,0.04564356298822218
0,0,0.06053406045338975
0,0,0.07015900945141568
0,0,0.05762749387769426
0,0,0.14893312742530437
0,0,0.024193844092261968
0,0,0.05644846918202992
0,0,0.09448511827135245
0,0,0.17560753609971178
0,0,0.0002142258394748286
0,0,0.04791818216764705
0,0,0.1205947804554366
0,0,0.06707092670767698
0,0,0.10277003869035022
0,0,0.05590444925628063
0,0,0.11632373585024129
0,0,0.07351484181289693
0,0,0.11057031412227147
0,0,0.11579049505070545
0,0,0.00010314139126485089
0,0,0.11056540283303569
0,0,0.06007454654444881
0,0,0.09351324253836259
0,0,0.04532491410434124
0,0,0.13619146774148744
0,0,0.05203342289895414
1,0,0.25391274003689557
0,0,0.09041631197585902
0,0,0.10873243609608545
0,0,0.07550492220352052
0,0,0.0713842759568859
0,0,0.09352838840603712
0,0,0.07424092226081572
1,0,0.15254270566639316
0,0,0.15689962485114597
1,0,0.14663510840155042
0,0,0.1175361151568445
1,0,0.14915694684769754
0,0,0.07275358144946296
0,0,0.3710029420156097
0,0,2.1103171437029755e-05
0,0,0.08634531713579316
0,0,0.09123327337612758
0,0,0.056578469888851915
0,0,0.16529272507139278
0,0,0.06731738937850142
0,0,0.08388951684993275
0,0,0.10860291022409813
0,0,0.15493277911268036
0,0,0.09322362886321726
0,0,0.12751765353213296
0,0,0.1277052028211449
1,0,0.08092482100466969
0,0,0.0954008579821213
0,0,0.07136645084305208
0,0,0.10980779198223779
0,0,0.06193716949220154
0,0,0.06459705550712155
0,0,0.06638129363346433
0,0,0.06801065767652097
0,0,0.12725327635687095
1,0,0.11438854841944512
0,0,0.09509355534452789
1,0,0.05544985529396948
0,0,0.05015613171806882
0,0,0.08398383426669734
0,0,4.5692519543880684e-05
0,0,0.1104476593303805
0,0,0.2292032965163401
0,0,0.0709343927602347
0,0,0.10355573015740686
0,0,0.15757877657404903
0,0,0.08556661390770459
0,0,0.1384122164110719
0,0,0.36232707064980824
1,0,0.0019258594666034183
0,0,0.05743868082719128
0,0,0.06903767973278704
0,0,0.00038646412000962023
0,0,0.11819224571285873
0,0,0.020326202849601176
0,0,0.08759598385389387
0,0,0.056317939112823
0,0,0.18921958519185655
0,0,0.00011007758877706726
0,0,0.05998235590240338
0,0,0.0701886669774832
0,0,0.034458359214156006
0,0,0.11860350726460006
0,0,0.11482890153380691
0,0,0.11669393927310977
0,0,0.06303365041394915
0,0,0.16201040225149352
0,0,0.08418991551171043
0,0,6.7293477987349655e-06
0,0,0.043446731503849804
0,0,0.06380838441122844
0,0,0.21474312263748466
0,0,0.07144709919459077
1,0,0.11655144350233662
0,0,0.0637359949207387
0,0,0.19524325950249288
1,0,0.12615553534437
0,0,0.09937363160795928
0,0,0.17280725963670335
0,0,0.0800993776261317
0,0,0.08568390933275434
1,0,0.021793948180071323
0,0,0.07421603649197207
0,0,0.25596129708858306
0,0,0.11126983118439106
0,0,0.10147273193222732
0,0,0.10270612029766815
0,0,0.08526056224290345
0,0,0.1761387148439268
0,0,0.0961876720834578
1,0,0.1309902973302372
0,0,0.10092718380343066
0,0,0.10297953234203745
0,0,0.06487058320106012
0,0,0.08607955471994502
0,0,0.12041130384826716
0,0,0.056742410874378375
0,0,0.15567471069829264
0,0,0.09045738345413265
0,0,0.1676718655364955
0,0,0.05855093821476531
0,0,0.1862173978566261
0,0,0.19884369371780639
0,0,0.19924972206572147
0,0,0.056888793593085664
0,0,0.09966013462807026
0,0,0.11354351227198105
0,0,0.09778846223866583
0,0,0.05723761367528135
0,0,0.001343661086147415
0,0,0.14530380086861583
0,0,0.1083116788834798
0,0,0.14795171291590378
0,0,0.12724991968517732
0,0,0.1362921092175468
0,0,0.07258064552087393
0,0,0.12230635911429093
0,0,0.10898313366953487
0,0,0.05752271967724426
0,0,0.05113744951704843
0,0,0.13122357822839414
0,0,0.10639821531881166
0,0,0.11409989847524557
1,0,0.17579067692074277
0,0,0.1314517997489492
0,0,0.11829057005007997
0,0,0.11417261169375914
0,0,0.08453742093996679
0,0,0.052750676079062274
0,0,0.07531508523660524
0,0,0.05922821006286507
0,0,0.16624869522719993
0,0,0.08676951080046204
0,0,0.05578833010920262
0,0,0.0004359480199275438
0,0,0.06370660177977883
0,0,0.11572686010833128
0,0,0.061403944340160825
1,0,0.13371011654698145
0,0,0.04640976833405602
0,0,0.10156691213493094
0,0,0.1917094108053325
0,0,0.05030447778240655
0,0,0.0657134694640582
0,0,0.11414047258852372
0,0,0.11415606523354241
0,0,0.06249406939759271
1,0,0.1426402504693996
0,0,0.06161432712853418
1,0,0.08644621821008393
0,0,0.057589227368844816
0,0,0.15693426700588742
0,0,0.1188505240796118
0,0,0.06394596957924854
0,0,4.8735706576736804e-05
0,0,0.12374838921596767
0,0,0.2625565340301938
0,0,0.14194087278331396
0,0,0.15385862760402882
0,0,0.04064428506370636
0,0,0.06605833788503022
0,0,0.12584925652719214
0,0,0.10119267863073234
1,0,0.12041645529231058
0,0,0.2732050791041814
1,0,0.07664154055616725
0,0,0.10648483673411621
0,0,0.0732939960060334
1,0,0.05671092230709883
0,0,7.460250078667511e-05
0,0,0.33452362261185165
0,0,0.12646463316853665
0,0,0.085472247228636
0,0,0.056732271697096485
0,0,0.09956753585469054
0,0,0.08509370465536936
0,0,0.09749135005789816
0,0,0.04912930202833826
0,0,0.18604930546668433
0,0,0.02386795631264478
0,0,0.11863595003031872
0,0,0.11479892443584931
0,0,0.24356064027612642
0,0,0.0752932462798624
0,0,0.1260400644855597
0,0,0.45158321537859997
0,0,0.054618131786548604
0,0,0.14903094619601367
0,0,0.10846859470268033
0,0,0.10354769829091678
0,0,0.1127182681051246
1,0,0.15200462798653003
0,0,0.00018189914854656428
0,0,0.07902951459502167
0,0,0.06430853398004234
0,0,0.2909398422609942
0,0,0.0694556834457464
1,0,0.1250997680295052
0,0,0.06075382732208445
0,0,0.11628624536304981
0,0,0.09770940481343293
0,0,0.11848265094317804
0,0,9.812342803009114e-05
0,0,0.11304054246137143
0,0,0.014975292705677701
0,0,0.059605841677354526
1,0,0.17045710614107937
0,0,0.09274011692141984
1,0,0.07090172605668393
0,0,0.06636874419152548
1,0,0.08105972033579038
0,0,0.06551902102368085
1,0,0.28702257123503394
0,0,0.05642160557011089
0,0,0.07918236588666847
0,0,0.2920218709460541
0,0,0.10429367330931305
0,0,0.05481763316670804
1,0,0.1167800378886957
0,0,0.10274962823607663
0,0,0.00022253550285982154
0,0,0.05777281613886337
0,0,0.0325491050639156
1,0,0.3420109465239715
0,0,0.04744199714361128
0,0,0.04173107348975896
1,0,0.21465103837132946
1,0,0.25116423252766734
0,0,0.04987709258302692
0,0,0.11606000561895728
0,0,0.1417999171326811
0,0,0.07119557904264498
0,0,0.08258095691127436
0,0,0.13290711320805845
1,0,0.1786612315429519
1,0,0.054924438509893744
0,0,0.04561300979557475
1,0,0.0463744876029198
0,0,0.13489999711054285
0,0,0.2054968398048428
0,0,0.1408904777399618
0,0,0.0394711098343396
0,0,0.08322802442990494
0,0,0.130610313837654
0,0,0.08710319135255991
0,0,0.049714466991545685
1,0,0.34597218407773206
0,0,0.09223736222191097
0,0,0.07114323896070353
0,0,0.1335381750829541
0,0,0.057650750631147905
0,0,0.0480763253530384
0,0,0.09219096559460024
1,0,0.11956835075945013
1,0,0.2101644042556159
0,0,0.08333352733179869
0,0,0.1533207178966319
0,0,0.05401426083686948
0,0,0.07889573662906398
0,0,0.09692913305724474
0,0,0.0645324186292382
1,0,0.10894686803586465
0,0,0.10904463595277135
0,0,0.0005095379379725533
0,0,0.08051887099729485
0,0,0.05318418905418787
0,0,0.16191691050836415
1,0,0.10569873793202655
0,0,0.017213930983927022
0,0,0.15572203602208867
0,0,0.16535035225325437
0,0,0.13860558028401876
1,0,0.13240777275759577
0,0,0.06246719194371692
0,0,0.0309457582604904
0,0,0.18195143620435275
0,0,0.21593988107570974
0,0,0.07288441345346078
0,0,0.27814695897622577
0,0,0.17912206207364667
0,1,0.6440055654763961
0,0,0.07293505952263765
0,0,0.15488303737660175
0,0,0.0938031258818527
1,0,0.09495256306701357
0,0,0.15369545154085643
0,0,0.07401498350737358
0,0,0.04437889816647291
0,0,0.07493433749747655
0,0,0.07706846349222059
0,0,0.061230269713489625
0,0,0.06634058716591311
0,0,0.08232956941633726
0,0,0.11797731337052356
0,0,0.10679800042017323
0,0,0.08059537840810746
0,0,0.13717461859120186
0,0,0.1834786837505361
1,0,0.21425909537815424
0,0,0.06835402200576048
0,0,0.06942295315236145
0,0,0.061107135031351734
0,0,0.07145324335225299
0,0,0.05025733511951302
1,0,0.17859102968969126
0,0,0.05036294989227346
1,0,0.10238012002852145
1,0,0.4677931689233346
1,0,0.07890056931629337
0,0,0.11565382404300213
0,0,0.0499809265350874
0,0,0.08574762190116711
0,0,0.12506804265649096
0,0,0.17556555687539363
0,0,0.07201482658163386
0,0,4.850731550644623e-05
0,0,0.09570484889436
0,0,0.14197167635466032
0,0,0.15066667682420004
0,0,0.04952778917296901
0,0,0.33174182139480923
0,0,0.10564566130828747
0,0,0.059306140874141
0,0,0.26903546657355454
0,0,0.08037395323087176
0,0,0.15154774789987038
0,0,0.05944450449950836
0,0,0.1287126455115373
0,0,0.04950156150423869
0,0,0.0983682357268679
0,0,0.09285718477294641
0,0,0.26563626511396576
0,0,0.22924969927449299
0,0,0.07023254650684181
0,0,0.0800636359801989
0,0,0.06447497646258891
0,0,0.08216456479913806
0,0,0.1380439937844025
0,0,0.05747695009435101
0,0,0.09273481283258389
0,0,0.05199926260790653
0,0,0.07839092497348989
0,0,0.06394259081543971
0,0,0.053099977303619546
0,0,0.052139907395222104
0,0,0.07870861885761948
1,0,0.1144030590174468
0,0,0.09130042974800025
1,0,0.11458600563495126
0,0,0.10139675875968249
0,0,0.0641060072719883
1,0,0.1191398417091991
0,0,0.07926259635070929
0,0,0.021877436462647722
0,0,0.15554613767011916
0,0,0.46616801413858666
0,0,0.09289029620588704
0,0,0.1414836349361167
0,0,0.04400952959799204
0,0,0.10483890894599464
0,0,0.11209185498335571
1,0,0.08291469379220591
0,0,0.05030880386520693
0,0,0.16952230196424886
0,0,0.11299505642452548
0,0,0.0973775396513193
0,0,0.07342179623335672
1,0,0.1237229338740824
0,0,0.19740941544479967
0,0,0.00015357589875598078
0,0,0.1344653298719706
0,0,0.03898974577486062
0,0,0.11864486494924936
0,0,0.07468674729925727
0,0,0.14397568549355522
0,0,0.15453520798635767
0,0,0.25701879716229753
0,0,0.07812913717066777
0,0,0.0730765886228533
0,0,0.0839693018087415
0,0,0.07184907099085423
1,0,0.10342554357485723
0,0,0.1385449076193357
1,0,0.16652225558237785
1,0,0.12584141452222247
0,0,0.055693733320297666
0,0,0.06199352303037723
0,0,0.06460389735526653
0,1,0.5231884279430358
0,0,0.09470012624184848
0,0,0.042443698395989736
0,0,0.05605541247130802
0,0,0.07917682735747063
0,0,0.08596202910193487
0,0,0.10079867159516095
0,0,0.08784806087575751
0,0,0.11571568999190304
0,0,0.0860535228929913
0,0,0.14336989860160215
0,0,0.06748743465678012
0,0,0.11965665405788797
0,0,0.1944134369962431
0,0,0.10657214732785748
0,0,0.10913468847809796
0,0,0.04303707349366695
0,0,0.0715285360385058
0,0,0.09912054729868063
0,0,0.06657965441948424
0,0,0.12518298703096858
1,0,0.10785358920308276
0,0,0.06503812233902412
0,0,0.10245017936012525
0,0,0.1555349578580278
0,0,0.04878975669951655
1,0,0.2150941298052803
0,0,0.11973829103684293
0,0,0.15964982079747103
0,0,0.10759570966084656
0,0,0.051792654569822905
0,0,0.058857598709760255
0,0,0.07326628987146835
0,0,0.048755285979432926
0,0,0.07544038087615647
0,0,0.06418064621431004
0,0,0.3722478277258456
0,0,0.06558928328730981
0,0,4.448550273290132e-05
1,0,0.18538114971081449
0,0,0.09677663198144087
0,0,0.09239496579816135
0,0,0.07158506497186735
0,0,0.06963422632515577
0,0,0.23207030112379495
0,0,0.07670832647356346
0,0,0.06255927729352587
0,0,0.0916965343601715
0,0,0.06710515694088169
0,0,0.14341825518113235
0,0,0.12657052626038437
0,0,0.19914979885975084
0,0,0.10704921719178725
0,0,0.13410293588325362
0,0,0.12066982685782122
0,0,0.13837602678672034
0,0,0.11586584518526244
0,1,0.5760238297727144
0,0,0.1446882551779467
0,0,0.13627717468963962
0,0,0.14157178723937575
0,0,0.08989560726836529
0,0,0.14040748429058722
0,0,0.11164896574884388
1,0,0.24834306194941158
0,0,0.1258056983776283
0,0,0.1725589589719535
0,0,0.14270352249624868
0,0,5.212962403409289e-05
0,0,0.05895453207820543
0,0,0.20581929908476088
0,0,0.1081379405391355
0,0,0.22147062432602913
1,0,0.00023867717300880037
0,0,0.07190676180378083
0,0,0.16660761168154994
0,0,0.02231970895837124
0,0,0.07636592721921807
0,0,0.14239376638822202
0,0,0.10017647059639129
0,0,0.24153836819855698
0,0,0.13280815672704158
0,0,0.09796909377682522
0,0,0.141844077662082
0,0,0.12749400494658994
0,0,0.07084048700675541
0,0,0.09170026518285952
0,0,0.06435299319690588
0,0,0.11083565464520967
0,0,0.03959379354106961
1,0,0.10160977793754192
0,0,0.12492252879281028
0,0,0.29130155727592866
0,0,0.02229542966044959
0,0,0.06503979273962067
1,0,0.29206850811988366
0,0,0.15865747103864788
0,0,0.06723238068249776
0,0,0.322427567633863
0,0,0.05433933916479828
0,0,0.16935711935025083
0,0,0.08730334146273239
1,0,0.32884508386375005
1,0,0.06761521245248041
0,0,0.08828636962300945
0,0,0.06055886421458263
0,0,0.470248679712591
0,0,0.2735697678898456
0,0,0.0691730374231183
0,0,0.11924360979310847
0,0,0.2128831925684965
0,0,0.11564763221929415
0,0,0.095105930425318
0,0,0.1943464231580322
1,0,0.13330842818749317
1,0,1.9856102666299193e-05
0,0,0.00014517672850949024
0,0,0.06444054538448749
0,0,0.09949777684827624
0,0,0.3708516908292591
0,0,0.04411745645505339
1,0,0.05751882505460687
0,0,0.07361770043125351
0,0,0.1238699704942692
0,0,0.22426995984373996
0,0,0.08999562781856721
0,0,0.1333223282155545
1,0,0.07283125819816189
0,0,0.13797561500287264
0,0,0.061486508574244855
0,0,0.06215445398376533
0,0,0.07730322279926233
0,0,0.03585533734421817
1,0,0.15731747845088756
0,0,0.09488687427944537
0,0,0.09195802173744713
0,0,0.07718792925391252
0,0,1.6704050165780537e-07
0,0,0.16121126247941645
0,0,0.10869048399922727
0,0,0.1977755160634454
1,0,0.10797246098169735
0,0,0.10813698101997654
1,0,0.3695737417539556
0,0,0.08602509100973735
0,0,0.06308586407320109
0,1,0.6202154138089481
0,0,0.07498501439297435
0,0,0.0684952067681791
1,0,0.21568205614498565
0,0,0.16405744578881304
0,0,6.262696638284126e-05
0,0,0.04458251580084846
0,0,0.14199914624651966
1,0,0.28241282509021115
0,0,0.08760995072592417
0,0,0.02694957204646937
0,0,0.12369081526163872
0,0,0.06182544054743793
0,0,0.06212334796999718
0,0,0.1276271115429776
0,0,0.100556523808551
0,0,0.10893385164992303
0,0,7.186444962495821e-05
0,0,0.08644574723678697
0,0,0.061905042794233374
0,0,0.09908306311472194
0,0,0.1546289872004158
0,0,0.12521028767501927
0,0,0.11521525781314425
0,0,0.22877254820237017
0,0,0.0915966247396633
0,0,0.03498627528588947
0,0,0.1426433284039272
0,0,0.18811918578049217
0,0,0.12261282326197462
0,0,0.08966349823470078
0,0,5.9754673227399024e-05
1,0,0.054548787627801486
0,0,0.1575696738998287
0,0,0.07375161530299054
0,0,0.18925006760250312
0,0,0.05335965374742847
0,0,0.09667612348607246
0,0,0.10195704379761561
0,0,0.05105547740403253
0,0,0.11536089489844861
0,0,6.590807267824708e-05
1,0,0.4456063311233447
0,0,0.055380083404568195
0,0,0.428909953425451
0,0,0.04209258744934848
1,0,0.07559386595764693
1,0,0.2847177264894268
0,0,0.10278223188222028
0,0,0.0897166542019774
0,0,0.14574650046093654
1,0,0.15104654956235142
1,0,0.22580942039364837
0,0,0.13643884198916428
0,0,0.07387364757139508
1,0,0.14536674020732698
1,0,0.17719939982651603
0,0,0.10851986501156159
0,0,0.0906961358296556
0,0,0.2966333245419891
0,0,0.07530623501064533
0,0,0.10685457426482046
0,0,0.13031793312162163
0,0,0.10945332419741832
0,0,0.1293876928567943
0,0,0.0883229378026235
0,0,0.14983045514798315
0,0,0.10313204710259362
0,0,0.09079949313975455
1,0,0.049976729924862504
0,0,0.09938522437933381
0,0,0.10523911536712087
0,0,0.056240346277538225
0,0,0.02800577464810088
0,0,0.1803832366824553
0,0,0.09717591653315896
0,0,0.2063596577065723
1,0,0.10341330649078245
0,0,0.07212748671352787
0,0,0.1093073020639913
0,0,0.06170924471156236
0,0,0.1580347319982738
0,0,0.1440023837998302
0,0,0.05032261221701548
0,0,0.039443137880956394
0,0,0.13770610731581723
0,0,0.2678112260693547
0,0,0.08094072006349624
0,0,0.09563957638785742
0,0,0.06710234922526448
0,0,0.09528823019143046
0,0,0.13911555043497228
0,0,0.20415835448090275
0,0,0.053272550747241035
0,0,0.04645582952881577
0,0,0.0849798393528447
1,0,0.15677651573786439
0,0,0.061498424916045125
0,0,0.08838754652971546
0,0,0.1004147346452686
0,0,0.14633053535812238
1,0,0.15863919887112274
0,0,0.05919088598998146
0,0,0.07333625283069203
0,0,0.026406331007318342
0,0,0.11229066302520968
0,0,0.04696755817622402
0,0,0.06035069471596373
0,0,0.04140086242919952
0,0,0.44171194169484995
0,0,0.1453078159884704
0,0,0.09917884927957259
0,0,0.056668475776077594
0,0,0.1166394579074687
0,0,0.05166703272676807
0,0,0.056266563939064096
1,0,0.06540844666783696
0,0,0.09097752168738416
0,0,0.05371319938774581
0,0,0.10456681576708855
0,0,0.11721268956781518
0,0,0.12720856784385368
0,0,0.05864829331772728
0,0,0.1344352262893655
0,0,0.16510851321113001
0,0,0.10489875070754277
0,0,0.0667829359110191
1,0,0.18998640787538176
0,0,0.0801197556436296
0,0,0.06289745340022546
1,0,0.058180445128494615
0,0,0.09412961654472976
0,0,0.12332931955926675
0,0,0.16590921791551339
0,0,0.09331963234198265
0,0,0.10002725832558924
0,0,0.10697298310897128
0,0,0.06773981560987179
1,0,0.14894918762087614
0,0,0.15003615554804445
0,0,0.14854609150973735
0,0,0.067724119665114
0,0,0.0577455588942767
0,0,0.12400695200213423
1,0,0.13197943417047242
0,0,0.13585191600592061
0,0,0.1628178350962058
0,0,0.19136001033833905
0,0,0.11179036741321702
0,0,0.08766907186900155
0,0,0.15752347531667063
0,0,0.07572596402877298
0,0,0.10168248544546639
0,0,0.1296272907038425
0,0,0.0545861507716066
0,0,0.18650067061626005
0,0,0.034856590449907326
0,0,0.1143390921718536
0,0,0.1461536199125971
0,0,0.08564361744396248
0,0,0.14293576944566913
0,0,0.1551101157990115
0,0,0.05507491686559219
0,0,0.08196204056259791
0,0,0.11010455985487284
0,0,0.09310598081347105
0,0,0.05833271580342289
0,0,0.047906374610530704
0,0,0.19139452422712505
0,0,0.08435758348016738
0,0,0.2069795788569184
0,0,0.11861271373681428
0,0,0.0516091400131529
0,0,0.06248990674032978
0,0,0.23754232628325897
0,0,0.10745796051022363
0,0,0.24181834843210304
0,0,0.053276325529221055
0,0,0.08112523839699987
0,0,0.17707274887526014
0,0,0.10405686557973601
0,0,0.22140119760977003
0,0,0.06670763670469726
0,0,0.1019944724176079
1,0,0.11667155082730006
0,0,0.18400681525993412
0,0,0.049159794773969485
0,0,0.06850479936810613
0,0,0.10309986705600523
0,0,0.0726142159232737
0,0,0.06791899423370092
0,0,0.22563900141566945
0,0,0.17581385221935059
1,0,0.09017017819178877
1,0,0.06075342158063606
0,0,0.12083149971592679
0,0,0.12662922759325987
0,0,0.0718262171277504
1,1,0.5320412397047184
0,0,0.12161287661744888
0,0,0.29308028322573876
0,0,0.10558332743568392
0,0,0.10426382791532601
0,0,0.018808214446802217
0,0,0.10474692154722937
0,0,0.026744334747914808
0,0,0.0695677569876377
0,0,0.05547620127310986
0,0,0.08495330852493602
0,0,0.12543823568938292
0,0,0.10143044669469144
0,0,0.2211793019256557
1,0,0.25633587457204665
0,0,0.07126480738752114
0,0,0.03512136008139841
0,0,0.11231734348913128
0,0,0.2927595676683899
0,0,0.1096852081258681
0,0,5.1492420987506e-09
0,0,0.16721836149612962
0,0,0.10313509294265724
1,0,0.2499858877100857
0,0,0.225084534029359
0,0,0.06863482971929663
0,0,0.0568424439149936
0,0,0.08846312842043826
0,0,0.06344528208883653
0,0,0.18644493807831572
0,0,0.12237038589685008
0,0,0.2020652582471215
0,0,0.07832899274775712
0,0,0.08246065650316624
0,0,0.13577487931660004
0,0,0.2213110702334224
0,0,0.04039334757401226
1,0,0.15424134096383257
0,0,0.04910984714594644
0,0,0.10522698002510522
0,0,0.0741492114611391
0,0,0.10302714675714468
0,0,0.23879793606014846
0,0,0.19605445930951193
1,0,0.0907053305558347
0,0,0.04660115365375251
0,0,0.09288744469549907
0,0,0.23824471567956323
0,0,0.16146433658177325
0,0,0.05027498817520474
1,0,0.08689970820294296
0,0,0.04899540403513582
0,0,0.08277178364831045
1,0,0.06719743691423688
0,0,0.10769197227305688
0,0,0.30861262804435546
0,0,0.18281015857350247
0,0,0.043605600788508475
0,0,0.10410674337511527
0,0,0.03811163588462889
0,0,0.09991611558461597
0,0,0.11176400895600626
0,0,0.11288123714427965
0,0,0.0988943808826181
0,0,0.049743500771295523
0,0,0.039632441388409274
0,0,0.05993614899944798
0,0,0.05546962221289532
0,0,0.09807720591491037
1,0,0.20561486244777097
0,0,0.08152444176579178
0,0,0.15499930283197624
0,0,0.07608676863588026
0,0,0.07200524837392146
0,0,0.12347224408815421
0,0,0.03549303312134794
1,0,0.060864475988035745
0,0,0.04940484210179772
0,0,0.21297084634921826
0,0,0.09844419872739277
1,0,0.1333765017514986
0,0,0.06453368758290023
0,0,0.19621863620484256
0,0,0.19627566317552056
0,0,0.09124786731589858
0,0,0.15377075614902733
0,0,0.08456814933971361
0,0,0.05591436232387384
0,0,0.050545654129153385
0,0,0.0911716360881082
1,0,0.29408851230335126
0,0,0.047392817225479354
1,0,0.09382722348011974
0,0,0.05648325328283205
0,0,0.0676006918406695
0,0,0.13697629420694166
0,0,0.08748441656418246
0,0,0.09586124876033862
0,0,0.11160470174141818
0,0,0.14905271081561353
0,0,0.11384991136262605
0,0,0.11453645929404878
0,0,0.10746013222993689
0,0,0.10107167381557924
0,0,0.08179439031836197
0,0,0.15544065594616346
0,0,0.08240448177546654
0,0,0.034450110809694505
0,0,0.23050291608277745
1,0,0.11457230542907355
0,0,0.14069422114264912
0,0,0.18413719350535973
0,0,0.16421489999825814
0,0,6.186901695325706e-05
0,0,0.08152038449729548
1,0,0.11558174437039356
0,0,0.1866921095037493
0,0,0.08209133109780127
0,0,0.03943133456410227
0,0,0.10201366146339585
0,0,0.07533250807698089
0,0,0.061046234380071555
0,0,0.08072523791130382
0,0,0.14143788569950025
0,0,0.11128486462444787
0,0,8.366518227946479e-05
0,0,0.1231781879742857
0,0,0.07986476541428093
0,0,0.11733054558744786
0,0,0.09365974832441096
0,0,0.09461589445801753
0,0,0.07166724797822548
0,0,0.08513580887765276
0,0,0.12422966994781484
0,0,0.08759187052988227
0,0,0.04365142973256798
0,0,0.049424654124283145
0,0,0.05340149270452375
1,0,5.763303108681419e-07
0,0,0.05731891551882944
0,0,0.08556813556658041
0,0,0.055628781125778286
0,0,0.11730910865553133
0,0,0.019956196035740226
0,0,0.1322662408147689
0,0,0.11104022810296425
0,0,0.03643962460887565
0,0,0.09175119481102843
0,0,5.04463716282695e-05
0,0,0.10145263844776123
0,0,0.10791580978057018
0,0,0.0518421274092237
1,0,0.3310679185965167
0,0,0.11953673083553117
0,0,0.06845327363796899
0,0,0.07170207260643675
0,0,0.053227222798550806
0,0,0.12427338053760222
0,0,0.10367881230645673
0,0,0.14995467308609775
1,0,0.06652144044140942
0,0,0.06100190535492555
0,0,0.04123271106540506
0,0,0.27455593832202363
0,0,0.08072542810176987
0,0,0.04989911132186242
0,0,0.06947678169683814
0,0,0.18706114054697642
1,0,0.2246160924545332
0,0,0.1794354712704982
0,0,0.11260703068255552
0,0,0.05912850249751654
0,0,0.1117278680450812
0,0,0.09508919734913622
0,0,0.09737434963466314
0,0,0.09559069741660102
0,0,7.530432922506952e-05
0,0,0.06048234639005941
0,0,0.043459698844797126
0,0,0.11028758682318696
0,0,0.2359395106876288
0,0,0.05703219357668777
0,0,0.11828586291429702
0,0,0.04634166138698724
0,0,0.0913914814663094
0,0,0.06728064231409692
0,0,0.10293558240869002
0,0,0.18216618324861247
0,0,0.08042392942783189
0,0,0.17087812727683713
0,0,0.2664290376286784
0,0,0.07283211256573874
0,0,0.0798377508441325
0,0,0.19324802417763964
0,0,0.053270368971611866
1,0,0.061582087407866144
0,0,0.2125503203802585
0,0,0.1348231282106896
0,0,0.09534558588937223
0,0,0.031755580615622184
0,0,0.10377030174207118
1,0,0.08028180961097937
0,0,0.06422792557546188
0,0,0.2153441959925593
0,0,0.11555342822919969
0,0,0.049912317384532036
0,0,0.059687146907860096
0,0,0.09505414849992401
0,0,0.09197179452342602
0,0,0.16792963744830575
0,0,0.13958374927430753
1,0,0.41145071040055886
0,0,0.11914370575362748
0,0,0.076171772663938
1,0,0.15045176878538563
0,0,0.09999007806237337
0,0,0.05913485365797249
0,0,2.833723848318063e-05
0,0,0.1529540665534746
0,0,0.08827878519043113
0,0,0.09120507488756842
0,0,0.018706828667424565
0,0,0.05932396854328662
1,0,0.12371515214755344
1,0,0.20300451079198706
0,0,0.03759659042583703
0,0,5.0586390526951556e-05
1,0,0.08023492213056402
0,0,5.4153184941353865e-05
0,0,0.21375382742948631
0,0,0.08491204154147673
0,0,0.0732364393899212
0,0,0.14231356133829637
0,0,0.00021067568815325761
0,0,0.0892460188620728
0,0,0.030011846444600518
0,0,0.07804770318416651
0,0,4.963200570554443e-05
0,0,0.060349536317366406
0,0,0.1204937282411732
0,0,0.064321019887426
0,0,0.09821254512640898
1,0,0.08413685065894519
0,0,0.06835270209297738
0,0,0.21814770094933936
0,0,0.029145826880831338
0,0,0.08859844234982556
1,0,0.24511116336573793
0,0,0.09725962076714836
0,0,0.016813346690286123
0,0,0.09293668527302962
1,0,0.15164499041163776
1,0,0.08042742640994675
0,0,8.522098668855786e-08
0,0,0.03492618033088059
0,0,0.05477294485757326
1,0,0.22502833856475307
0,0,0.16447769321468167
0,0,0.03395875008639883
0,0,0.11577317243802435
0,0,0.1229848283767535
0,0,0.10607225439210577
0,0,0.09146254903089054
0,0,0.028182282087970193
0,0,0.22087476264252395
0,0,0.06987522406871786
0,0,0.09361360913413867
1,0,0.03946663604893296
0,0,0.029239170586715414
0,0,0.023681575892852073
0,0,0.3196050892979856
1,0,0.10034917234319642
0,0,0.05933607153934397
0,0,0.3148905855424493
1,0,0.0896065517891459
0,0,0.22718270544714364
0,0,0.016946147536247513
1,0,0.13851761597625178
0,0,0.11122505578638583
0,0,0.05902310941371213
0,0,0.04630951436073387
0,0,0.10138936594671523
0,0,0.06561950009974148
0,0,0.10723025306863894
0,0,0.05234797652591387
0,0,0.0677041947637407
0,0,0.06682393940227067
0,0,0.12040562187361538
0,0,0.05036998858971253
1,0,0.11453145305072177
0,0,0.05678056157178317
0,0,4.5418420625166084e-05
1,0,0.08791059478932009
1,0,0.24206251002677684
1,0,0.10071450237731361
0,0,0.08664547757935043
0,0,0.0736655597178109
0,0,0.11046279065554016
0,0,0.04437983577862986
1,0,0.1455282489913558
0,0,0.0983950039922895
0,0,0.3288848325927689
0,0,0.10996330768512198
1,0,0.15385155785308843
0,0,0.12453867290208995
0,0,0.060485356885576574
0,0,0.22265964210179115
0,0,0.05711982000117423
0,0,0.13851164243811107
0,0,0.04423313585966425
0,0,0.07058336727438157
1,0,0.1821162246205185
0,0,0.10310843314806047
0,0,0.10016490244840583
0,0,0.09701077067530835
0,0,5.180259808188732e-05
0,0,0.03809292855207302
0,0,0.18517590335904038
0,0,0.09674680005265175
0,0,0.05211329190073502
0,0,7.603494881286737e-05
0,0,0.09318921649874795
0,0,0.19115578496759314
0,0,2.72672523372082e-05
0,0,0.050583097547627576
0,0,0.06606115241467976
0,0,0.06996659118576855
1,0,0.06380440971211679
0,0,0.1346040932925744
1,0,0.3349664758967008
0,0,0.06915436910958027
0,0,0.07549232028693469
0,0,0.1521231008634379
0,0,0.17097257317252415
0,0,0.07253218995046193
0,0,0.04893634491914285
1,0,0.08356553267625585
0,0,9.290567952702354e-05
0,0,0.09953157955931366
0,0,0.1204811977770057
1,0,0.22654878432885553
0,0,0.12010514190607718
0,0,0.06087150600453679
0,0,0.1627490564332822
0,0,0.05959125211642556
0,0,0.17548278710923662
0,0,0.21961406660654925
0,0,0.1731654020083782
0,0,0.06665636835596316
0,0,2.2326957303897974e-07
0,0,0.05469175604585584
0,0,0.02234815334568216
0,0,0.028163065189375187
0,0,0.02589851719180019
0,0,0.09818929560805628
1,0,0.07069253582787698
0,0,0.16455638707231984
0,0,0.0948676373248368
1,0,0.047301892645822366
0,0,0.092052403858292
0,0,0.03732644503483763
0,0,0.07929544146826342
0,0,0.07588241496062988
0,0,0.09435057437291007
0,0,0.08036216582578057
0,0,0.1218150441310349
0,0,0.05552118377242286
0,0,0.027253428776656097
0,0,0.10102837327428078
0,0,0.08168105564730292
0,0,0.20374781951220183
0,0,0.07698705316134799
0,0,7.626529958567284e-05
0,0,0.07451471217301399
0,0,0.10604597363237514
1,0,0.19587542718418166
0,0,0.1292496840237748
0,0,0.13290004138765052
0,0,0.05919654466595404
0,0,0.14565166791224807
0,0,0.03345233401412472
0,0,0.13750362635138483
1,0,0.33683282260433667
0,0,3.175968451697578e-05
0,0,0.11064424903638193
0,0,8.886094943799392e-05
0,0,0.09730756028092738
0,0,0.06462868913853055
0,0,0.15651167702891652
0,0,0.11358971388072572
0,0,0.10249483978759691
0,0,0.056007511087269424
1,0,0.11968943757063508
1,0,0.1825769852103152
0,0,0.12524896366565128
0,0,0.44239306526496
0,0,0.12208590281208473
0,0,0.2587570870049621
0,0,0.0965076769285016
1,0,0.05614315803039197
0,0,0.1100860378015366
0,0,0.007872502327415
0,0,0.08509986815160137
0,0,0.08100344788414032
0,0,0.022881288471509695
0,0,0.20095690954540038
0,0,0.14392629405095875
0,0,0.17219566364763508
0,0,0.07964426842921744
0,0,0.15152393405282089
0,0,0.14103671478128332
0,0,0.10198243409881765
0,0,0.06370910072816875
0,0,0.08776465650629506
0,0,0.07775852496534147
0,0,0.06658664194847588
0,0,0.07021678384395094
0,0,0.13035716217694757
0,0,0.06987732049952203
0,0,0.1417962141932809
0,0,0.0728173352262339
0,0,0.07763089856442218
0,0,0.3979044196517775
0,0,0.07789966615655004
1,0,0.16444285549998966
0,0,0.09485235106237222
0,0,0.09612571625782747
0,0,0.19797838952481814
1,0,0.1928517634622435
0,0,0.08275254270655535
0,0,0.0765862378703759
0,0,0.04011062012253852
0,0,0.047971570547476264
1,0,0.13488469834300867
0,0,0.042685676160542085
0,0,0.3080971351165592
0,0,0.15068164862495984
0,0,0.06256758793810144
0,0,0.07662620222514029
0,0,0.14019559210417973
0,0,0.08723510468135948
0,0,0.24355526983362089
0,0,0.09305040639391297
0,0,0.18125182511835025
1,0,0.4626985810072182
0,0,0.061546291029808305
0,0,0.14839655998830373
1,0,0.27340272805974775
0,0,0.0525728555447144
0,0,0.1483393606922042
1,0,0.073109947613245
0,0,0.08027851536091903
0,0,0.08671086523425767
0,0,0.11393959797866844
0,0,0.09951195054410761
0,0,0.10769835085257089
0,0,0.16589027828437114
0,0,0.1220195545671989
0,0,0.11424889142490219
0,0,0.07343847351432982
0,0,6.14489277504121e-09
0,0,0.057469353721204396
0,0,0.17464302688041253
0,0,0.06230778361863519
0,0,0.07615359793705144
0,0,0.08702134193381883
0,0,0.14632822439285856
0,0,0.08689947051334894
0,0,0.186511070640434
0,0,0.05990358462537377
0,0,0.08571322150183742
0,0,0.10764951658412812
0,0,0.07469725660690014
0,0,0.2327308423244763
0,0,0.1348359069220915
0,0,0.025302744134192482
0,0,0.05720625963735427
0,0,0.14265348759634375
0,0,0.06881073713015085
0,0,0.05660586878861073
0,0,0.053292533813601106
1,0,0.034396003342674494
0,0,0.12194259869506346
0,0,0.12719082573938117
0,0,0.09505455207959562
1,0,0.09439242165347121
0,0,0.09816421887003542
0,0,0.1448500051958072
0,0,0.11699087267248418
0,0,0.09179136246571104
0,0,0.11048743312354795
0,0,0.09457194188273287
0,0,0.17140617347070228
0,0,0.25739991170501275
0,0,0.09789911089897055
0,0,0.12237893296680526
0,0,0.12386617938023353
0,0,0.06680438376068722
0,0,2.5528247660924246e-05
0,0,0.19860950447225245
0,0,0.023819995046496196
0,0,0.1732697977125355
0,0,0.138912617982828
0,0,0.11356550513147977
0,0,0.07130543888432139
0,0,0.11054023707061648
0,0,0.07287385371914122
1,0,0.09500229631294768
0,0,0.11114611997906472
0,0,3.4639047987383225e-08
0,0,0.0991065902379126
0,0,0.056108922347939384
0,0,0.17030475518061033
0,0,0.05337199825467879
0,0,1.366277112015375e-09
0,0,0.3051683939318537
0,0,0.04976110954300335
0,0,0.16523462465722308
0,0,0.15584324036682767
0,0,0.14015366349478287
0,0,4.593251531524221e-05
0,0,0.09031274247254212
0,0,0.08083623774884867
0,0,0.0653089657991389
0,0,0.07582274251395041
0,0,0.06511145168003991
0,0,0.14831916835105025
0,0,0.08489269209895668
0,0,0.12404915264280049
1,0,0.15865067971626826
0,0,0.171441674629269
0,0,0.22746872294755233
0,0,0.1619328893306913
0,0,0.1288515477957405
0,0,0.07769230150885577
0,0,0.37198931629602794
0,0,0.07464690120378113
0,0,0.14681461880508379
0,0,0.0725890845310449
0,0,0.18431437495394487
0,0,0.07660698480211703
0,0,0.13016019523468536
0,0,0.16480172219954778
0,0,0.15324897829421805
0,0,0.1194279035826617
0,0,0.07536741688810634
0,0,0.19922979123080262
0,0,7.939830506284716e-05
0,0,0.10416928343024585
0,0,0.14660909265197625
0,0,0.10047643349042314
0,0,0.04931414736147892
0,0,0.18232405493908027
0,0,0.041703578805808224
0,0,0.0682576190305699
0,0,0.12213536581942386
0,0,0.08514683325410229
0,0,0.1365203164832041
0,0,0.16400781632556555
0,0,0.07467878904405403
0,0,0.039731040923063024
0,0,0.12717081105725633
0,0,0.09189893905069535
0,0,0.17183516284366335
0,0,0.13321678935739192
0,0,0.08250301738107108
0,0,0.17075904204305653
0,0,0.08021159024455676
0,0,0.08284923383295972
0,0,0.028959507037786977
0,0,0.07370029179964377
0,0,0.11194777310237487
0,0,0.12632705105061645
0,0,0.2012314214815257
0,0,0.18557301433685455
1,0,0.3610384186648386
0,0,0.09611095264768159
0,0,0.1285764091832574
1,0,0.1473433220418274
1,0,0.193155611309476
1,0,0.1757985709228198
0,0,0.15906240901805457
1,0,0.1268855221320262
0,0,0.125684336180083
0,0,0.09248419864649887
0,0,0.09841859367275502
0,0,0.07417051112805996
0,0,0.06848365443303232
0,0,0.04699472787846178
0,0,0.1959188208086026
0,0,0.10969377475996285
0,0,0.14338081365260538
1,0,0.23863768684780584
0,0,0.08032355514052962
0,0,0.10324296631031256
0,0,0.10521127290300103
0,0,0.13791050003696428
0,0,0.07203774546996636
0,0,0.09264439191673306
0,0,0.020318431393009186
0,0,0.25672425586609793
0,0,0.1000206325024708
1,0,0.1735202604830385
0,0,0.15454234886409826
0,0,0.09262439338914032
0,0,0.17708808263235212
0,0,0.07016846081848714
0,0,0.06899861025406552
0,0,0.15292124123846
1,0,0.1631079907271746
0,0,0.05458319491343674
0,0,4.8461816853091856e-05
0,0,0.15484594186078224
0,0,0.1328015491008494
0,0,0.05163631851259363
0,0,0.03817865524067662
0,0,0.03928398158584305
0,0,0.11299116333875608
0,0,0.04512414887367403
0,0,0.20889505590477328
0,0,0.18364070060665097
0,0,0.07335453064067775
0,0,0.10963277690001078
0,0,0.11112846955230726
0,0,0.07840326018418077
0,0,0.07972252182141971
0,0,0.11515159896092521
0,0,0.07537461448898414
0,0,0.19799562877778334
0,0,0.08996685984749314
0,0,0.16210866328041643
0,0,0.12789596066106632
0,0,0.12282233001733209
0,0,0.19838336125766212
0,0,0.04374178626106523
0,0,0.3845561499501074
0,0,0.06401280016553747
0,0,0.09722125307887912
0,0,0.06181109521799694
0,0,0.1137753755696747
0,0,0.0518268906934473
0,0,0.08452535308201625
0,0,0.11481222573308977
0,0,0.2682066573798045
0,0,0.04722060212941317
0,0,0.07289959186331871
1,0,0.15065622536123552
0,0,0.08681718624671875
0,0,0.08290192357748072
0,0,0.1482431756740716
0,0,0.08225299966475945
0,0,0.057870422019559435
0,0,0.12042103781531606
0,0,0.1705195470948393
0,0,0.08631776970759833
0,0,0.13474104027260866
0,0,0.07870262857947195
0,0,0.09932738719917886
0,0,0.14467995603955652
0,0,0.052896741040462734
0,0,0.10702439618271813
1,0,0.09304987007437238
0,0,0.09359927653300294
0,0,1.895171154671469e-05
0,0,0.057666892304878724
0,0,0.06679114529693952
0,0,0.18227011079165995
1,0,0.3050013404209116
0,0,0.11544648846146277
0,0,0.1020706169884871
1,1,0.56974150065956
0,0,0.11332280484148415
0,0,0.07077063769821129
0,0,0.045735934299811064
0,0,0.07040676595572257
0,0,0.04088530758812114
0,0,0.11223716920100818
0,0,0.15198575687013682
0,0,0.06005775629493855
0,0,0.07270361399447163
0,0,1.9234264727428137e-07
0,0,0.1062539238730961
0,0,0.043884223070287005
0,0,0.3849072335213061
0,0,0.19362360488937633
0,0,0.16761920710253747
0,0,0.14845741055909875
0,0,0.10886402518947022
0,0,0.05148747638579059
0,0,0.07671078779538483
0,0,0.06838288340887236
0,0,0.05968050899918534
0,0,0.07539550997103489
0,0,0.08885604269904936
0,0,0.22054769860623544
0,0,0.08900669024555757
0,0,0.14137255012222635
0,0,0.055665650409361535
0,0,0.0742165060369723
0,0,0.04230225520212645
0,0,0.08617102789861755
1,0,9.67230600292039e-05
0,0,0.10907474847902483
0,0,0.09008644270863488
0,0,0.09674968134445833
0,0,0.11496355049769906
0,1,0.5870611814167928
0,0,0.016756585080620393
0,0,0.096706406584921
0,0,0.0800044048284242
0,0,0.07126305237174602
0,0,0.060253697276797843
0,0,0.10537129258789693
1,0,0.32294381820387463
0,0,0.15916424932029236
1,0,0.09364099238170381
0,0,0.061250632064721006
0,0,0.0538507522683766
0,0,0.06291894753478158
0,0,0.11448383919867684
0,0,0.15165246689386822
0,0,0.21770770347272134
0,0,0.00012175999479340318
0,0,0.06709636245287245
0,0,0.06548086373231449
0,0,0.05446644684871762
0,0,0.10891275674769978
0,0,0.24507358396048926
0,0,0.1548850189609132
0,0,0.06288603277382165
0,0,0.09446728759446565
0,0,0.09318013822060614
0,0,0.09583646080061155
0,0,0.06521628411595196
0,0,0.16157468621967752
0,0,0.10391889858794477
0,0,0.12093612774475859
1,0,0.1520598419578939
1,0,0.28893644729479834
0,0,0.09992386747511174
0,0,0.23832769921713481
0,0,0.09438223813888706
1,0,0.21004743430278155
0,0,0.1445370382268027
0,0,0.07061075998971658
1,0,0.16535020537489814
0,0,0.10893993348145531
0,0,0.11732202222119965
0,0,0.12076207439665004
0,0,0.10979240490239991
0,0,0.10980909444349278
0,0,0.13487010607903804
0,0,0.16400714533858313
0,0,0.19238972816656474
0,0,4.2218672843871135e-05
0,0,0.17104458300025113
0,0,5.00048362242107e-05
0,0,0.0780065110118514
0,0,0.11782595289397904
0,0,0.13401836665027145
0,0,0.12545135581779082
0,0,0.02910130683500053
0,0,0.06303169837978834
0,0,0.146221479832153
0,0,0.19061337390875102
0,0,0.1549294285717883
0,0,0.11174587166101717
0,0,0.028301362168413054
0,0,0.09190726530946702
0,0,0.061794312381748435
0,0,1.4402885763129277e-05
0,0,0.05736732128635653
0,0,0.06724801518372366
0,0,0.1313241750040427
1,0,0.09814119171552617
0,0,0.14310459826215538
0,0,0.06726718450831608
0,0,0.09723726082799565
1,0,0.3516762880315856
0,0,0.09438200095321024
0,0,0.08433204446295198
0,0,0.053143688776846505
0,0,0.06920027549471153
0,0,0.08545588507424083
0,0,0.18598507965186886
0,0,0.04793634081098999
1,0,0.064902774131752
0,0,0.2957908247587898
1,0,0.23027792510712652
0,0,0.11692506201063427
0,0,0.14950991996057714
0,0,0.10713630129844139
0,0,0.14799243120000927
0,1,0.6162364428339617
0,0,0.07738091510808298
0,0,0.07001854901154222
1,0,0.10481132306412709
0,0,0.12148206082571948
0,0,0.10721497236046904
0,0,0.13615466559660946
0,0,0.044474213763944226
0,0,0.13386025121338704
0,0,0.01950839640534835
1,0,0.2568358524574357
0,0,0.09309547421346898
0,0,0.07003575069870462
0,0,0.10944372707056005
1,0,0.298562182775549
0,0,0.08436899970412262
0,0,0.07115437706348128
0,0,0.052718343323890186
0,0,0.14318125229962786
1,0,0.07056816538871588
0,0,7.287891314038702e-05
0,0,0.07455696879112703
1,0,0.0791086328055414
0,0,0.11988922116096096
1,0,0.217105857570526
0,0,0.17464811748366213
0,0,0.07370461807605487
0,0,0.08345014442277002
0,0,0.046190711526210196
1,0,0.10209625601632773
0,0,0.0372740270239765
0,0,0.09576687401340181
0,0,0.07687332029692075
0,0,0.2307482955552387
0,0,0.11458997149624764
0,0,2.6264561832757497e-05
0,0,0.1903889596324769
0,0,0.051163954933880415
0,0,9.34314222448356e-08
0,0,0.06788371882172413
0,0,0.11466742154669207
0,0,0.14420725997727438
0,0,0.08071000068454647
0,0,0.1510062783070506
0,0,0.3662906108107082
0,0,0.11875463936649559
0,0,0.2011316093291176
0,0,0.11427221241622561
0,0,0.278462404293533
0,0,0.06132275535965782
1,0,0.07343810818531765
1,0,0.06789726464591339
0,0,0.14474504276855538
0,0,0.05123008925311719
0,0,0.040833983234557926
0,0,0.13911680233862717
0,0,0.0002817104393009161
0,0,0.10202723147856116
1,0,0.10947826520028754
1,0,0.05389140029512793
0,0,0.19351935020763542
0,0,0.05031450721502068
1,0,0.0785769007106877
1,0,0.12109599265783555
0,0,0.10730119778617811
0,0,0.02607440501106971
0,0,0.10599262992114639
0,0,0.19787895503453237
0,0,0.10343489268508113
0,0,0.11202329948318364
0,0,0.09830248922066409
0,0,0.08692916498463363
0,0,0.18581525812026717
0,0,0.09958230745586757
0,0,0.08493488864163462
0,0,0.008737831738577242
0,0,0.07755723037042746
0,0,0.07269499325113085
0,0,0.0730250970510917
0,0,0.2237685886072432
0,0,0.13736727397688447
0,0,0.3417258309851205
0,0,0.13797534312937237
0,0,0.04901196144303603
0,0,0.10824722867408065
0,0,0.12740237597095438
0,0,0.10781866499378599
0,0,0.10970212986100775
0,0,0.10517255220513311
0,0,0.14606133781662875
0,0,0.15654062382293515
0,0,7.188159213853356e-05
0,0,0.05455681796689442
0,0,0.05983843075153998
0,1,0.6220600359038282
0,0,0.30785073021682674
0,0,0.1232703264995783
0,0,0.2641941682970531
0,0,0.07349233996724198
0,0,0.1799049421220812
0,0,0.18194717509610503
0,0,0.0590529807211888
0,0,0.04623224979801206
0,0,0.029143685750009626
0,0,0.11603913045110015
0,0,0.10337382535267142
1,0,0.2409457367476167
0,0,0.15296003615894185
0,0,0.24353577251352101
0,0,0.07494277335513752
0,0,0.08291402574095022
0,0,0.13178615359959292
0,0,0.11486223530383749
0,0,0.0996369531877964
1,0,0.09073348224677401
0,0,0.13823304359571137
0,0,0.16158874850875582
0,0,0.15001930253772197
0,0,0.05370618423094056
1,0,0.31944906451669425
0,0,0.10311073080516857
0,0,0.10437197858087546
0,0,0.1186505475475831
0,0,0.14718950555325086
0,0,0.07484000521208069
0,0,0.19336031827953395
0,0,0.07323306715343278
0,0,0.16944145991410914
0,0,0.08945071679403427
0,0,0.13035742690868418
0,0,0.06978779718788991
1,0,0.028990850316696282
0,0,0.08999413841719273
0,0,0.10121925184199532
0,0,0.1029683896614332
0,0,0.15335374600018056
0,0,0.1289466127602599
0,0,0.0887429764983337
0,0,0.10563758648786946
1,0,0.11888939807905145
0,0,0.1479859571199463
0,0,0.11460651708405621
0,0,0.1263567971929884
0,0,0.40835023628736056
0,0,0.11136826036537167
0,0,0.25659144054497135
0,0,0.10617588645083384
0,0,0.15532975445105665
0,0,0.18531468953413138
1,0,0.17486329793550456
0,0,0.11232684706273467
0,0,0.12865236191746784
0,0,0.12577057905982836
0,0,0.13144235826998524
0,0,0.07581835907025858
0,0,0.09647059733462955
0,0,0.13483752671420915
0,0,0.10179433553135983
0,0,0.1446706900606502
0,0,0.0635161719088319
0,0,0.12983168598148115
0,0,0.11727269853696624
0,0,0.10989832758654329
0,0,0.18118132542370433
0,0,0.054661046579186696
0,0,0.04770483500186549
0,0,0.12722882883492756
0,0,0.0808681995168615
0,0,0.0781585063507018
0,0,0.12615787728344863
0,0,0.05106413605731438
0,0,0.08418321529260037
0,0,0.13491798955810508
0,0,0.28705906668087644
0,0,9.140111130849599e-05
0,0,0.03504428345453313
0,0,0.06611933610690879
0,0,0.09872445463182218
0,0,0.2645389287976475
0,0,0.1894748287527891
0,0,0.00047420548522731916
0,0,0.07868238396154369
0,0,0.09616006278612965
1,0,0.13449085824146312
1,0,0.0877459093951425
0,0,0.17101694486744137
0,0,0.3242222842773157
0,0,0.05873770810756529
0,0,0.07222027725814663
0,0,0.2112081297684329
0,0,0.1839990445092565
0,0,0.08991147458373337
0,0,0.07387504357899624
0,0,0.1526741101809343
1,0,0.19330267025348005
0,0,0.058618951227700715
0,0,0.06884691270552636
0,0,0.0985288448309768
1,0,0.2531792039108716
0,0,0.24700223244800593
0,0,0.09292047418800445
0,0,0.07028881146058814
0,0,0.10778971957839609
0,0,0.04717777890501834
0,0,0.18334056910825516
0,0,0.082350654069866
1,0,0.06087657824191933
0,0,0.13129336204494194
0,0,0.09220743545003647
0,0,0.156405283269259
1,0,0.18154871188857172
1,0,0.266894210135221
0,0,0.09237942003442534
0,0,0.002189150256771082
1,0,0.0990092198197209
1,0,0.17933025050773974
0,0,0.03628645791770101
0,0,0.031060348109555398
0,0,0.1190227050283872
0,0,0.03363457760097334
0,0,0.1407401626584026
0,0,0.10152792711210307
0,0,0.11131607729283594
0,0,0.04607357015343795
0,0,0.08458339785896545
0,0,0.08999515054186506
0,0,0.07424551795216312
0,0,0.06640481991383769
1,0,0.06663174540180547
0,0,0.20939999746899138
1,0,0.10044394053669162
1,0,0.1510230942191911
0,0,0.030594089160908385
0,0,0.03041058853413343
0,0,0.15575890428888226
0,0,0.21989497956900514
0,0,0.1178946042924867
0,0,0.21159941293558832
0,0,0.17674089177996943
0,0,0.010322710190244656
0,0,0.05775613268823471
0,0,0.05331172874192757
0,0,0.06179188483474235
0,0,0.10510292416673284
0,0,0.17238119602978358
1,0,0.2751629446599289
0,0,0.05764089641521601
0,0,0.13069252617939567
0,0,0.09245955605780992
1,0,0.07221489141516972
0,0,0.12481972596352153
0,0,0.110488264207681
0,0,0.063957421926558
0,0,0.16103156750428865
0,0,0.09762806393110784
0,0,0.0824392032176951
1,0,0.07584253418079429
0,0,0.06424330411083554
0,0,0.026015291132682396
0,0,0.07365527232076406
0,0,0.22513739492687143
0,0,0.04249907346221902
0,0,0.0680572833881275
0,0,0.08817109382886189
0,0,0.10666322885020138
0,0,0.13182946765739345
0,0,0.06729030970815263
1,0,0.024304357943712704
0,0,0.00018455694829700087
0,0,0.07484354394396993
0,0,0.21736464435591388
0,0,0.06890268146768483
0,0,0.08688508471649788
0,0,0.04916807954580345
0,0,7.316559120540959e-05
0,0,0.15227621624055962
0,0,0.36002744751868354
0,0,0.1101198112525523
1,0,0.22230004765173653
0,0,0.05812649986241385
0,0,0.12747244148012696
0,0,0.1046319491785421
0,0,7.221896064862101e-09
0,0,0.10986771422281834
0,0,0.07467016858909692
0,0,0.05347441404681827
0,0,0.13221875828066612
0,0,0.06518409392726394
0,0,0.05514439139593202
1,0,0.07813881402192144
0,0,0.07334665289362433
0,0,0.1486493606942752
0,0,0.11715676221538056
0,0,0.045798192621935074
0,0,0.09191895087672763
0,0,0.05969739497337577
0,0,0.05304938265990255
0,0,0.23461733684773076
0,0,0.06901898318589403
0,0,0.08677028310334592
0,0,0.10160183696744036
0,0,0.3762396702164598
0,0,0.07172648960240426
0,0,0.09107697537992045
0,0,0.027306830152953668
0,0,0.10061044276621688
0,0,0.05617284519558332
0,0,0.042431306657881314
0,0,0.03891894187583979
0,0,0.1594647335944309
0,0,0.05980087944260175
0,0,0.26014085352737976
0,0,0.15369332623262139
0,0,0.20485537663225176
0,0,0.07275109537122411
0,0,0.05375946671005968
0,0,0.008826694053079669
0,0,2.1002699434782874e-05
0,0,0.07265441359883694
0,0,0.10791760579826563
0,0,0.08428721388898765
0,0,0.16184714834022085
0,0,0.046520504485733034
0,0,0.09499092867968754
0,0,0.133163510277972
0,0,0.16304461023439398
0,0,0.10112408341726915
0,0,0.08804237215584616
0,0,0.4712233097090482
0,0,0.08329169649157506
0,0,0.1484236579763169
0,0,0.14848391747695527
0,0,0.033917100334720715
0,0,0.07646783813212783
1,0,0.10687664781561627
1,0,0.10081110730660739
0,0,0.24358602954765335
0,0,0.06804912960714028
1,0,0.21124777762673919
1,0,0.0993776321926844
0,0,0.0844586355899922
0,0,0.057571772541381565
0,0,0.08312379415746585
0,0,0.12378008339176536
0,0,0.02167201325307477
0,0,0.09111756891076754
0,0,0.06081324835643527
1,0,0.03943665092560946
0,0,0.10091192180257028
0,0,0.05215967346384295
0,0,0.14918571170450465
1,0,0.1858734646033777
0,0,0.08108939829876284
0,0,0.09023513755707495
0,0,0.13937773830864092
0,0,0.1629819857233686
1,0,0.11126393221975074
0,0,0.0887471574914341
0,0,0.07363827378096292
0,0,0.11518226441964256
0,0,0.1714547333891013
0,0,0.05310573943211639
0,0,0.3031078827219361
0,0,0.23251489535551348
0,0,0.18373422525640207
0,0,0.0627696288038368
1,0,0.33447488005889375
0,0,0.1038929775564307
0,0,0.16655933744487475
0,0,0.2654235109789336
0,0,0.0651121226602218
1,0,0.07973814935173955
0,0,0.04880196176423533
0,0,0.06386621297233312
0,0,0.05581510207069031
0,0,0.08630372878739527
0,0,0.3059722056474208
0,0,0.34677297743679786
0,0,0.1441387200541199
0,0,0.06005560278722628
0,0,0.17782591395333014
0,1,0.9973293217693903
0,0,0.11725946728067127
0,0,0.09435435126473163
0,0,0.1899750067805023
0,0,0.07988480097754687
0,0,0.07534062783857974
0,0,0.10405206461530744
0,0,0.13968621785230526
0,0,0.11145782911548786
0,0,0.07744017399236562
0,0,0.08006137473585741
0,0,0.0029339252994801967
0,0,0.07133536433361565
0,0,0.24822843961549798
0,0,0.1795098948423862
1,0,0.293255690008995
0,0,8.153322562848067e-05
0,0,0.04569643307242308
0,0,0.09166699752929898
0,0,0.21605621975474298
0,0,0.10856924080549471
0,0,0.09258920864857786
0,0,0.08103943015678695
0,0,0.07555008513020194
1,0,0.12458000602208755
0,0,0.0001106684881240662
0,0,0.0833825649072329
0,0,0.08697214997011041
0,0,0.09459869153228256
0,0,0.3997503705766145
0,0,0.07673645918123859
0,0,0.04016487231024908
0,0,0.12023903446987055
0,0,0.08119011185231985
0,0,0.0960938146431129
0,0,0.09694688876870183
0,0,0.09025834112671427
0,0,0.1165521520597601
0,0,0.05159047515291476
0,0,0.243351053787222
1,0,0.07869618840037217
0,0,0.27684900732777723
0,0,0.13400062545188285
0,0,4.123695999467308e-08
0,0,0.04091202426987444
0,0,0.11555256923763406
0,0,0.04050569345412969
0,0,0.08119567672957459
0,0,0.18413513580777066
0,0,0.20045507909862284
0,0,0.038429174261299485
0,0,0.24174386419312574
0,0,0.09242459228630076
0,0,0.06622717265418174
0,0,0.10687009158662884
0,0,0.17346858586866637
0,0,0.10226450128725212
0,0,0.14950512813947964
0,0,0.054572243162562026
0,0,0.20268739176492134
0,0,0.05809531691439247
0,0,0.17898033224470508
0,0,0.15891451440413157
1,0,0.17867168053411062
0,0,0.10934639668015673
0,0,0.1009019422982552
0,1,0.7548487943845805
0,0,0.08915683828185728
0,0,0.14297113127899566
0,0,0.12483338468578903
0,0,0.00017183648865771997
0,0,0.10182762344052412
0,0,0.0706004663570611
1,0,0.051279684501804944
0,0,0.08413649737395489
0,0,0.05589234302201027
0,0,0.02274494988429537
0,0,0.10469332813240292
0,0,0.07590172841941378
0,0,0.04836631703636242
0,0,0.10954959460156728
0,0,0.06970361392177744
0,0,0.05486213132225721
0,0,0.19918700853350807
0,0,0.12000977465151018
0,0,5.062906317419776e-05
1,0,0.1623629658502959
0,0,0.10089792474062481
0,0,0.0733287876384082
1,0,0.08835162462316734
0,0,0.04444304986571788
0,0,0.06048659901849011
0,0,0.03266914878988404
0,0,0.0864743788841689
0,0,5.027357559059665e-07
0,0,0.0747533388402294
0,0,0.06482804568744231
0,0,0.30222527617467365
0,0,0.08679822315237826
0,0,0.06768206605759733
0,0,0.06344106267527247
0,0,0.0552348328072543
0,0,0.05241874138919164
0,0,0.09355581381269193
0,0,2.1327375755836888e-05
0,0,0.08631143168057
0,0,0.1012562978656742
1,0,0.29917544765874937
0,0,0.1271641392196628
0,0,0.09251627309646336
0,0,0.13615526829858188
0,0,0.06932997055381848
1,0,0.11629760281182991
0,0,0.024626337145167074
0,0,0.18768301298925322
0,0,0.06118563593361592
0,0,0.09499334826853163
0,0,0.10682694853692037
0,0,0.04115975428781232
0,0,0.15015087398156246
0,0,0.1924233348294091
0,0,0.06499995506213926
0,0,0.41612868568319217
0,0,0.11310079871641908
0,0,0.05940600839892365
1,0,0.00023768328912859531
0,0,0.2561190916062513
0,0,0.045674302213133525
0,0,0.07864380464029162
1,0,0.13396522387828902
0,0,0.22447116518109503
0,0,0.0942905207656333
0,0,0.06663899186470086
0,0,0.05688338368456932
0,0,0.10179454771709523
0,0,0.35009658199022275
0,0,0.12394885598021776
0,0,8.197716314298022e-05
0,0,0.054681888660359945
0,0,0.1197553308934674
0,0,0.0645140351413077
0,0,0.09877503536642489
0,0,0.11898733744648368
0,0,0.11877891177305287
0,0,0.07776319934214278
0,0,0.06216798550441518
0,0,0.042403979004904765
0,0,0.0852378014538251
0,0,0.05216127570923757
0,0,0.0901650767047959
0,0,0.08907139728406921
0,0,0.04851103649957034
1,0,0.11018892329093283
0,0,0.23644826075135345
0,0,0.06437062383794542
0,0,0.13926281255819953
0,0,0.116747221689587
0,0,0.07830592407102996
0,0,0.05252825095848834
0,0,0.11398331834697037
0,0,0.0973957713382545
0,0,0.08598840270558278
0,0,0.08101103929545306
0,0,0.2679577878229266
0,0,0.11660181454719859
0,0,0.07876091232541473
0,0,0.09282361031663817
1,0,0.12398099817938252
0,0,0.08563803705208936
0,0,0.13339516300517434
0,0,0.10645381993379965
0,0,0.14449136732084197
0,0,0.08715574038395307
0,0,0.2132055789326501
0,0,0.09575664465635564
0,0,0.05677172791261484
0,0,0.10393188041088484
0,0,0.24479546137508781
0,0,0.07355602571852131
0,0,0.08364664306440514
0,0,0.1009491188083603
0,0,0.1411850773540374
0,0,0.03353833061751242
0,0,0.08200144033095257
0,0,4.3226480747093585e-05
0,0,0.15834404399305713
0,0,0.09471617296433586
0,0,0.08538275725633615
0,0,0.06144899887100585
0,0,0.03879732260637795
0,0,0.08447349698061017
0,0,0.08133532312843592
0,1,0.7646692970211536
1,0,0.1924291408693795
0,0,0.1247080041950371
0,0,0.1010538282005112
0,0,0.03595445558663357
0,0,0.0843764921228823
0,0,0.14170272604619147
0,0,0.17463345102294528
1,0,0.09272874007744833
0,0,0.05265301542173946
0,0,0.09524134630457388
0,0,0.1330156421599818
0,0,0.10266288100076192
0,0,0.06220247864246651
0,0,0.24347727326183988
0,0,0.09147193938189731
0,0,0.04778091866623901
0,0,0.029526474070180418
0,0,0.012690572474160515
0,0,0.15475193499516768
0,0,0.07814298001237573
0,0,0.1375515937885586
0,0,0.23694306917791036
0,0,0.07341430746004016
1,0,0.10237330511827034
0,0,0.04954620777900104
0,0,0.08622858959116078
0,0,0.0454197107608179
0,0,0.061684125504217584
0,0,0.06477612559428904
0,0,0.08440257563968917
0,0,0.029281084090811173
0,0,0.08023608739040068
1,0,0.09552117201046527
0,0,0.09195972515831881
0,0,0.07841679058962617
0,0,0.09357597666787325
0,0,0.06245384217319531
0,0,0.054762420864257456
0,0,0.06271284217577341
0,0,0.08687086563932704
0,0,0.09712951307919038
0,0,0.16891673866900186
0,0,0.05649308044340839
0,0,0.00020554680735459816
0,0,0.19288502731485374
1,0,0.21067216293256139
0,0,0.04697466202177156
0,0,0.12519218974471397
0,0,0.08400784324272562
0,0,0.0850221290824975
0,0,9.644382638668194e-05
0,0,0.04805371504674253
0,0,4.1916556210544944e-05
0,0,0.14753802126139842
0,0,0.19026830100590458
0,0,0.1324383839914241
0,0,0.0238200778190197
0,0,0.16488746052100955
0,0,0.10629170080848147
1,0,0.10327974513660788
0,0,0.13472224126027957
0,0,0.13187661300571776
0,0,0.10706993364586984
0,0,0.04809423768159477
0,0,0.14653349577181413
1,0,7.727417984360792e-05
0,0,0.07340756811732485
0,0,0.11776636879759814
0,0,0.3149217944360773
1,0,0.14165402715776654
0,0,0.16845465545489158
0,0,0.06732891502508805
0,0,0.033683595541306816
0,0,0.10420764989224321
1,0,0.06648618550863603
1,0,9.69497900854811e-05
1,0,0.10271130130866198
0,0,0.04630698513037023
0,0,0.09236338943298372
0,0,0.16575171291159574
0,0,0.10553637984930764
0,0,0.12992100404449042
0,0,0.1420062785253848
0,0,0.12287061217077562
0,0,3.994910060091171e-05
0,0,0.09388831723175377
0,0,0.08834148885594433
0,0,0.04944212608512169
0,0,0.07666005599846387
0,0,0.1354162167036395
0,0,0.15307175674327125
0,0,0.0821558327584205
0,0,8.690984225878097e-05
0,0,5.48459390171798e-05
0,0,0.06343829740614006
0,0,0.06468122634000753
1,0,0.10049783103940922
0,0,0.06457001039499313
0,0,0.06376249256185883
0,0,7.414909844275091e-05
0,0,0.05820064818329885
0,0,0.20522449784125626
0,0,0.05855679189363094
0,0,0.1464367903688516
0,0,0.07460993059799222
0,0,2.879113411106197e-05
0,0,0.12214830781091415
0,0,0.10482243148098819
0,0,1.6541177396885008e-06
0,0,8.83580036320843e-06
0,0,3.6839100744048504e-05
0,0,0.059773861118747586
0,0,0.1222242193076786
0,0,0.09806684868163383
1,0,0.11616298519185332
0,0,0.1097033535760248
0,0,0.030515213847188718
0,0,0.2148603057948571
0,0,0.09535064464350292
0,0,0.06508480680723408
0,0,0.0794330974581498
0,0,0.14525808978925597
0,0,0.08973386677251814
0,0,2.735799352685316e-05
0,0,0.06810190363780688
1,0,0.03533596375511581
0,0,0.037508783468901734
1,0,0.13722922114036093
0,0,0.13203048351887403
0,0,0.09946030391942022
0,0,0.11329190919168962
0,0,0.23174863000066678
0,0,0.07222633823172561
0,0,0.17442968720951976
0,0,0.07204443970475617
0,0,0.04409898715438712
0,0,0.06312072665903944
0,0,0.21634560521794613
0,0,0.17997010980839034
0,0,0.038445660109897986
0,0,0.11502591912847035
0,0,0.1099725287519752
0,0,0.1935752964729412
0,0,0.11681195481246193
0,0,0.11860704583454668
0,0,0.13803155320765878
0,0,0.11666925727013774
0,0,0.10692334412086353
0,0,0.16189825481075246
0,0,0.05990292179584864
0,0,0.03684736607987063
0,0,0.05292778893651808
0,0,0.1468212396397224
0,0,0.100016612713732
1,0,0.31216017201432555
0,0,0.12484546646842594
0,0,0.2091426121969957
0,0,0.015136485370452727
0,0,0.1699719071260733
1,0,0.11505154776094463
0,0,0.05305048298587143
0,0,0.10128587653888468
0,0,0.22462311796815912
0,0,0.10313316714665628
0,0,0.24263343557522526
0,0,0.1420704463969613
0,0,0.1354485025770438
0,0,0.09799838494105585
1,0,0.20815905695346057
0,0,0.15427013530158704
0,0,0.11531864959376882
0,0,0.05742742076573541
0,0,0.05653681431348227
1,0,0.08701457060552893
0,0,0.11056063083498441
0,0,0.07112859952602589
0,0,0.05116593736623762
0,0,0.12360562550508639
1,0,0.08244545024094477
0,0,0.08562618628611741
0,0,1.4779845177146835e-07
0,0,0.05959643419695691
0,0,0.06587742455856063
0,0,0.10104525018050055
0,0,0.10184412988385452
0,0,0.10547972435080152
0,0,0.07278118827815573
0,0,0.08578351086867168
0,0,0.09944024797720429
0,0,0.05115230976185721
0,0,0.2855579525522438
0,0,0.13511292596250538
0,0,0.054787422789778516
0,0,0.08229003437632494
0,0,0.08864191111093828
0,0,0.1866775364654811
0,0,0.13116491783102702
0,0,0.046390077500108755
0,0,0.050177989939916914
0,0,0.024948257680373453
0,0,0.1884051753860559
0,0,0.4484440445350724
0,0,0.047969193140217914
0,0,0.10066207333833069
0,0,0.13512699120965285
1,0,0.12123289946956574
1,0,0.1098260731579557
1,0,0.07493584106500488
1,0,0.10040439021200612
0,0,0.043365475366650856
1,0,0.35709822351332277
0,0,0.08834541758288461
0,0,0.04497645816304233
0,0,0.12080434961624756
0,0,0.201535533116224
0,0,0.0872232020143031
1,0,0.1264598259830756
0,0,0.06508626999609114
0,1,0.5033844837751938
0,0,0.06847619333227548
0,0,0.1962464912788835
0,0,0.08047204216422012
1,0,0.4449784641665813
0,0,0.038235803112152585
1,0,0.10870146811161582
0,0,0.06507923320100059
0,0,0.15640444347575197
0,0,0.13088923405241357
0,0,0.057729411795740516
0,0,0.047879718282194415
0,0,0.1430041178542569
0,0,0.1294028834207292
0,0,0.15116610528158209
0,0,0.13508369848286192
0,0,0.09442744598698974
0,0,0.09440045931373413
0,0,3.78820752066103e-05
0,0,0.06404703650843414
0,0,0.07697941246520887
0,0,0.06985474275811561
0,0,1.0868881939619859e-05
0,0,0.03689922228923153
0,0,0.13394879844238103
0,0,0.14640144510470762
0,0,0.13798635663294762
1,0,0.16427510139996196
0,0,0.08009249922300621
0,0,0.040549617171342214
0,0,0.10108782445753046
1,0,0.020708708743404317
0,0,0.15376657484745399
0,0,0.13669883861248053
0,0,0.04112944787804189
0,0,0.09754857869311898
0,0,0.1332375703746043
0,1,0.7828370197750006
0,0,0.09494678752574126
0,0,0.07480492479286005
0,0,0.07104679748394688
0,0,0.1881933325100855
0,0,0.12871173625173482
0,0,0.14539667683588398
0,0,0.14750369690568815
0,0,0.17451452676439752
0,0,0.17850796373207362
0,0,0.05327352891266913
0,0,0.10417532791850143
0,0,0.0957435090198848
0,0,0.24518317378920645
0,0,0.05513616582619032
0,0,0.14920989396630102
0,0,0.10107591068279158
0,0,0.10259979015448949
0,0,0.05152304947790546
0,0,0.06400038907147867
0,0,0.045327270554671256
0,0,0.10335609450409132
0,0,0.1672807781950731
0,0,0.10666142866713124
0,0,0.055210411040319145
0,0,0.07505292520330224
0,0,0.13163037052053422
0,0,0.15169844514114927
0,0,0.13981251073005546
0,0,0.0691592869052843
0,0,0.07565576630060175
0,0,0.14701990247371505
0,0,0.012031490198054029
0,0,0.07693275424737983
0,0,0.08211380207370461
0,0,0.0825596393531016
0,0,0.10324267911546545
0,0,0.0818961858176876
0,0,0.1058835667142973
0,0,0.10160421242427083
0,0,0.0656907509840941
0,0,0.08856908890696065
0,0,0.19782436312753135
1,0,0.3049835035144869
1,0,0.08261924405693331
0,0,0.0766608909442391
0,0,0.08826482051649763
0,0,5.6432769487970085e-05
0,0,0.1455642370876522
1,0,0.1622693975447992
1,0,0.225466095308657
0,0,0.35093252249939993
0,0,0.05619839652530239
0,0,0.12313948310141473
0,0,0.044614259361317694
0,0,0.21383292924935415
0,0,0.050406568641806114
0,0,0.07456907491574057
0,0,0.2797100661230259
0,0,0.07331632334300418
0,0,8.972457887190081e-05
0,0,0.17189725648012827
0,0,0.07704382663733414
0,0,0.14404907362979608
0,0,0.0879254054525552
0,0,0.1399568987400249
1,0,0.29462335081213814
0,0,0.06740332496684948
0,0,0.05370514762021907
0,0,4.2274664166039646e-05
0,0,0.13488264511528616
0,0,0.09389270365778724
0,0,0.06922613002804909
0,0,0.11257979011613681
0,0,0.09762939314125624
0,0,0.10501924542291063
0,0,0.08386511886979994
0,0,0.19060409297324502
0,0,0.0817270101149085
0,0,0.13268866552764913
0,0,0.1381249125440391
0,0,0.05839264762756917
0,0,0.12082451687451203
0,0,1.1645851861432954e-05
0,0,0.0635793353389342
0,0,0.16244249434688215
0,0,0.00010086761779851549
0,0,0.12009775012584706
0,0,0.20767900903386396
1,0,0.14916619038677675
0,0,0.06439956213183774
0,0,9.586666131105632e-05
0,0,0.2685467196250142
0,0,0.11310090027532294
0,0,0.08680726149419137
0,0,0.17430756671460504
1,0,0.13964741559917404
0,0,0.09679566566065292
0,0,0.04477135435847503
0,0,0.0788569246545263
0,0,0.22326457913913295
0,0,0.09148004256794973
0,0,4.417940993665702e-05
0,0,0.07819267359840648
0,0,0.16527398752307912
0,0,0.048614084114427504
0,0,6.265332707976886e-09
1,0,0.07184896995857733
1,0,0.07681644949775787
0,0,0.08137709807778634
1,0,0.056528413202345175
0,0,0.0559997879555033
0,0,0.08640653579775921
0,0,0.15605762773825546
1,0,0.1599133366375088
0,0,0.0724752957887078
0,0,0.031145350293430418
0,0,0.1319401259465896
0,0,0.132886438214712
0,0,0.07251214883513028
0,0,0.10591643581384758
1,0,0.11593818197811498
0,0,9.365572314450014e-05
0,0,0.057806138036984
0,0,0.06082686446989629
0,0,0.11173242155241213
0,0,0.1585168913894631
0,0,0.17384430508343804
0,0,0.08802202838260052
1,0,0.33212770378969997
0,0,0.308898832404687
0,0,0.2003541452520717
0,0,0.08877195661963957
0,0,0.08892711554882968
0,0,0.0543602987283039
0,0,0.047343787328116775
0,0,0.38059939518025704
0,0,0.0573708992760915
0,0,0.14399819175839318
0,0,0.038791824137737754
0,0,0.06852903233939345
0,0,0.1859074708881442
0,0,0.06184991473335782
0,0,0.2035502791716944
0,0,0.09364004552522351
0,0,0.1218078780206842
0,0,0.05675703283236015
0,0,0.22027250356496683
0,0,5.490477638378917e-05
0,0,0.17610753700918194
0,0,0.131941691969824
0,0,0.07732299672220576
0,0,0.013494542771161442
0,0,0.0871214649955569
0,0,0.05907474931147471
0,0,0.07143512290935582
0,0,0.10062259744875619
0,0,0.11235696909547942
0,0,0.163191309000047
0,0,0.07176785045253727
0,0,0.08358817684048783
0,0,0.14530821003584773
0,0,0.08112671425113631
0,0,0.0002118413696090057
0,0,0.08688483644841688
1,0,0.11532006602597615
0,0,0.07531943623095623
0,0,0.1262957615607547
0,0,0.057468537789104594
0,0,0.017711107446065542
0,0,0.05242205667344875
0,0,0.06334340317811553
0,0,0.10892992664315224
0,0,0.0915370430785769
0,0,0.15618524681192572
1,0,0.08137365352951763
0,0,0.06226726438117166
1,0,0.27165687847954567
0,0,0.18122393594034386
0,0,0.07606350487251846
0,0,0.05859916441016708
0,0,0.08135823754813178
0,0,0.05444267024133381
0,0,0.00011492860401292043
0,0,0.10107670041959635
0,0,0.2176358016387872
0,0,0.053008622277869774
0,0,0.10859027378466138
0,0,0.059430626311407234
0,0,0.1951941493452509
1,0,0.1441502342476236
0,0,0.08565452139314333
0,0,0.016889481691210465
0,0,0.1301616117141289
0,0,0.03461632246118792
0,0,0.04064500281366836
0,0,0.1791580284927562
0,0,0.18356774695257208
0,0,0.2896257065274582
0,0,2.0926797789838924e-05
0,0,0.07735553808924628
0,0,0.08609484557552219
1,0,0.02772378078379823
0,0,0.12804405583737916
0,0,0.07204762983658944
0,0,0.07796885787973896
0,0,0.3443283511282122
1,0,0.14045012828750908
0,0,2.636945740323613e-05
0,0,0.0694907110221362
0,0,0.3042351699967069
0,0,0.10599707535377996
0,0,0.061739473044429644
0,0,0.08082585650288975
0,0,5.963015324829595e-08
0,0,0.09162727714809062
0,0,0.14286690286340706
0,0,0.054739948469409494
0,0,0.13996404820784564
1,0,0.053058072392679206
0,0,0.10864627090483671
0,0,0.35567384981918826
0,0,0.08184552737875504
0,0,0.06507173078045209
0,0,0.08008806967099465
0,0,0.15399804843901993
0,0,0.08682788378858568
0,0,0.0685256883399897
0,0,0.15175947496237258
0,0,0.10042359997350361
0,0,0.07410511472616409
0,0,0.12562057484875483
0,0,0.10406204695748647
0,0,0.07883826458840032
0,0,0.15220705420858516
0,0,0.12959099395175863
0,0,0.11281906073658325
0,0,0.11801309273788786
0,0,0.04409788411955203
0,0,0.11254881092811694
0,0,0.034521337544881604
0,0,0.07245531692731855
0,0,0.07319079189455904
0,0,6.208540238144557e-05
0,0,0.10284007490348729
0,0,0.05791675769250021
0,0,0.19671285142790973
0,0,0.05841481719206203
1,0,0.15250827497020977
0,0,0.07264686881067112
0,0,0.06509661032486977
0,0,0.04692206929039034
0,0,2.0793907846614723e-05
0,0,0.1130896225789682
0,0,0.04842570923204111
0,0,0.09397379229224
0,0,0.11007165213878832
0,0,0.07760434036094421
0,0,0.047088893596672836
0,0,0.05068657645069858
1,0,0.21639013727359951
0,0,0.10570254215600534
0,0,0.20300294911827257
0,0,0.12164489457712076
0,0,0.1737775088616305
0,0,0.2227436124052881
0,0,0.11534782831534827
0,0,4.8543764977637265e-05
0,0,0.12036923822926587
0,0,0.04347639921753979
1,0,0.15777184797658622
0,0,0.025888459152966253
0,0,0.07732538372299728
0,0,0.10057368970031441
0,0,0.06671764632054701
0,0,0.4460838406879179
0,0,0.10849644011564852
0,0,0.02950599516805463
0,0,3.895229406462589e-05
0,0,0.078185762963508
0,0,0.03152166123252762
0,0,0.05527788331738164
0,0,0.10369013015727017
0,0,0.09194570100301175
0,0,0.07596092894375576
0,0,0.06152353845437965
0,0,0.05249505213098257
0,0,0.11357518272210232
1,0,0.09422393787276812
0,0,0.22525384005678137
0,0,0.09687968818521639
1,0,0.39276537656567473
0,0,0.16239537539081877
0,0,0.11596279598434889
0,0,0.1042694665272144
0,0,0.06537007829182889
0,0,0.1472803325530238
0,0,0.053472343464026156
0,0,0.15604921717152512
0,0,0.043202010772374226
0,0,0.08047704945775916
0,0,0.04191312064401239
0,0,0.06582922100114044
1,0,0.14183325473806857
1,0,0.3499040513548769
0,0,0.08291947969472602
0,0,0.08061507446436623
0,0,0.07489995310403803
1,0,0.2279985788300194
0,0,0.13892614425926367
0,0,0.054405173659995726
0,0,0.019299495645888603
0,0,0.11983861926247555
0,0,0.0920681683163902
0,0,0.24613552008095255
1,0,0.2259685101277685
0,0,0.05955118859793437
0,0,0.22123697343929988
1,0,0.2173980070345029
0,0,7.527982763354225e-05
0,0,0.09742907978070331
0,0,0.1371898802328162
0,0,0.04690073928511037
0,0,0.19838596953575507
0,0,0.08437197828844731
0,0,0.08658615608446964
1,0,0.13286062687085246
0,0,0.10911926018619622
0,0,0.23040114946667106
0,0,0.10385752819692232
0,0,0.10820909172585655
0,0,0.05747934198855042
0,0,0.07368097483349634
0,0,0.09003190183494132
0,0,3.890426138805509e-05
0,0,0.04924458935820258
0,0,0.0908243468054137
0,0,0.10866386320007829
0,0,0.09148299652737636
1,0,0.18755095560621288
0,0,0.20736316810361222
1,0,0.07173187153830157
0,0,0.09415641146034197
0,0,0.22337616301053798
0,0,0.11104169642909509
0,0,0.11489498863776912
0,0,0.12453374859431945
0,0,0.05055653969869053
0,0,0.14171255017258758
0,0,2.0992802453296362e-05
0,0,0.032201995565082756
0,0,0.07382133122166784
0,0,0.3766755549913636
0,0,9.094837884081124e-05
1,0,0.10849904949841625
0,0,0.045436313635763795
0,0,0.13316509277578187
0,0,0.040007966313908856
0,0,0.09291490780877719
0,0,0.0690220237136992
0,0,0.11844194078386737
0,0,0.05293214130475358
0,0,0.043113281373137476
1,0,0.09697652575157842
0,0,0.06334643744664702
0,0,0.09120398113661157
0,0,0.0942697114247536
0,0,0.037649642337617174
0,0,0.12163267466953602
0,0,0.10174559395276897
0,0,0.12380332503078029
0,0,0.09396758078179011
0,0,0.07925568054255161
0,0,0.11332225364033764
0,0,0.08946096222647312
0,0,0.058120746574669355
0,0,0.11703722565007228
0,0,0.08133568359624964
0,0,0.09980309257346813
0,0,0.0765142047808066
0,0,0.027904641780756703
1,0,0.10314049998798441
1,0,0.0706465800875626
1,0,0.12793733696619686
0,0,0.2816462492484723
0,0,0.09780729054158772
1,0,0.04529642042290766
0,0,0.10670061267972455
1,0,0.06523054595081425
1,0,0.2104408418093292
0,0,5.264607128353401e-06
1,0,0.21507247879906816
0,0,0.12042573301427827
0,0,0.23279753842415554
0,0,0.03613158590184078
0,0,0.13150320094861256
0,0,0.09649221333138383
0,0,0.09607000489445616
0,0,0.09864077130028526
1,0,0.22054918028593223
0,0,0.06854437255291827
0,0,0.10382915792985764
0,0,0.13464233663894604
0,0,0.17283532375568073
1,0,0.1905552105269202
0,0,0.15882898841646376
0,0,0.05315775042799647
0,0,0.12628743162440667
0,0,0.09714948010591853
0,0,0.18721776631071743
0,0,0.11516899389440569
0,0,0.1332791956699708
0,0,0.06657690214796803
0,0,0.0922848455801039
1,0,4.133067610430352e-05
0,0,0.07424494337072357
1,0,0.19173767919408552
0,0,0.029718527326789725
0,0,0.08391178980124002
1,0,0.18707510718538092
0,0,0.06591132363187653
0,0,0.09160045030535663
0,0,0.18338523342492627
1,0,0.0663301707684014
0,0,0.06382385425476585
0,0,0.06658187975722027
0,0,0.048205772734568025
0,0,0.0663241168504106
0,0,0.09875021947307328
1,0,0.22797692502614758
0,0,0.10793523145191794
0,0,0.04872660903795126
0,0,0.2587329729063297
0,0,0.10346603939580813
0,0,0.24675741121153671
0,0,0.07259266576643027
0,0,0.22506445180222856
1,0,0.11654583470330765
0,0,0.04797056990931107
0,0,0.11325918421314479
0,0,0.19628705327345697
0,0,1.0444420275934256e-07
0,0,0.06518143735548491
0,0,0.07959724723554844
0,0,0.07473593873953581
0,0,0.08514170362386701
0,0,0.18089452410379633
0,0,0.08531444904043603
0,0,0.1208621544847057
0,0,0.11489812142232154
1,0,0.302589512277526
0,0,0.06285524980150518
0,0,0.15758442095754704
0,0,0.05039353019724021
0,0,0.08286168855877239
0,0,0.092727053764399
0,0,0.07988219611037892
0,0,0.0854535961590565
0,0,0.05389169778237886
0,0,0.04182726287970081
1,0,0.21700334584070569
0,0,0.11485164963734515
0,0,0.13216364751759194
0,0,0.09383506374889948
0,0,0.47476640175691265
0,0,0.1807554707823294
0,0,0.0708851177730035
0,0,0.35965376289794415
1,0,0.14655714426294209
0,0,0.06076170389395696
0,0,0.17944749516833036
0,0,0.07540147348559721
0,0,0.054753617917584436
0,0,0.0516100169256581
0,0,0.23415670887476933
0,0,0.05996488578642666
0,0,0.1048239642677161
0,0,0.04833854178064061
1,0,0.07724891518224043
0,0,0.0885330536996298
0,0,0.09488710719268971
0,0,0.09656198594795426
0,0,0.06545505966302724
0,0,0.16250851394066798
0,0,0.074644255626331
0,0,0.10281629886102092
0,0,0.16446422539841477
0,0,0.05579888042339777
0,0,0.04708179270482481
0,0,0.13434658852951795
1,0,0.15183327872461128
0,0,0.08625925277051458
0,0,0.07837242764395994
0,0,0.22341781584087705
1,0,0.057973004769211904
0,0,5.287018134589178e-08
0,0,0.03541400085382962
0,0,0.1271177372456741
1,0,0.05651200028546973
0,0,0.07982780591390634
0,0,0.1118669128895599
0,0,0.07764579126161679
0,0,0.06850553653632678
1,0,0.05738642510102674
0,0,0.10448301681602506
0,0,0.0911437512232541
0,0,0.1152403410805427
0,0,0.1345521422956776
1,0,0.15449449160528236
0,0,0.11236467737833329
0,0,0.07601571568129524
0,0,8.935058317264191e-05
0,0,0.1244586801808285
0,0,0.102918093606472
0,0,0.08193337471475787
0,0,0.1647123314713268
0,0,0.12514892956654247
0,0,0.10719760650273084
0,0,0.05889096325119684
0,0,0.10088703980227377
1,0,0.0841879750580551
0,0,0.1636333939457159
0,0,0.09953355106886573
0,0,0.07423079252637814
0,0,0.07428455553457813
0,0,0.021015591373830873
0,0,0.11377685967626427
0,0,0.1122045553361477
0,0,0.14344439513163715
0,0,0.056794514240978484
0,0,8.312364960535087e-05
0,0,0.15236358925396498
0,0,0.16409412172500615
0,0,0.12675462230347934
0,0,0.056999038258424
0,0,0.22804168690296872
0,0,0.2605430594782432
0,0,0.12958448499593286
0,0,0.08721256027092622
0,0,0.17217103615637683
1,0,0.12589139021665818
1,0,0.22978891355496775
0,0,0.07818685408302867
0,0,0.1577869561492488
1,0,0.2328742920354424
0,0,0.20995097873244176
0,0,0.21563045191016927
0,0,0.19314883521576803
0,0,0.11714917332875087
0,0,0.11327212271909122
0,0,4.476537250844016e-05
0,0,0.07307466698608849
1,0,0.10334549831439345
0,0,0.11475877362978205
0,0,0.11037349018798553
0,0,0.09069968996672435
0,0,0.05286322044411838
0,0,0.288136180506753
0,0,0.12252011331990144
0,0,0.12493935886309987
0,0,0.05966606707542802
0,0,0.07924994993043004
0,0,0.10718062747048072
0,0,0.00023244547607464684
0,0,0.21398359633987396
0,0,0.3224348418593068
1,0,0.0706638082138721
0,0,0.11001111872689928
0,0,0.07838286575700251
1,0,0.2118696791283057
0,0,0.10227541722608352
0,0,0.10992294503080181
0,0,0.21097150725466854
0,0,0.18166935537002063
1,0,0.07479613220103462
0,0,0.08345472095268144
0,0,0.14018696173229556
0,0,0.2011530600465778
0,0,0.04758734552206169
0,0,0.14497000422830864
0,0,0.09836727325744704
0,0,0.24630031775216063
0,0,0.12467376354394472
0,0,6.321781982766173e-05
0,0,0.10957762134015829
0,0,0.06904060401722463
0,0,0.046343985418530145
0,0,0.03655340189517871
0,0,0.0799505783642484
0,0,0.22375995442160057
0,0,0.024233225383947055
0,0,0.09889339500460309
0,0,0.12086452190421416
0,0,0.13718031215145754
0,0,0.23487660761583867
0,0,0.060843103420832496
0,0,0.2610164780318524
0,0,0.3016786393745914
0,0,0.1246232167189236
0,0,0.08040700283188938
0,0,0.11784427015827106
0,0,0.030552778273886295
0,0,0.0867020099028077
0,0,0.11131097674956755
0,0,0.10125070715824998
0,0,0.13227012538821792
0,0,0.053874635831533305
0,0,0.25017229647105266
0,0,3.989931590979267e-05
0,0,0.10705692696299511
0,0,0.057000690285594874
1,0,0.1575017828259325
0,0,0.08656879267354689
0,0,0.0866067830324637
0,0,0.00020191854755944433
0,0,0.04606660755961396
1,0,0.09750762028247709
0,0,0.10577412443588328
1,0,0.07144689381081522
0,0,0.13972887548327528
0,0,0.07635626360125349
1,0,0.10150598297682696
0,0,0.08972735008357417
0,0,0.13180784991193809
0,0,0.08560442065840228
0,0,0.25439394767796714
0,0,0.11117684269988896
0,0,0.12224210988764586
0,0,0.09411901877286127
1,0,0.07650014412724442
1,0,0.05898856609151294
0,0,0.061895842284069615
0,0,0.0002656564217220622
0,0,0.25374206254242493
0,0,0.06536660113124404
0,0,0.14236712267819612
0,0,0.09160720021853434
0,0,0.07554593847821156
0,0,0.15973792218524843
0,0,0.17781620631636064
0,0,0.2510751297535559
0,0,0.10929881493123694
0,0,0.1452698351904184
0,0,0.09668928558010016
0,0,0.11577259824302888
0,0,0.14716396924299346
1,0,0.14743840328160113
0,0,0.091598846732347
0,0,0.133659315282514
1,0,0.08770004786445743
0,0,0.08258595869047511
0,0,0.05327097518578801
0,0,1.6461972977918287e-05
0,0,1.100255664542793e-05
0,0,0.030193026398603037
0,0,0.0962496383337732
0,0,0.18452068380836756
1,0,0.07037720769362796
0,0,0.09740015427908053
1,0,0.0804950912185529
1,0,0.2201704857833426
0,0,0.2466873909033325
0,0,0.10551886443322224
0,0,0.03648987145884357
1,0,0.11333263315561769
0,0,0.0766303553068797
0,0,0.08596111712675
0,0,0.04459831422016837
1,0,0.04201020890638503
0,0,0.19831918799524922
0,0,0.18092990681960905
0,0,0.09175218252794966
0,0,0.3200233425973138
0,0,0.09474752369128653
0,0,0.07861348870171765
0,0,0.046359153235687824
0,0,0.08594480984727929
0,0,0.11096858129640227
0,0,0.095802295195703
1,0,0.2802259937418074
0,0,0.04131191327803084
0,0,0.11483354656813492
0,0,0.08901118536336486
0,0,0.1668099513967583
0,0,0.1295260932226737
0,0,0.05911282315872106
0,0,0.064674027422461
1,0,0.103182861500331
0,0,0.06403573471622438
0,0,0.10272724354264759
0,0,0.06698413348790018
0,0,0.0830720405636166
0,0,0.04870467220389137
0,0,0.056831072890403844
0,0,0.08666465811265134
0,0,0.009236752384038854
0,0,0.1151501647835741
0,0,0.13125326534383158
0,0,0.026677699804695292
0,0,0.0783239515951068
1,0,0.05997726424366806
0,0,0.13631281577592042
0,1,0.5841363095620068
0,0,0.06288378568745444
0,0,0.19661589113058597
0,0,0.11180701582598085
0,0,0.09159711622269712
1,0,0.29661751793799795
1,0,0.19847385628333278
0,0,0.1103455674928149
0,0,0.1074769029365315
0,0,0.0748966260082235
1,0,0.06985270415372961
1,0,0.11902582886800726
0,0,0.15982356631842393
0,0,0.040240149541041714
0,0,0.016968985787634065
0,0,0.17621068258084788
1,0,0.16140629715029164
0,0,0.13489372143888984
0,0,0.0411614703568518
0,0,0.07533652642255971
0,0,0.18086044169638768
0,0,0.2986825645995881
0,0,0.06548423746741198
0,0,0.08261769103700065
0,0,0.09953748255311876
0,0,0.05892718246787647
0,0,0.20646041793322237
0,0,0.11828305862002494
0,0,0.05390148754120995
0,0,0.24609891370291584
0,0,0.13165341414374024
0,0,0.0749663176424155
0,0,0.07964533064564715
0,0,0.12718690534414087
0,0,0.0480228152372432
1,0,0.12604574843073035
0,0,0.27327553743500194
0,0,0.0391413097392506
0,0,0.126120832249543
1,0,0.2327537466902707
0,0,0.045359065821116866
0,0,0.17818401034410558
0,0,0.314876679848075
0,0,3.6297742033223605e-05
0,0,0.17793960452376742
0,0,0.07544788846600549
1,0,0.09023938180282678
0,0,0.09690445098253275
0,0,4.841763833255466e-05
0,0,0.1084588044167823
0,0,0.03371078264784394
0,0,0.10834763771445548
0,0,0.1420032831080663
0,0,0.029902195166488444
0,0,0.07222357304755556
0,0,0.14260634361208996
1,0,0.15927549713753786
0,0,0.19327805150523678
0,0,0.05781189981641557
0,0,0.039580279439800005
0,0,0.12593173684016712
0,0,0.10970996554856019
0,0,0.08146266060369622
0,0,0.07414455160411648
1,0,0.1792184465008025
0,0,0.0856478601780007
0,0,0.054628273640531924
0,0,0.23760223725313262
0,0,0.11329202306956526
0,0,0.05772914395928387
0,0,0.09884006987139381
0,0,0.08891863710299344
0,0,0.07464560825720384
0,0,0.03689843421706277
0,0,0.050309936811210196
0,0,0.09190985379173383
0,0,0.07983470947975023
1,0,0.027548724743112464
0,0,0.04536230365835107
1,0,0.14021243554731455
0,0,0.10725998612036472
0,0,0.2107656169462357
0,0,0.07940544735225029
0,0,8.945780538263727e-05
1,0,0.1620933056816062
0,0,0.15555807611523748
0,0,0.08311781666177402
0,0,0.08145537722656167
0,0,0.055807661275442344
0,0,0.039912982385139545
1,0,0.3236762164697248
1,0,0.14910186864159722
0,0,0.08478453332177441
0,0,0.07886097295127918
0,0,0.039091324604421177
1,0,0.15885340507269166
0,0,0.060204173728342275
0,0,0.10913084506404636
0,0,0.09211748673763855
0,0,0.14484105602506323
0,0,0.05958594396777411
0,0,0.0949602392805896
0,0,0.11436504929507522
0,0,0.09736164077516475
0,0,0.13355279564550185
0,0,0.06875178414130718
0,0,0.10465071780065252
0,0,0.06990671171532094
0,0,0.10447194210656081
0,0,0.12795318085877125
0,0,0.10070850817504359
0,0,0.04420693106795157
0,0,0.08328381411550366
0,0,0.19410085544430558
0,0,0.2319099924096024
0,0,0.2095153578304015
1,0,0.4495492906380776
0,0,1.6455255907364924e-07
0,0,0.12789367090589943
0,0,9.234133798372021e-06
0,0,0.21252707730758424
0,0,0.04252842262407577
0,0,0.10658721139834115
0,0,0.1147444806457415
0,0,0.1525052080273874
0,0,0.3533670462397519
0,0,0.10957429881351052
1,0,0.10116974047360118
0,0,0.10220968980057304
0,0,0.05360181508188699
0,0,0.08100985858680768
0,0,0.1712989747287847
0,0,0.11299623064702223
0,0,0.09886437016929091
0,0,0.09136209198467363
0,0,0.026840776131424215
0,0,0.03707917499100197
0,0,0.05574102853614436
0,0,6.764077334252527e-05
0,0,0.0668139178119164
0,0,0.050900492950475294
0,0,0.05296935085906839
0,0,0.08937286187972207
0,0,0.0674654407971049
0,0,0.08396292231172085
1,0,0.1392302336634622
0,0,0.12725112957176446
0,0,0.07132256380230291
0,0,0.30083992790487435
0,0,0.18022427078081568
0,0,0.05356355420108175
0,0,0.10771574841207374
0,0,0.06182371149497785
0,0,0.1488294234859161
0,0,0.082208301692131
0,0,0.10012744205720969
0,0,0.11465623914641991
0,0,0.07877398847135102
1,0,0.015061863478418537
0,0,0.14115009128167916
0,0,0.0696880538676592
0,0,0.15454592879844464
0,0,0.10145155965464225
1,0,0.16829670485317155
0,0,0.11487960317899157
1,0,0.21063074780718158
1,0,0.16463813049566542
0,0,0.027982927597644855
0,0,0.05254281567081526
0,0,0.06330041072685352
0,0,0.1161629023568467
0,0,0.06395960126450964
0,0,0.1345104279866892
0,0,0.0943623392663053
0,0,0.08920855098419493
0,0,0.09043246483715851
0,0,0.13964604351421225
0,0,0.17927821373139585
0,0,0.15507873211022954
0,0,0.11054532798820044
0,0,0.0023113431664559167
0,0,0.14647984823444193
0,0,0.07134205832622573
0,0,0.089621818069499
0,0,0.2124699229741886
0,0,0.058435481354267835
0,1,0.6658335640324137
1,0,1.6150495269403535e-05
0,0,0.3032204688467163
0,0,0.15227660041231478
0,0,0.07773423114815702
0,0,0.06611388484713865
0,0,0.07677773783417496
0,0,0.09528030206347148
1,0,0.3660846021882487
0,0,0.19477902241526882
0,0,0.06698842998199127
0,0,0.06368531035974008
0,0,0.05144284193000752
1,0,0.030210535004796604
0,0,0.07770362631021847
0,0,0.08749538045987389
0,0,0.10564764155461885
0,0,0.0674154657194953
0,0,0.09810378149154454
0,0,0.27861884365855155
0,0,0.08107865962223859
0,0,0.19518227614618225
0,0,0.19524542695839847
0,0,0.14061579684551584
0,0,0.09678435745391667
0,0,0.07059842968999507
0,0,0.24930892676262756
1,0,0.09146271859434008
0,0,0.09982609870952903
0,0,0.081041561336614
0,0,0.185890616136235
0,0,0.15679155887750276
0,0,0.06878342183180094
0,0,0.09290961710641361
1,0,0.13614429597276553
0,0,0.06269597241034108
0,0,0.06142379126375469
0,0,0.17953930202203788
0,0,0.0960575461387188
0,0,0.1742906096301598
0,0,0.037749106134917124
0,0,0.08059485600781167
0,0,0.06735603374119423
0,0,0.09028211121631782
1,0,0.07590670814388861
0,0,0.09247294975622761
0,0,0.08652844999818682
0,0,0.11315236370614369
0,0,0.18040650265908065
0,0,0.15471212501893308
0,1,0.5742591317010873
0,0,0.05187125317589969
1,0,0.13316393316552189
0,0,0.10590509422442408
0,0,0.07844852806357834
0,0,0.14551265986536838
0,0,0.08939780860081675
0,0,0.2313227204368633
1,0,0.1282276069542005
0,0,0.1685398202953418
0,0,0.12924709432764955
0,0,0.07331338117708698
0,0,0.061788737484443884
0,0,0.053582211922017425
0,0,0.10611820722913858
0,0,0.08003501358235508
0,0,0.10519423045659002
1,0,0.06694134742337035
0,0,0.07636811043399978
0,0,0.0793111182819531
0,0,0.04372298902271422
0,0,0.09005929820589677
0,0,0.07492248550805339
0,0,0.061469872598666236
0,0,0.09567276794156385
0,0,0.22358507911331543
0,0,0.07397742904620076
0,0,0.14054560932460924
0,0,0.12498478127521223
0,0,4.550954480255356e-05
1,0,0.09933058829610199
0,0,0.09387226393677794
0,0,0.06660205977987217
0,0,0.037522919874985836
0,0,0.06969040971868906
1,0,0.09266932771354107
0,0,0.15465566057815489
0,0,0.0727416714983434
0,0,0.10223681508324432
0,0,0.07443181915447776
0,0,0.06824985772053486
0,0,0.06684230216529659
0,0,0.0183648652858517
0,0,0.11390865703784844
0,0,0.07615726228112496
0,0,0.043418868346865404
0,0,0.10554815509361548
0,0,0.10619665771784881
0,0,0.044790207110146404
0,0,0.05324058318465502
0,0,0.13328843569148402
0,0,0.12298400521333179
0,0,0.13529380299575805
0,0,0.0388015866844308
0,0,0.18402621465775362
0,0,0.05715877496785801
0,0,0.1487613916839181
0,0,0.09507386534299454
0,0,0.09174496517010526
0,0,0.09826682607340302
0,0,0.12603771089600307
0,0,0.10281127556316469
0,0,0.04864651820327403
0,0,6.185182695078201e-05
0,0,0.12854896244877367
0,0,0.08718239495744619
1,0,0.3816336008118889
0,0,0.11527036315426384
1,0,0.350418918204346
0,0,0.3995517573062293
0,0,0.11164497586891871
0,0,0.12157187612691407
0,0,0.13563057297009637
0,0,0.0684739766958231
1,0,0.10550027505620735
0,0,0.13728675145117183
0,0,0.030269154196437772
0,0,0.10158121935811215
0,0,0.06180558755125155
0,0,0.10191588717074736
0,0,0.16393200579899994
0,0,0.07486929902572591
0,0,0.08608830569902626
0,0,0.11025573088471162
0,0,0.042807453180417974
0,0,0.10920129090227243
0,0,0.04765626272172832
0,0,0.11153920984115658
0,0,0.06427837384704523
0,0,0.07812431253231256
0,0,0.11797659436901753
0,0,0.0016961557773535578
0,0,0.08912859069710578
0,0,0.1769413357240514
1,0,0.08763785387330841
0,0,0.0941035231922348
0,0,0.11307906674804609
0,0,0.19727993948308234
0,0,0.10625563609466539
0,0,0.061760584974898045
1,0,0.28173515541071176
0,0,0.32829167873195136
0,0,0.0417056972150605
1,0,0.26936558353541173
0,0,0.08392627473342613
0,0,0.10538515886124541
0,0,0.1332662837833857
0,0,0.07701035931617699
0,0,0.0830649222439897
0,0,5.1882087236937796e-05
0,0,0.1022013796703065
0,0,0.044526083794497504
0,0,0.04891395594137087
1,0,0.026293711761895606
0,0,0.05248058184379754
0,0,0.01093490431641879
0,0,0.10825808904361427
0,0,0.09310622349071741
0,0,0.10836345136209218
0,0,0.024003088052852842
0,0,0.14743492245143
0,0,0.04011526696425622
0,0,0.10756453291628164
0,0,0.09410256923388612
0,0,0.15082227389582967
0,0,0.15817300505536636
0,0,0.16547349957621407
0,0,0.1468082458408899
0,0,0.10382961694201621
0,0,0.0957057844353598
0,0,0.05976168332760913
1,0,0.12175194536286546
0,0,0.15402597217374797
0,0,0.07540523975890369
0,0,0.05936488804434867
0,0,0.07727448221012911
0,0,0.09792394996671872
0,0,0.15963404511672624
0,0,0.16809558476734457
0,0,0.07568451805722673
0,0,0.09746627910202561
0,0,0.026519831681094935
0,0,0.08654551174603582
0,0,0.2348711021344982
0,0,0.07360428880179358
0,0,0.17107547180003632
0,0,0.10650336410391972
0,0,0.047712390482511115
0,0,0.05996791579446414
0,0,0.12547411107207623
0,0,0.11727659662041628
0,0,0.14288002490847485
0,0,0.07880278153288185
0,0,0.03497994967703103
0,0,0.08972776655186342
0,0,0.1337056015780921
0,0,4.1106925648565904e-05
0,0,0.04997306176084282
0,0,0.05540486630923165
0,0,0.05963250200744597
0,0,0.10181563071734746
0,0,0.05143626265189149
0,0,0.09782135553894153
0,0,0.07571031087295561
0,0,0.11972570998918051
0,0,0.0001410135261862422
1,0,0.14345588813751423
0,0,0.038669084998570843
0,0,0.12439434555078036
0,0,0.0830764120151575
0,0,0.05671452844186821
0,0,0.12409731822761264
0,0,0.1381455551313491
0,0,0.1015743200371028
0,0,0.07678568801802631
1,0,0.3336428530069849
0,0,0.09856714664545979
1,0,0.15584422517709073
0,0,0.09318064051071381
0,0,0.09783282674360053
0,0,0.06133853548203854
0,0,2.5785081539862566e-07
0,0,0.0997075723391965
0,0,0.1970590023227839
0,0,0.1278488994198206
0,0,0.07615936860745584
0,0,0.03957306461524473
0,0,0.07653347481142289
0,0,0.08219612041091387
0,0,0.09685538417742955
0,0,0.18746161683551937
0,0,0.05146890100824628
0,0,0.0003056341005600101
1,0,0.1095600462334439
1,0,0.17920370722375814
0,0,0.2339476912911032
1,0,0.10679849906171514
0,0,0.07888915353409597
0,0,9.657208841353042e-06
0,0,0.12034469929843213
0,0,0.10733210909480609
0,0,0.1729421352397474
0,0,0.03861304200166561
0,0,0.14925816834729133
0,0,0.1326271043470736
0,0,0.11739575264388696
0,0,0.1543536887790478
0,0,0.05177972468946167
0,0,0.06714984016425825
0,0,0.06401201044841294
0,0,0.11814611002072012
0,0,0.2548519209635302
0,0,0.042657242715559665
0,0,0.298049935728168
0,0,0.11410923137074998
1,0,0.15121628565416853
0,0,0.1730751542415297
0,0,0.13590101390044224
0,0,0.06546724525200005
0,0,0.11660259368721529
0,0,0.10820633119436107
0,0,0.06618784753667586
0,0,0.06874087255264959
0,0,0.19944163154583533
0,0,0.05034016974066578
1,0,0.20084724691545303
1,0,0.062336176071850734
1,0,0.22202351292119107
0,0,0.20111057056685724
1,0,0.13266787220736237
0,0,0.1169094140053979
0,0,0.08985826312219765
0,0,0.28943707594163076
0,0,0.15714120239320245
0,0,0.1187129803893369
0,0,0.13721531494081465
0,0,0.16987998224027923
0,0,1.6110101776417487e-05
1,0,0.3531050303329713
0,0,4.987897883088724e-05
0,0,0.06629819776078116
0,0,0.07854845476310872
0,0,0.03098912163812746
0,0,0.16622161709100794
0,0,0.0928116365119294
0,0,0.0003024230464758683
0,0,0.11047239396281362
0,0,0.17058576561165936
0,0,3.428557693447013e-05
0,0,0.04115292665211862
0,0,4.3265173403993353e-05
0,0,0.07784988990443124
0,0,0.10913976010045197
0,0,0.20717796473754743
0,0,0.23098109869097397
0,0,0.05345242035247408
0,0,0.054437910438658636
0,0,0.07035989645050986
0,0,0.04805383457454849
0,0,0.04785407396256321
0,0,0.12097859753759206
0,0,0.0859698555211652
0,0,0.011603346376179772
0,0,0.0922095253311122
0,0,0.08257470307341833
0,0,0.2016743196497082
0,0,0.3211445171331994
0,0,0.09857836697930997
0,0,0.0774488928803066
0,0,0.08486734258000078
0,0,0.11118099588734516
0,0,0.147051324386407
0,0,0.08505687239260033
0,0,0.09891107378025636
0,0,0.069169413782967
1,0,0.19440427259482723
0,0,0.17638259966202943
0,0,0.0908092764182388
0,0,0.08613556416931997
1,0,0.051253451984283
0,0,0.09678660008837003
0,0,0.06523477340846393
0,0,0.10003775381487978
0,0,0.09310111592589627
0,0,0.02547650805764375
0,0,0.12232411993764235
0,0,0.044173255038165715
0,0,0.10676312055093637
0,0,0.06716151480289406
0,0,0.047774744823799266
0,0,0.16891202064777314
0,0,0.08497232857792847
0,0,0.12561952980923632
0,0,0.0766249577357964
0,0,0.17617443384323472
0,0,0.0478946745877679
0,0,0.07126703607912126
0,0,0.1077449060655798
0,0,0.03440331683444231
0,0,0.07680022370868742
0,0,0.0741164679066609
0,0,0.05499202506923171
0,0,0.37980287383272837
0,0,2.198705715423633e-07
0,0,0.0693620243335806
1,0,0.04747114319587273
0,0,0.14253021424019602
0,0,0.10183817925214986
0,0,0.023677464174167658
0,0,0.08959561005842519
0,0,3.3247583271693065e-05
0,0,0.0818524244411728
0,0,9.689267408532165e-05
0,0,0.16492252118264478
0,0,7.312153376205357e-05
0,0,0.06493470760336063
0,0,0.04914315276922704
0,1,0.6129680158647709
0,0,0.1834507605147075
0,0,0.18314221279370174
0,0,0.0642205166846643
1,0,0.07422299502788353
0,0,0.03340206392097797
0,0,0.05725553587366191
1,0,0.05485457911374483
0,0,0.04031521681960028
1,0,0.09484515382604711
0,0,0.13629882197279763
0,0,0.1547196041423242
0,0,0.04949286474051958
0,0,3.224005652411326e-05
0,0,0.00010509674612603876
0,0,0.20877086340892176
0,0,0.4322243836546035
0,0,0.08411821559757951
1,0,0.12098302164064074
0,0,0.09060936415024069
0,0,0.029888885707410804
0,0,0.06042131083223914
0,0,0.07428287234448745
0,0,0.09996815212775981
0,0,0.11571106911182832
0,0,0.15581699518764663
0,0,0.05160092806269471
0,0,0.17363869388873945
0,0,0.1262218480711099
0,0,3.176401848559123e-05
0,0,0.18167710929092015
0,0,0.08721574294861117
1,0,0.06451572086056451
0,0,0.0517562480009387
0,0,0.04441341877211256
0,0,0.08519677713202316
0,0,0.07311038225345015
0,0,0.01587939344905667
0,0,0.10489556498636907
0,0,0.04399347502243587
0,0,0.12477423506499191
0,0,0.00013618450606143188
1,0,0.15403659688758156
0,0,0.0996491801750048
0,0,0.04469861687903789
0,0,0.13949492654964996
0,0,0.06701381997625093
0,0,0.12513163784132128
1,0,0.14999090584762673
0,0,0.09528628908811632
0,0,1.617663884705937e-05
0,0,0.12019588602169688
0,0,0.1771246983578387
0,0,0.0730575642782562
0,0,1.734682845972355e-05
0,0,0.09910117295780944
0,0,0.23068353845354095
0,0,0.1341367649191933
0,0,0.06326844966906288
0,0,0.048121032375238425
1,0,0.07512145261382494
0,0,0.16756211946429508
0,0,0.1228349332047985
0,0,0.1361021780229837
0,0,0.12902426445264173
0,0,0.057211889101915055
0,0,0.05375765187629128
0,0,0.2527431911251549
0,0,0.0841696814748393
0,0,0.05864495020890194
0,0,0.0486785846606607
0,0,0.08932132292112054
0,0,0.1501746057958992
0,0,0.09064416244668239
0,0,4.5299391307102804e-05
0,0,0.1711203957430303
1,0,0.2441546905910782
0,0,0.15606777824616178
0,0,0.10464988243902298
0,0,0.10411019249876459
1,0,0.17222409551963833
1,0,0.18750938436863293
0,0,0.11635120094566755
0,0,0.1152301402228234
0,0,0.07816332951935531
0,0,0.08284935917058278
0,0,0.11283912256466425
0,0,0.1321718050817228
0,0,0.12945179970629456
0,0,0.47984702856287886
1,0,0.17668932787799885
0,0,0.04390245099133001
0,0,0.1253272038883212
0,0,0.2242123927360357
0,0,0.05961527646146244
0,0,0.06169462168217486
0,0,0.1392389987268908
0,0,0.07570763452592215
0,0,0.13908883001628994
0,0,0.18050209117337698
0,0,0.11662779139096414
0,0,0.1484178698272617
0,0,0.05405692759227411
0,0,0.11101239186993468
0,0,0.08988433292437673
0,0,0.0635701012645001
1,0,0.0645670182982602
0,0,0.10533090503014338
1,0,0.1388684439885512
0,0,0.15039052835813943
0,0,0.11766948670153213
0,0,0.08280500409638064
1,0,0.09932372658851689
0,0,0.08012146236632656
0,0,0.07312636069989041
0,0,0.09082234772912053
0,0,0.05658380169137504
0,0,0.12261419822565271
1,0,0.1118023595719947
0,0,0.04420327840945119
0,0,0.06751785996801721
0,0,0.045940430833686076
0,0,0.12121477561648428
0,0,0.1118851420300923
0,0,0.13080058190113464
0,0,0.07593568004996792
0,0,0.12118183011887723
0,0,0.0012038350696447332
0,0,0.04371531552935145
0,0,0.05144630619256514
0,0,0.11791323312046095
0,0,0.09429473564621599
0,0,0.09739556887540249
1,0,0.22276268630330373
0,0,0.08000586233644331
0,0,0.21764315779435864
0,0,2.6393739787070263e-05
0,0,0.07652835420982664
0,0,0.04109592213901954
0,0,0.3548883345940937
1,0,0.057864544749053816
0,0,0.19393477630350747
0,0,0.14785442464578494
0,0,0.13416248915754234
0,0,0.1271272290446315
0,0,0.126085196550452
0,0,0.197577457506515
0,0,0.07233424051325167
0,0,0.1566663332868517
0,0,0.0004249052145056407
0,0,0.0001114828282427841
0,0,0.10347556902159036
0,0,0.10605205450060716
0,0,0.16042084653974514
0,0,0.24869997565647492
0,0,0.08856660468519531
0,0,0.09265995952560901
0,0,0.06621543688660125
0,0,0.13099010973606776
1,0,0.038800012858158886
0,0,0.026303344806129062
0,0,0.07023466562921035
0,0,0.05159886155289188
0,0,0.08011729166695734
0,0,0.09261910918968845
0,0,0.12183249213338194
0,0,0.07857157324928997
0,0,0.08838424518277087
0,0,0.10830548765880049
0,0,0.16767263248796396
0,0,0.09624074164749064
0,0,1.077817571408565e-05
0,0,0.10156211697869692
0,0,0.054031783834654706
0,0,0.119755169932034
0,0,0.09516519388238837
0,0,0.06526020272509117
0,0,0.07986387795561466
1,0,0.2153863939428454
0,0,0.2626841448068549
0,0,0.07977435910582462
0,0,0.019646766059279622
0,0,0.1162202631019529
1,0,0.1288587438754946
0,0,0.0529700803480664
0,0,0.0804116999490997
0,0,0.08267828013469342
0,0,0.07563104138708569
0,0,0.09007696533845772
0,0,0.23147961437549794
0,0,0.04836180693290869
0,0,0.08801813980544428
0,0,0.11886588794371535
0,0,0.08584030472943477
0,0,0.05884312204385864
0,0,0.4085279835855082
0,0,0.14959670825783805
0,0,0.12830423882588182
0,0,0.30581174963259566
0,0,0.32371081385760037
0,0,0.1029313703713911
0,0,0.08252951392727736
0,0,0.08800552869017707
1,0,0.2442588647759144
0,0,0.2687396720323692
0,0,0.11592772755545787
0,0,0.0598890672797801
0,0,0.09276916700723173
0,0,0.1352512827105102
0,0,0.0879480301111252
0,0,0.1084545262036627
0,0,0.09321607822784544
0,0,0.17533283391474982
0,0,0.12158757841537746
0,0,0.15227074146873656
0,0,0.07680871444974216
0,0,0.05735685193500395
0,0,0.11290230857152062
0,0,0.09553629692293429
0,0,0.1707866375102454
0,0,0.17265105826345295
0,0,0.07939216697308639
0,0,0.05729672772605979
0,0,0.08704611566829988
0,0,0.08400666222529454
0,0,0.09334104359405339
0,0,0.06003272456347847
0,0,0.051689941311021274
0,0,0.15788582964921044
0,0,0.1323312616661898
0,0,0.1057448800193771
1,0,0.20186012093295397
0,0,0.08422104141696728
0,0,0.07278797831262275
0,0,0.04996144402920512
0,0,0.07662628729040445
0,0,0.13741798458319088
0,0,0.09683713779042673
0,0,0.1690703795220889
0,0,0.05526161815753298
0,0,0.06576102834295315
0,0,0.14545679888660903
0,0,0.11888768672610003
0,0,0.056163429209786966
0,0,0.0727696403681176
0,0,0.2027876993345073
0,0,0.1505675485072423
1,0,0.13761104984508543
0,0,2.9205240914720454e-05
0,0,0.2017037902042768
0,0,0.07569519652853139
0,0,0.006443989963992052
0,0,0.0656962565095776
1,0,0.1410269923971799
1,0,0.17544420473773245
0,0,0.1224432308146611
0,0,0.14306721618272633
0,0,0.05948803009029979
0,0,0.02890504471922589
0,0,0.069598388695514
1,0,0.09204394828138342
0,0,0.13422878883689865
0,0,0.1259155825836908
0,0,0.07814002897256685
0,0,0.09329203342398626
0,0,0.06993553593919409
0,0,0.06199585774191857
0,0,0.36831283329708947
0,0,0.11307667745457307
0,0,0.18614899458841314
0,0,0.1520164148463232
0,0,0.0779512908743176
0,0,0.05453267602959155
0,0,0.039020679441226086
0,0,0.05309412026226004
0,0,0.0721762448628842
0,0,0.07055957732440493
0,0,0.36733132250709866
0,0,3.1346584764006255e-05
0,0,0.07852143454200262
0,0,0.10007474589219803
0,0,0.10728429624876687
0,0,0.4192854170948093
1,0,0.0938950193686141
0,0,0.1330911936837807
0,0,0.2944930177027998
0,0,0.11237738359154148
0,0,0.06248466703229196
1,0,0.09164325845920789
0,0,0.13158012015796242
0,0,2.234699367276522e-07
1,0,0.0955431329121998
0,0,0.28008681077202935
0,0,0.07936543632785834
0,0,0.10456099551692628
0,0,0.11450403956556417
0,0,0.07060439094950312
0,0,0.1459060035957182
0,0,5.476276023593633e-05
0,0,0.4057157484728795
0,0,0.08339236434154794
0,0,0.060279596163608444
0,0,0.09167351397940061
0,0,0.12004174839861466
0,0,0.21649850399522974
0,0,0.032879078532389076
0,0,0.0773574407337727
0,0,0.11128360620414568
0,0,0.08010835834559797
0,0,0.18294348209065125
0,0,0.14328261545031762
0,0,0.1422951130106105
1,0,0.10122631268142983
0,0,0.05560944014782169
0,0,0.1430990128665372
0,0,0.2805464700928587
0,0,0.11921855414011183
1,0,0.18530496992806245
0,0,0.09692014804165922
0,0,0.07494372768279181
0,0,0.08961186810576341
0,0,0.0864626093690519
1,0,0.08433983515641294
0,0,0.04657837650223506
0,0,0.11960408923981256
0,0,0.06993260539909942
0,0,0.05532033086531996
0,0,0.09967575277622708
0,0,0.07057815831444747
0,0,0.12761774082186242
0,0,0.12183675006543972
0,0,0.04456098613015441
0,0,0.04953628863595609
0,0,0.13792795105373226
0,0,0.13641435190474965
0,0,0.06442710537755754
0,0,0.04170948155074934
0,0,0.33694870815497185
0,0,0.06278561817597396
1,0,0.3304213429323817
0,0,0.21759143248021637
0,0,0.10277287413854529
0,0,0.06164545038723641
0,0,0.19462155658370647
0,0,0.0796465681539438
0,0,0.28610297917769767
0,0,0.0701759588190327
0,0,0.059508021706280015
0,0,0.06306738402275597
0,0,0.10729708300888349
0,0,0.08495253936674983
0,0,0.06653502119699763
1,0,0.4986347333856979
0,0,0.2323885265861971
0,0,0.11564273765341243
0,0,0.1343075169634587
0,0,0.17161747274997075
0,0,0.07038718993054657
0,0,0.16123896771589832
0,0,0.30953893122881854
0,0,0.06681291693876938
0,0,0.09095205952086854
0,0,0.1369307177278133
0,0,0.16274755415105496
0,0,0.17135185763079974
0,0,0.1761870472924009
0,0,0.07264155964419154
0,0,0.10790342964543534
0,0,0.14093062930210845
0,0,0.12921086969020043
0,0,0.3058787487675446
0,0,0.014901140555578566
0,0,0.03204487372653425
0,0,0.028105139142943374
1,0,0.08871241006089953
0,0,0.1593002527566302
0,0,0.05589308682141336
0,0,0.000378752605510602
0,0,0.07438051125687088
0,0,0.18074630604432637
0,0,0.10503517506358158
0,0,0.04177688253864565
0,1,0.6289704567902714
0,0,4.488976733696391e-05
0,0,0.11205864119642392
0,0,0.122285043117525
0,0,0.07404777159818446
0,0,0.1324316332165512
0,0,0.09418300623168924
0,0,0.0782234185256575
1,0,0.1255313730552511
1,0,0.18713444057633666
0,0,0.0979849959630143
0,0,0.11419123642113202
0,0,0.054540095199638663
0,0,0.09116571346155172
0,0,0.12161169496903736
0,0,0.18468438991189068
0,0,0.2232518813440334
0,0,0.08057428015378719
0,0,0.04092591607400157
0,0,0.08050577098661832
0,0,0.08655375210988062
0,0,0.09172389869760818
0,0,0.0956615138826845
0,0,0.23115700931951963
0,0,0.08848836143460341
0,0,0.0967513492482074
0,0,0.11169851508363585
0,0,0.10775350636969404
0,0,0.17178564959447612
0,0,0.04183361171422714
0,0,0.13731712014025507
0,0,0.04821872344537811
0,0,0.037295705702924765
0,0,9.526339557388373e-06
1,0,0.4504461065258481
0,0,0.08561754951120518
1,0,0.3517627421650117
0,0,0.04444026174679286
0,0,0.051390995440124966
0,0,0.11083832938599028
0,0,0.18308640123533843
0,0,0.21722913586419937
1,0,0.08412972984075273
0,0,0.10691339219005494
0,0,0.06823804811737513
0,0,0.047671417056478205
0,0,0.06818391099211207
0,0,0.28316274431371524
0,0,0.2884299291641749
0,0,0.1487000468088083
0,0,0.18812919445739068
0,0,0.00040999495933881315
0,1,0.6095982645133156
0,0,0.0404989883947778
0,0,0.09765103477635335
0,0,0.19864429776630418
1,0,0.1108440792707063
0,0,0.06796999662664087
0,0,0.11222502576358546
0,0,0.07437455901219334
0,0,0.06315323756396353
0,0,0.08474081083546348
0,0,0.046551322599092254
0,0,0.06268402072904267
0,0,0.08198831966596856
0,0,0.0710658607100111
1,0,0.09844376202277084
0,0,0.05116227144292469
0,0,0.17724777918257778
1,0,0.10123593590234531
0,0,0.12405468640895219
0,0,0.22211493968884471
1,0,0.1298997174046188
0,0,0.04480432920377663
0,0,0.12978335009257663
0,0,0.0871639630267715
0,0,2.500048496353165e-08
0,0,0.07112766337217291
0,0,0.0946302379862895
0,0,0.051207025282032054
0,0,0.022537250357475107
0,0,0.21400507579259423
0,0,0.1622566312719961
0,0,0.22322546192930276
0,0,0.06797790204253568
0,0,0.20175033959546368
0,0,0.0900571405458393
0,0,0.09371861736113409
1,0,0.11282007065727367
0,0,0.22260558148503612
0,0,0.10389985822407433
0,0,0.023722891999137113
0,0,0.05387692277935619
1,0,0.04960419320219782
0,0,0.11417036172930044
0,0,0.12034964059322663
0,0,0.10802321326484525
0,0,0.09784485944180475
0,0,0.09689700506142172
0,0,0.08018642021978942
0,0,0.11745029069018008
0,0,0.10106151943175941
0,0,0.10854152087690302
0,0,3.746906228207313e-07
0,0,0.099209231114026
0,0,0.10166087537943184
0,0,0.10636459802049295
0,0,0.07026558371241416
0,0,0.11381627071837537
0,0,0.05167153855288011
1,0,0.14888010019453163
0,0,0.18384258734289394
0,0,0.14093437804539788
0,0,0.05314716422844623
0,0,2.455254523151314e-05
0,0,0.08423408423113046
0,0,0.07614215049156595
0,0,0.1459534624954371
0,0,0.0001520413798108913
0,0,0.11832174237365642
0,0,0.04276145998102301
0,0,0.1262955288530571
0,0,0.10342185286399315
0,0,0.04472219275662276
0,0,0.04835547603905528
0,0,0.07908100733070146
0,0,0.10890831472402096
0,0,0.20199356822872191
1,0,0.1941116943690015
0,0,0.16056374739453053
1,0,0.06137683908610016
0,0,0.0748943649383651
0,0,0.07662215731285517
0,0,0.09781583150872046
0,0,0.11751177891481726
0,0,0.16349658983022475
0,0,0.0921885158785719
0,0,0.0715329299847896
0,0,6.35471483929375e-05
0,0,0.14722105250330586
0,0,0.04862493775036829
0,0,0.08819229115945502
0,0,0.058741202534609016
0,0,0.02765261767096437
0,0,0.05128510136615535
1,0,0.02285353929199673
1,0,0.09347972599418441
1,1,0.5139021120548887
1,0,0.1776099328015351
0,0,0.08047220803881895
0,0,9.401408898641623e-06
0,0,0.023230835664877634
1,0,0.1730385433843645
0,0,0.11191834262792134
0,0,0.0535171591596416
0,0,0.028398576654254618
0,0,5.4121712358575284e-05
1,0,0.0626897684080622
0,0,0.149720425863549
1,1,0.6288660238265856
1,0,0.04802957913423967
0,0,0.07913228202214383
0,0,0.28770184705411117
1,0,0.1589715120850233
0,0,0.09489301155586494
0,1,0.5126612655562224
0,0,0.04624874143253637
0,0,0.11156457064278869
0,0,0.15435955769964188
0,0,0.09301318132268752
0,0,0.1463903841800397
0,0,0.08251056936015866
0,0,0.10818888562099022
0,0,0.05694675490997246
0,0,0.10999187128896064
0,0,0.0875605203269639
0,0,0.13691201096393837
0,0,0.0919504588284255
0,0,0.08288255117945523
0,0,0.10138949701004116
0,0,0.12951102783820007
0,0,0.08437731443891096
0,0,0.1594976271616744
0,0,0.09210262974296121
0,0,0.1391216103028334
0,0,0.13843568749287677
0,0,0.11134440768946499
0,0,0.09609088962754453
0,0,0.07208865988412759
0,0,0.07866903593347636
0,0,0.10095820069907346
0,0,0.1311312469132234
0,0,0.06502506623129747
0,0,0.13136897120564284
0,0,0.09834980864018245
0,0,0.07457647774273898
0,0,0.07353543571367128
0,0,0.04784552516732761
0,0,0.03994682428453793
0,0,0.08829818627826086
0,0,0.13055612316563023
0,0,0.04696143781886914
0,0,0.1058294752873016
0,0,0.08494303398927368
0,0,0.05334029237286526
0,0,0.09141015426883466
0,0,0.08549662075582563
0,0,0.03921511786349936
1,0,0.18701077791335163
0,0,0.1298757302657891
0,0,0.183435300578741
0,0,0.009498336653302648
0,0,0.05700125125354337
0,0,0.08685967154005261
0,0,0.09916592284270473
0,0,0.10420734894272944
1,0,0.00042130111987336054
0,0,0.15212775322389174
0,0,0.16546235916629806
0,0,0.1898150135484196
0,0,0.11253578965992035
0,0,0.06814652565036135
0,0,5.3452001904151196e-08
0,0,0.11888502097421283
0,0,0.1388564987699963
0,0,0.06940339860981881
0,0,0.18809478440281838
1,0,0.07033648935609967
0,0,0.17152084666474104
0,0,0.0934146422335684
0,0,0.1126264522156388
0,0,0.11723394756978456
0,0,0.049798627014906324
0,0,9.276333222978662e-05
0,0,0.05885549206621036
0,0,0.10102046685045377
1,0,0.14868276014964463
0,0,0.021674768770938664
0,0,0.05969273552080539
0,0,0.1185869204361022
0,0,0.12152328638251457
0,0,0.08819001024207894
1,0,0.00010500175424542186
0,0,0.00016110626263173987
0,0,0.044688731443934475
0,0,0.11479008411318602
0,0,0.05871413383202839
0,0,0.01461556703406455
0,0,0.09169186371006839
0,0,0.16087817747787486
0,0,0.13295186310721516
1,0,0.2067788319902883
0,0,0.12618656652566598
0,0,0.11246896653254777
0,0,0.11760700306825742
0,0,0.1415820547948515
0,0,0.1902313237778144
0,0,0.20773500502119593
0,0,0.03661717439564216
0,0,0.06712899506364868
0,0,7.191883805627291e-05
0,0,0.06697926577586792
0,0,0.05770542250152252
0,0,0.07949963912781115
0,0,0.11717552655371678
0,0,0.2096613661124859
0,0,0.13087999162964314
0,0,0.1873644606802134
0,0,0.09320619930520489
0,0,0.4735818169431148
0,0,0.0558566985685624
1,0,0.332629444585689
0,0,0.012455475567447015
0,0,0.06216272565627164
1,0,0.03519469725687813
0,0,0.0710445065172573
0,0,0.18061306852350356
1,0,0.1043778216238418
0,0,0.08998023426090979
0,0,0.07697987530428654
0,0,0.034007273872345894
0,0,0.12479158521526408
0,0,0.05558247274625875
0,0,0.16595297170174053
1,0,0.3250246714350703
0,0,0.08098390954060249
0,0,0.18212587376670253
0,0,0.07860157033537223
0,0,0.16118298842482967
0,0,0.08522343121208752
0,0,0.08433190438773541
0,0,0.06850571114733432
0,0,0.05666134711628712
0,0,0.041044984899394114
0,0,0.06771277683758116
0,0,0.11891131897915448
0,0,0.07819339964675169
0,0,0.06748978627864038
0,0,0.05882028442332604
0,0,0.07195806574351041
1,0,0.12921300151023551
1,0,0.16013482403196896
0,0,0.1345193362622303
0,0,0.20667467452380603
0,0,7.467502390738153e-05
0,0,0.16232522413539327
0,0,0.1732561045569809
0,0,0.025957941791667383
0,0,0.08350654483983144
0,0,0.09383728486304034
0,0,0.05390961311649643
0,0,0.09909373868163256
0,0,0.21405997826818848
0,0,0.07739528845337039
0,0,0.23301599800991304
0,0,0.2006912423141247
1,0,0.13915200925871657
0,0,0.12124483807763144
1,0,0.07629584046934279
0,0,0.07599155154730587
0,0,0.10763910774113442
0,1,0.6247517960694955
0,0,0.08287016161652119
0,0,0.06316203477531679
0,0,0.18227546800194977
0,0,0.06982826908141504
0,0,0.1223021904911556
0,0,0.08800594923680784
0,0,0.27700176663878673
0,0,0.09875091748657605
0,0,0.14381676250094638
0,0,0.12073255871770877
1,0,0.15177733638780333
1,0,0.15716673221063363
0,0,3.492522873123112e-05
0,0,0.11939797339609948
0,0,0.1521837359655265
1,0,0.1516248349570589
0,0,0.1358551521740252
1,0,0.1898454432635379
0,0,0.06835539806721384
0,0,0.12195133903442135
0,0,0.03247116283733835
0,0,0.04549833576328826
0,0,0.07319603216409336
0,0,0.19185722962537255
0,0,0.07906056334843106
0,0,0.09066384382903749
0,0,0.17170364208204958
0,0,0.2266313856117753
0,0,0.12088979173319776
1,0,0.11486388225698932
0,0,0.2206644073070404
0,0,0.21045116018527632
0,0,0.29873768012477464
0,0,0.07123391901765247
0,0,0.1437288148260706
0,0,0.22827295366884703
0,0,0.301968686013575
0,0,0.05565750773698808
0,0,0.06848044724175276
0,0,0.02184610865009225
0,0,0.06444750484472858
1,0,0.07632344471534633
0,0,0.21716999431787665
0,0,0.044848877767511015
0,0,0.1070001444199242
0,0,0.07642362303409285
0,0,0.04833439893080361
0,0,0.12045709567174044
0,0,0.1266951183271833
0,0,0.02759639037041095
0,0,0.13880823484357982
0,0,5.1639565234772797e-05
0,0,0.09354212395350235
0,0,0.0483382857219041
1,0,0.06660562445105894
0,0,0.008731834030199384
0,0,0.10394537976466257
0,0,0.05455244974103496
0,0,0.07596663980951879
0,0,0.14035443309567128
0,0,0.0002124118026764911
0,0,0.088524064762609
0,0,0.1120388986364408
0,0,0.11508696922301932
0,0,0.05738328837078469
0,0,0.0628963018474957
0,0,0.05400239162319178
0,0,0.056025427332386815
0,0,0.08245139724417218
0,0,0.14850142211848255
0,0,0.07059536147215811
1,0,0.10122301716327316
0,0,0.17972106604097668
0,0,0.11077621966580473
0,0,0.10648501244711496
0,0,0.05184786958335298
0,0,0.14303735455376398
0,0,0.19589502833245007
0,0,0.15071695605794896
1,0,0.03258537342124624
1,0,0.07736418988742139
0,0,0.11146236397656546
0,0,0.060028120534402374
0,0,0.05060691975965798
0,0,0.17175606500257104
0,0,0.15221713514237298
0,0,0.060197662939818576
0,0,0.058137074430244094
0,0,0.17689867701157483
0,0,0.06139498718940447
0,0,4.8834552705193245e-05
0,0,0.06960113403024432
0,0,0.16743727355827423
0,0,0.11183139960546083
1,0,0.10905613373363904
0,0,0.1567873949085173
0,0,0.1743389154874596
0,0,0.10516466205754048
0,0,0.13392896147032465
0,0,0.07341049614359989
0,0,0.09487848120782878
0,0,0.059342171124382934
0,0,0.06249387704541177
0,0,0.07962991929501928
0,0,0.05212134867549201
0,0,8.002269518760661e-06
0,0,0.12120849650011607
0,0,0.06129143211134845
1,0,0.11574238248996234
0,0,0.152584828342326
0,0,0.1345497837352838
0,0,0.030715433747045228
0,0,0.08754647986654195
0,0,0.20095445975341636
0,0,0.05544262957068126
0,0,0.11449810206308332
0,0,0.11292542701698718
0,0,0.08766598423838855
0,0,0.09623042948009837
0,0,0.08174786535117361
0,0,0.10843378547665242
0,0,8.780359758877435e-05
0,0,0.08787865106804706
0,0,0.0740227978116343
0,0,4.1527579503604734e-05
0,0,0.14166834643576423
0,0,0.1097592504682572
1,0,0.14149093157596984
0,0,0.14746149048649662
0,0,0.07088931530941513
0,0,5.077836579989539e-05
0,0,0.03576466802730103
0,0,0.11125232297657661
0,0,0.18171397922154126
0,0,0.40904394117757636
0,0,0.15730236763338254
0,0,0.10978024779774397
0,0,0.08277845723292249
0,0,0.07830983114079644
0,0,0.10321651694532569
1,0,0.11984758424887873
1,0,0.1731821308803215
1,0,0.3666791528335592
0,0,0.2167553877860072
1,0,0.1885268058193959
0,0,0.08793492170822889
0,0,0.04849418430006911
0,0,0.09039410334422054
0,0,0.17412913729407328
0,0,0.06378277358737586
0,0,0.20364974263210975
0,0,0.11479262180378479
0,0,0.1144203013019237
0,0,0.04509295271683745
0,0,0.07528317063198355
0,0,0.05721778426786578
0,0,0.05866915283620999
0,0,0.0916395690755287
0,0,0.14313754549422367
0,0,0.23541462340418443
0,0,0.07454060969441022
0,0,0.06908862079472304
1,0,0.33944979455247226
0,0,0.07174916986716004
0,0,0.07373408412746647
0,0,0.07695924362958899
0,0,0.03132821604207891
0,0,0.049998375287314885
0,0,0.07317524121630171
1,0,0.10460839821514706
0,0,0.06235335068379675
0,0,0.10242729248562708
0,0,0.04946679674705546
0,0,0.0634959157297175
0,0,0.041115281484648394
0,0,0.09321493858358522
0,0,0.0894707171586398
0,0,0.0704107335502173
0,0,0.07880133397565582
0,0,0.13161394707087917
0,0,0.12235197017199131
1,0,0.049635611976377364
1,0,0.09398040929425167
0,0,0.04957777329194254
0,0,0.3246418830354289
0,0,0.02874870540871524
1,0,0.1436323154190502
0,0,0.07838028121695949
0,0,0.19430958751291708
0,0,0.07232285106658468
0,0,0.1285434576594605
0,0,0.21518761600628386
0,0,0.07328242532370209
0,0,0.12871422692076043
0,0,0.1970036818214722
0,0,0.07617723595256226
0,0,0.013507477906605685
0,0,0.13227386955106932
0,0,0.2079008593575059
0,0,0.05281310629307654
0,0,0.05438345935597965
1,0,0.11298491252774275
0,0,0.35495482661690225
0,0,0.05230122858032812
0,0,0.043841771936756306
0,0,0.04315279327267338
0,0,0.08978491421423997
0,0,0.16258114223184178
0,0,0.10466570037826045
1,0,0.11108982441920126
1,0,0.3386796296424996
1,0,0.3386040375044787
0,0,0.07148599385662628
0,0,0.03855676746660687
0,0,0.10360316580554915
0,0,0.1512449625752914
0,0,0.1170164091101152
0,0,0.08266550732687154
0,0,0.10758495387856842
1,0,0.1772971812971041
0,0,0.08857477099259897
0,0,0.11754292300373431
0,0,0.15190186720513377
0,0,0.06412497199432818
0,0,0.08242005344346252
1,0,0.08318139838078982
0,0,0.034999416157517206
0,0,0.13156769060157972
0,0,0.14141181762533397
0,0,0.03137707441134881
0,0,0.13487188327193514
0,0,0.09243020679567325
0,0,0.18569377551297903
0,0,0.13857238541333097
0,0,0.08676557587006921
0,0,0.00964178174105609
0,0,0.050680844198377394
1,0,0.10824791074818711
0,0,0.0736033702865325
0,0,0.3282132756679762
0,0,0.18008932323868823
0,0,0.0631613306547113
0,0,0.08327702695157749
0,0,0.047038211464862346
0,0,0.05681067050585635
0,0,0.10603955501447022
0,0,0.13777737309709942
0,0,0.08021122931336791
0,0,0.07555149592341837
0,0,0.04055624483373719
0,0,0.0669248524885028
0,0,0.055991163446424685
0,0,2.7420216741933207e-05
0,0,0.06622630500772721
0,0,0.20030337028455067
0,0,0.08235151219326893
0,0,0.09021257974082333
0,0,0.054533866711281215
1,0,0.10069452949480888
0,0,0.11373212435840258
0,0,0.07022972853757778
0,0,0.07376482749736789
0,0,0.0790161340406991
1,0,0.07610228236344635
0,0,0.10787009576303855
0,0,0.07135729092642924
0,0,0.06998520019503203
0,0,0.17247156597612878
0,0,0.1007440666226589
0,0,0.09506088124814212
0,0,0.1715844555110196
0,0,0.09618561838076546
0,0,0.08246048383710669
0,0,0.06610122869920097
0,0,0.06262402030600202
0,0,0.07851932300275058
0,0,0.06020804956738805
1,0,0.036727897930652516
0,0,0.14684416575548387
0,0,0.0941296062349012
0,0,0.0768178813997719
0,0,0.10292395512947763
0,0,0.1336066479860496
0,0,0.05236892447024775
0,0,0.08535485463496642
0,0,0.10201474861535859
0,0,0.14427122576457854
0,0,0.1596666327729022
0,0,0.27630045103876266
0,0,0.08978922850090203
0,0,0.16457034175996782
1,0,0.153160775987204
0,0,0.34319920410457333
0,0,0.06700299332394173
0,0,0.11808052656448706
0,0,0.07455257771724538
0,0,0.174050870529726
0,0,0.06342717205141667
0,0,0.1401543077119222
0,0,0.15415307235637965
1,0,0.13237607830823347
0,0,0.19125847302432197
0,0,0.09973424516359823
0,0,0.2063555405022036
0,0,0.1668145106229492
1,0,0.11672872334663137
0,0,0.1373828072452586
0,0,0.4510789004303863
0,0,0.14147447786568154
0,0,0.05473727672571849
0,0,0.10777549024161837
0,0,0.21128497382290634
0,0,0.10587464789185483
0,0,0.11364386386252753
0,0,0.00013754922867876694
0,0,0.16573492925478395
0,0,1.0586720934047327e-06
0,0,0.044417121514224854
0,0,0.03678476985440097
0,0,0.08333632290081477
0,0,0.09435864392871844
0,0,0.062336794461722404
0,0,0.22866721351316427
0,0,0.12539035710807928
0,0,0.10794144871159159
0,0,0.0717234734837626
0,0,0.06620275684555105
0,0,0.17744171611472187
0,0,0.0849652438767779
0,0,5.362161767860182e-05
0,0,0.25830983034961297
0,0,0.2095230686795873
1,1,0.6667993059434838
0,0,0.12012591095291375
1,0,0.1221366341693917
0,0,0.11571473055311172
0,0,0.08999104935478279
0,0,0.21688563522283166
0,0,0.10722853482606699
0,0,0.14872017584588512
1,0,0.11647481373302485
0,0,0.11797716065532358
0,0,0.15463887956396877
0,0,0.13216219064199985
0,0,0.08820425606539434
0,0,0.10320975525678061
0,0,0.07827425675358791
0,0,0.15123268789508637
0,0,0.00010971684280103956
0,0,0.08281035904564767
0,0,0.14853182728524014
0,0,0.1221707625164989
1,0,0.14098295525850368
0,0,0.2630715857143076
0,0,0.11624106861076783
0,0,0.12197936003438477
0,0,0.0792819939011524
0,0,0.05568036627701607
0,0,0.057780850555252755
0,0,0.09200600883379008
0,0,0.1370514496367401
0,0,0.06408900148318274
0,0,0.04177738829268222
0,0,0.08085584168831601
0,0,0.06917360787119015
1,0,0.1400515883499088
0,0,0.1787803311389037
0,0,0.15353736105115914
0,0,0.10142690535711198
0,0,0.21875370518732293
0,0,0.1734757251727858
1,0,0.07065174269517346
0,0,0.18102249659644312
0,0,0.12749216813492714
0,0,0.23735505975210017
1,0,0.07233219154371862
1,0,0.09089106607277567
0,0,0.1686522917465586
0,0,0.17195818012834668
0,0,0.2674702427170098
0,0,0.10117093048603854
0,0,0.2329170630945631
0,0,0.03890783747696511
0,0,6.691112322671703e-08
0,0,0.11041581257064581
0,0,0.08935412432220496
0,0,0.08651927340878332
1,0,0.23114131567001717
0,0,0.01607629232784867
0,0,0.04014337612324107
0,0,0.16496383397897496
0,1,0.5404488635254819
0,0,0.12978613049380316
0,0,0.1248713268184954
0,0,0.09773796154362885
0,0,0.1136612165383788
0,0,0.21164282378990665
0,0,0.0704229554597113
0,0,0.10079689665968541
0,0,0.07447754328361043
1,0,0.00012574917990888722
0,0,0.05179967322693263
0,0,0.1146078792992506
0,0,0.08392871360730711
1,0,0.16525530905556718
0,0,3.297171066367966e-07
0,0,0.08209136377626161
0,0,0.1117209086712184
1,0,0.060764835312437614
0,0,0.1411493549467655
1,0,0.24949735866028067
0,0,0.06251556078772194
0,0,0.1682896951437176
0,0,6.49097941227201e-05
0,0,0.11508979188409621
0,0,0.12867953875424903
0,0,0.12418138838692643
0,0,0.045102441683998726
0,0,0.0986000718494391
0,0,0.07393746598591398
0,0,0.1060853187640563
0,0,0.05529973702652192
0,0,0.0002278088892015868
0,0,0.11788113333456929
0,0,0.11365870385552061
0,0,9.039204791596523e-05
0,0,0.08299507210788232
0,0,0.0785174407401997
0,0,0.04887811524387369
0,0,0.019054215670968537
0,0,0.04347343775775885
0,0,0.05988204785226513
0,0,0.028314172216654204
0,0,0.04558426017826237
0,0,0.12944071178293523
1,0,0.07724690700951412
1,0,0.09862499832391618
0,0,0.1551664803523238
0,0,0.06504101215714121
0,0,0.14286383337519898
0,0,0.05255799062621679
0,0,0.00011274766485741177
0,0,0.035455707386788
0,0,0.11978550420781729
1,0,0.07670011013286214
0,0,0.10611364459373142
1,0,0.08194225696595314
0,0,0.14968089220649297
0,0,0.05867466044909797
0,0,0.04050733181005456
1,1,0.530442452350414
1,0,0.13825876728595543
0,0,0.1658191392690422
0,0,0.07989597031893078
0,0,0.02421407799266201
1,0,0.12190774103466986
0,0,0.1897902164900028
0,0,0.04224561938570593
0,0,6.235653576381042e-05
0,0,2.489713798669191e-07
0,0,0.07172147015428465
0,0,0.026602990642260488
0,0,0.15224379994064224
0,0,1.8802395407894067e-05
0,0,0.08787965353243343
0,0,9.306624979172254e-05
0,0,0.04582668617440679
0,0,0.09527770767013527
0,0,0.10435226197245344
0,0,0.04115788843577718
0,0,0.4666177250783003
0,0,0.13023367344607711
0,0,0.08463093723787782
0,0,0.09688563176269907
0,0,0.07578851641202347
1,0,3.104164268339745e-05
1,0,0.14728568545235418
0,0,0.11266991384015677
1,0,0.08265071112971346
1,0,0.26811772753597124
0,0,0.05399964778474817
1,0,0.1260077973911714
0,0,0.04918323173074188
0,0,0.09338295886805976
0,0,0.13657911856759355
0,0,0.2641748556648323
0,0,0.05732594677228767
0,0,0.04119502456267629
0,0,8.737048445888664e-08
0,0,0.263616655986189
1,0,0.09193288925449937
0,0,0.09308079073702888
0,0,0.1304208483415058
0,0,0.06463115477351081
0,0,0.16135898018362224
0,0,0.16192044768719965
0,0,0.11524538429398726
1,0,0.048414246531252494
0,0,9.201045404962591e-05
0,0,0.04819098995174707
0,0,0.08821197404126674
0,0,7.036071567436623e-05
0,0,0.24590281347474957
0,1,0.6149148123484521
0,0,0.08903240559246556
0,0,0.12365381574815729
1,1,0.5302373463950425
0,0,0.0759463560139469
1,0,0.10911412291257865
0,0,0.13132019377153795
0,0,0.3256706767683291
0,0,0.083286101909309
0,0,0.07547612144335138
0,0,0.18266688272466194
1,1,0.5873338771581761
0,0,0.06266161405390344
0,0,0.07959933484118337
0,0,0.13406014349879267
0,0,0.33813528108864116
0,0,0.06764907845256461
0,0,0.11612709887719146
0,0,0.07132607305838323
0,0,0.48679420539362
0,0,0.15565362750029682
0,0,0.15527547381460477
0,0,0.12877288466761544
0,0,0.10726143639356467
0,0,0.18362082173568306
0,0,0.053030202193467844
1,0,0.22704106795899362
0,0,0.13947036501799837
0,0,0.12085039583167094
0,0,0.15357704885361398
0,0,0.15881449051798208
0,0,0.11910958078913066
1,0,0.0740824167365409
0,0,0.41988121621060454
0,0,0.04343672376454361
0,0,0.013511327034610617
0,0,0.09128794948599737
0,0,0.09283515904357194
0,0,0.08372904498968033
0,0,0.10144302399853253
0,0,0.33335566060737604
0,0,0.1305522661517065
0,0,0.07258609661283681
0,0,0.03131226061711191
0,0,0.08479492282029544
0,0,0.10375177285229961
0,0,0.15563604767844685
0,0,0.10907718868485242
0,0,0.0635809600313168
0,0,0.3947869115921945
0,0,0.07230312030581634
0,0,0.2228375466744803
0,0,0.08028315282833573
1,0,0.07361833942455868
0,0,0.21940817736704
0,0,0.09652012237132156
0,0,0.08008669916082507
0,0,0.1262844282634341
0,0,0.021846480947316737
0,0,0.11203335530015042
0,0,0.1252690922678428
0,0,0.13329099498614647
0,0,0.07448422480847366
0,0,0.06659199132440662
0,0,0.1461044712194306
0,0,0.07955016960790649
0,0,0.0759554108433467
0,0,8.980214579645339e-05
0,0,0.30797826172760234
0,0,0.026173545249584613
0,0,0.07722635763385567
0,0,0.05998559635522455
0,0,0.10309731181372252
0,0,0.4891485010226299
0,0,0.00011698844738712869
0,0,0.19421207219114242
0,0,0.09527526306839107
0,0,0.07292629270800335
0,0,0.20401491428653817
1,0,0.169559983507222
0,0,0.13578376536361256
0,0,0.10505080378293023
1,0,0.14044441060461177
0,0,0.1426879936466762
0,0,0.15736357105389037
0,0,0.08246553364664914
0,0,0.08597408402329827
1,0,0.0938145064392036
0,0,0.12106202743540757
0,0,0.06027034123932484
0,0,0.05872606964932057
0,0,0.09541026942171688
0,0,0.06366518451844679
0,0,0.09497497126042265
0,0,0.0775425145069698
0,0,0.07288008052528192
1,0,0.0968748292903348
0,0,0.1004567808911363
0,0,0.06505503452257835
0,0,0.09434541481867606
0,0,0.08566406796876036
0,0,0.11082395398515472
0,0,0.15471764396567286
0,0,0.07524030030609602
0,0,0.0001533433680650116
0,0,0.08288198387810354
0,0,0.06212159172850448
0,0,1.0789328202793416e-08
0,0,0.17375725190510063
1,0,0.06725478691594566
0,0,0.1985873881591429
0,0,0.06374595563296294
0,0,0.07114692075658746
0,0,0.09298542159741932
0,0,0.1634791253904326
0,0,0.024495181539093833
0,0,0.19880849805687864
0,0,0.4465424937654588
0,0,0.08131349585719505
0,0,0.14875597858784972
0,0,0.13061035807749982
0,0,6.943996416240215e-05
0,0,0.09735603050861114
0,0,0.10892083679073183
0,0,0.03777251663363352
0,0,0.11674006181756992
0,0,0.09467322531555161
0,0,0.08830906746693556
1,0,0.07458743058564339
0,0,0.0575590271949826
0,0,0.07555157157197331
0,0,0.09721441307711971
0,0,0.030862986124339093
0,0,0.010581308916680455
0,0,0.0671287600589177
0,0,0.20383652757935009
0,0,0.10065657026367637
0,0,0.0874861325115307
0,0,0.07266795298319313
1,0,0.11033949970457681
0,0,0.12464714649658291
0,0,0.051311467677848964
0,0,0.07808278135904817
1,0,0.15959669473873817
0,0,0.037217156789970035
0,0,0.00023802548580947625
0,0,0.00012654745455460968
0,0,0.17718623907245057
0,0,0.06422013091779921
0,0,0.08110546552187292
0,0,0.10514055458666129
0,0,0.07464675978656894
0,0,6.594598087510383e-06
0,0,0.08163002579293142
0,0,0.10063489436200716
0,0,0.08908599337043431
0,0,0.15372379876833575
0,0,0.04374694819903909
0,0,0.13065542809703234
0,0,0.13788775935244743
0,0,0.059283627435266405
0,0,0.09141125341685177
0,0,6.109970779023805e-05
0,0,0.26825042607733934
0,0,0.051029938970082914
1,0,0.08379883111472217
0,0,0.09972951433657515
0,0,0.1349931283699123
0,0,0.129041102710476
0,0,0.05526201949242226
0,0,0.12767263162274148
0,0,0.06865894940033947
0,0,0.115577239374956
0,0,0.04804281414977313
1,0,0.09438407425001574
0,0,0.08943708306646134
0,0,0.06646882241485039
0,0,0.09502444259339114
0,0,0.23399187387557746
0,0,0.10009251792657937
1,0,0.09464720108532976
0,0,0.053298814113590214
0,0,0.14847540358856245
0,0,0.10321166716697237
0,0,3.314963899037469e-05
1,0,0.02691137190286482
0,0,0.19769722143717414
0,0,0.05337983558821489
0,0,0.08934413642388002
0,0,0.0545059086764053
0,0,0.08616092740988139
1,0,0.11366877600677448
0,0,0.10547665694834943
0,0,0.13322416851527608
1,0,0.18313827638916627
0,0,0.0930868746967131
0,0,0.123956068316574
0,0,0.07726568063434909
0,0,0.08374870578407373
0,0,0.09440271326065929
0,0,0.15231523888397672
0,0,0.06725355284081919
0,0,0.07680575415698199
0,0,0.07364343174256491
0,0,0.0354234841785151
0,0,0.05051728687942132
0,0,0.1767707433136376
0,0,0.06039094112712207
0,0,0.07108936537400193
0,0,0.1281730092458601
0,0,0.08250880586375874
1,0,0.16720918508227034
0,0,1.15965086636254e-05
0,0,0.05637609579535511
0,0,0.08370380552706057
0,0,0.09408869254367047
0,0,0.14125835003361845
0,0,0.07188361124281455
0,0,0.0480192296290343
0,0,0.15311447548700124
0,0,0.04340020739359084
0,0,0.12448781379009015
0,0,0.09525845444494602
0,0,0.23256577932586842
0,0,0.20805092492490343
0,0,0.09297645460847724
0,0,0.08911646185357205
0,0,0.10501540414627687
0,0,0.04868166322832026
0,0,0.18160717312467656
0,0,0.0032317214143335023
0,0,0.16026655209440746
0,0,0.01859148590352172
0,0,0.09082336800537706
0,0,0.055595786643625994
0,0,0.08110223853291293
0,0,0.11905059871471864
0,0,0.11364384905918344
0,0,0.29016418268861327
0,0,0.09207796857986997
1,0,0.2526790556033753
0,0,0.33056040938701237
0,0,0.0997901022066398
0,0,0.09255607822911052
0,0,0.0794118809702036
0,0,4.705129019708586e-05
0,0,0.061766324880044424
0,0,0.06457072089873375
0,0,0.13242509533413474
0,0,0.15962958730363624
0,0,0.05752788724828198
0,0,0.050928309412416994
0,0,0.19600266818800227
0,0,0.076633691880599
1,0,0.11464558750131414
0,0,0.06527960811929945
0,0,0.03618221296912353
0,0,0.04896256210067965
1,0,0.08836576097359504
0,0,0.21850584646010712
0,0,0.07853759945904205
0,0,0.04524729493078164
0,1,0.6944905825115115
0,0,0.0624314044030594
0,0,0.4034081080182362
0,0,0.0718437515886291
1,0,0.16068266566150027
0,0,0.11939928432113338
0,0,0.19118452429410823
0,0,0.03813396951864226
0,0,0.1582686311913263
0,0,0.1430043481472285
0,0,4.4964028531082396e-05
0,0,0.25299636166478295
0,0,0.1187765671049685
0,0,0.12223949736396279
1,0,0.11772590865521171
0,0,0.35382817584900245
0,0,0.10119576543075177
0,0,0.073146101996154
0,0,0.1745726359301399
0,0,0.06091850830548482
0,0,0.008813559224038515
0,0,0.2891325143069396
0,0,0.09163474838513533
0,0,0.20710210859798828
0,0,0.08754100934198707
0,0,0.0810127584275661
0,0,0.19276202385796873
0,0,0.16254688396246042
0,0,0.09929311684677142
0,0,0.030697395715649122
0,0,0.15242133377467437
0,0,0.087388524556519
0,0,0.06405788444899105
0,0,0.07288665657208292
0,0,0.20106098257481397
0,0,0.13308717655589794
1,1,0.5078202396077304
0,0,0.1179459496564776
0,0,0.14350076328677458
0,0,0.03346504392685611
0,0,0.1085702496327485
0,0,0.15111054836621804
0,0,0.0843729775468724
1,0,0.19814963647756448
0,0,0.08021232228876768
0,0,0.09421843409161393
0,0,0.14998235527683432
0,0,0.1484103140697707
0,0,0.05940430504346331
0,0,0.1312442019274963
0,0,0.08530622722240443
0,0,0.12490946157950392
0,0,0.1539775366369071
0,0,0.02691746268301161
0,0,0.11965307714033711
0,0,0.06271308965159318
0,0,0.06058774974621896
0,0,0.08175251604923645
1,0,0.13870922007598266
0,0,0.05621006217616507
0,0,0.1279315031032956
0,0,0.04824217960250913
0,0,0.04332282114125454
1,0,0.057753022141889834
0,0,0.08274183357112705
0,0,0.1591111672560255
0,0,0.15871661208043522
0,0,0.04399379926400943
0,0,0.08912360150060109
0,1,0.6373423332061442
0,0,0.01370240592176034
0,0,0.07232124651587714
0,0,0.12318918334473417
0,0,0.06034819788993749
0,0,0.051753679267330766
0,0,0.08758984398436258
0,0,0.10403443723045498
0,0,0.20801784684747723
0,0,0.07750316814733092
0,0,0.1226879747709898
0,0,0.123815445034238
0,0,0.12153731225447552
0,0,0.10947530323815119
0,0,0.09008512802821612
0,0,0.10922802741216035
0,0,0.15706844944248188
0,0,0.10088303957787591
0,0,0.15592316992384675
0,0,0.11134208201740033
0,0,0.07833114297556447
0,0,0.23947727407259545
1,0,0.06687553252522427
0,0,0.2523436083620987
0,0,0.0481396895936847
0,0,0.07946425881675709
0,0,0.07807933176327754
0,0,0.08178442623265271
0,0,0.07295722342091221
0,0,0.014231470132981296
0,0,0.08732883495188186
0,0,0.04955353751961846
0,0,0.10972963446159531
0,0,0.08914974063168381
0,0,0.12912675382568334
0,0,0.06211103545151364
0,0,0.1112835108731877
0,0,0.049050318234297
0,0,0.15128610555509955
0,0,0.05491341792183689
0,0,0.12480042310019226
1,0,0.25294203645962554
0,0,0.08803873587214801
0,0,0.1633537958819172
0,0,0.15281417073586678
0,0,0.043205017963788665
1,0,0.11767154238861084
0,0,0.08334758368536924
0,0,0.0772942086955269
0,0,0.04490471440916956
0,0,0.09041931655333113
0,0,0.06610874890674144
0,0,0.05657707227862689
0,0,0.15906594028440138
1,0,0.1360298290790001
0,0,0.08784338598699752
0,0,0.1065608547901676
1,0,0.17771373415902159
0,0,0.0993272936122796
1,0,0.14206914127049927
0,0,0.08853428091135446
0,0,0.23085618655724374
0,0,0.0747749014549011
0,0,0.08251612099714406
0,0,0.20482439295563973
1,0,0.14634879774114548
1,0,0.09451866027656185
0,0,0.16543331597436065
0,0,0.0437589694969526
0,0,0.07074737080249646
0,0,0.16538118306755062
0,0,0.08669337010333812
0,0,0.1235461409072606
0,0,0.07332687645356978
0,0,0.09635844378036507
0,0,0.07177245868391462
0,0,0.3048627672827902
0,0,0.07107937581343582
0,0,0.09846912693462745
0,0,0.03030905560985797
0,0,0.09063394190540544
0,0,0.01748628259064653
1,0,0.0824015595052057
0,0,0.05980770456819091
0,0,0.09635365289381453
0,0,0.12459333909408063
0,0,0.16155498250641495
0,0,0.09852968672990962
0,0,0.07566977679799362
0,0,0.07049929475652233
0,0,0.10902830433692282
0,0,0.10943798626859315
0,0,0.030424781984874544
0,0,0.031057250990294268
0,0,0.18653319213669453
0,0,0.06376605540643064
0,0,0.15398879993939435
0,0,3.197940715814575e-05
0,0,0.03512494911862772
1,0,0.08953173567644776
0,0,0.0673259473531918
0,0,0.03857739187553181
0,0,0.07876056923439902
0,0,4.04579560256306e-05
1,0,0.06891601085901297
0,0,0.4305856686293607
0,0,0.0777069661064276
1,0,0.2105777285264192
0,0,0.05040878367951993
1,0,0.00010121974155535687
0,0,0.14343303594279128
0,0,0.06773560970916673
0,0,0.12887581726190486
0,0,0.00016075905200553284
0,0,0.02279533667832458
0,0,0.20690663048467606
0,0,3.990278554728239e-05
0,0,0.07782347779408777
0,0,0.088405385559647
0,0,0.0582730893303559
0,0,0.10575672088136656
0,0,0.09889892323330185
0,0,0.16827643705087292
1,0,0.3782172688097551
0,0,0.024903106160001978
0,0,0.07968471549938955
0,0,0.0796428110452152
0,0,0.09602664710391241
0,0,0.13654868022836378
0,0,0.04296924332579775
0,0,0.17359188786799126
0,0,0.1291809351449762
0,0,0.03928142567370526
0,0,0.07804191130629753
0,0,0.10035462777134596
0,0,0.04085284699651439
0,0,0.1267844103095543
1,0,0.035140595025763284
0,0,0.1046970704387005
0,0,0.06355120797861821
0,0,0.16759742304218142
0,0,0.09106090602221763
0,0,6.970688656544324e-05
0,0,0.11553959408586997
0,0,0.02457586682598895
0,0,0.22517398423513885
0,0,0.06840172433027265
0,0,0.14609663027520872
0,0,0.06388928457485941
0,0,0.0773675901625492
0,0,0.11617323887770009
0,0,0.24373889039351576
0,0,0.04198163723064312
0,0,0.2853414294251933
0,0,0.04009613483567081
0,0,0.12424400359373991
0,0,0.1720098604914343
0,0,0.1112091912099347
0,0,0.05535495371756486
0,0,0.0686145755186852
0,0,0.0036226471218626893
0,0,0.07306121382229917
0,0,0.08591909610501967
0,0,0.2052355496152821
0,0,0.05257728763728923
0,0,0.10902141109242845
0,0,0.05796923577302283
1,0,0.060150778585841516
0,0,0.09788358545994356
0,0,0.18640272876482802
0,0,0.07594677922933013
0,0,0.08670334629570206
0,0,0.09499918352396754
1,0,0.1033172315695072
0,0,0.11309628639044568
0,0,0.13076214321548238
0,0,0.06380720327890253
0,0,0.04101746159180373
0,0,0.09569327355781784
0,0,0.09229899765573804
0,0,0.05233099484823205
0,0,0.05914821953104615
0,0,0.13884216996216076
0,0,0.04627930470149639
0,0,0.052731239564991525
0,0,0.10535946432630629
1,0,0.13182052569446015
1,0,0.1256545363026977
0,0,0.060514322944454205
0,0,0.08898998536260687
0,0,0.02165965921318407
0,0,0.1816926960345634
0,0,0.020995443465683005
0,0,0.0589444880625067
0,0,0.08369049394208598
0,0,0.07903570723997375
0,0,0.09616525016357245
0,0,0.05036500310052825
0,0,0.1464310773007692
0,0,0.09933596764144181
0,0,0.09548140603057469
1,0,0.293563251575199
0,0,0.04402718908939373
0,0,0.1380644036263751
0,0,0.09874517616208882
0,0,0.014874184866013102
1,0,0.14009852435647002
0,0,0.041565630011226665
0,0,0.319351884489779
0,0,0.12663078272403244
0,0,0.07615195659797178
0,0,0.09889766176777336
0,0,0.09763118876195011
0,0,0.0672426257140969
0,0,0.0716632775925905
1,0,0.24194393612134915
0,0,0.06861989567833589
0,0,0.058514370477902804
1,0,0.22640531717895346
0,0,0.05733324375372879
0,0,0.10965796470784672
1,0,0.1567048902949048
0,0,0.08796022160453892
0,0,0.25721950039804303
0,0,0.07231080645235519
0,0,0.08132322959575314
0,0,0.06790067078736664
0,0,0.0961421000528105
0,0,0.1339752118694237
0,0,0.0003014093259595801
0,0,0.08135737637760082
0,0,0.10377008080543065
0,0,0.00010223157641964345
0,0,0.092987924333668
0,0,0.042860582568397
0,0,8.913586408289503e-05
0,0,0.055979403230738446
0,0,0.24639571421889064
0,0,0.139245896731324
0,0,0.06212337683893001
0,0,0.1198236185891096
0,0,0.13929313338470264
0,0,0.08501579639256963
0,0,0.07403590599356878
0,0,0.12829550462902545
0,0,0.08037557453351823
0,0,0.04588556600443345
1,0,0.05240656675988583
0,0,0.09949720434061537
0,0,6.384701800751602e-05
0,0,0.08028208527331747
0,0,0.153475437801435
0,0,0.09438291779438426
0,0,0.0996441082662517
0,0,0.08985431137010981
0,0,0.16636693622029025
0,0,2.6240886871155612e-05
0,0,0.0653588349480724
0,0,0.18948696084772385
0,0,0.2516950775238691
0,0,0.1750398826138891
0,0,0.06078943247240758
0,0,0.09093627298796063
1,0,0.4195520665890419
1,0,0.03845364903659482
0,0,0.343796887661431
0,0,0.09304649730789412
0,0,0.0703865791564285
0,0,4.0466691036077404e-07
1,0,0.19650711952738886
0,0,0.07772443153151032
0,0,2.9472177621724876e-05
0,0,0.12404454785227219
0,0,0.08425636893989703
0,0,0.12525580923245302
0,0,0.10356185367654448
0,0,0.17683484610073152
0,0,0.3170320363523845
0,0,0.15352819843326912
0,0,0.0588921793646453
0,0,0.20381828589405449
0,0,0.15158102517462674
0,0,0.06598948013095576
0,0,0.035779449751747155
0,0,0.08198722591133938
0,0,0.02027128934630621
0,0,0.13219159322435803
0,1,0.8172837340939505
0,0,0.014261275175611463
1,0,0.09239198848765243
0,0,0.12329068911625557
0,0,0.07810228165861141
0,0,0.06900903719600468
0,0,0.08599593972225389
0,0,0.13074964432870106
0,0,0.11030441367801996
0,0,0.09323141737459417
0,0,3.775149341275663e-05
0,0,0.046682112955737244
0,0,0.17466802765529385
0,0,0.00029146394889928385
0,0,0.07388848659192138
0,0,0.130756108072078
0,0,0.02148502007963465
0,0,0.04034281199190438
0,0,0.11246209050868614
0,0,0.0815658361916056
0,0,0.09358902315162958
0,0,0.10431460093079388
0,0,0.24941060176514396
0,0,0.1459909894979473
0,0,0.09741602902119344
0,0,0.09986076922230869
0,0,0.0006273162555937923
0,0,0.13831735951390392
0,0,0.08547986207093286
0,0,0.07309297648013728
0,0,0.046784501298006854
0,0,0.12197683550970904
0,0,0.12996164601482482
0,0,0.08751832384627449
0,0,0.11715210862591957
0,0,0.1039997697137722
1,0,0.17266836406071645
0,0,0.06348063003839696
0,0,0.05529304114085872
0,0,2.2834218876321414e-05
0,0,0.07919332644813787
0,0,0.11893697960403031
0,0,0.2263061244363077
0,0,0.0761485641421792
0,0,0.16089682462409108
0,0,0.0677820309981884
0,0,0.04649406464724011
1,0,0.11778534716087483
0,0,0.016787894528946995
1,0,0.05908947570989837
0,0,0.11165324735196802
0,0,0.06114963971867736
0,0,0.12378311585868773
0,0,0.045503360440809985
0,0,0.11487799330241272
0,0,0.07243721490415887
0,0,0.045806445471002925
0,0,0.15254874039969316
0,0,0.08574953460146714
0,0,0.1648359204221346
0,0,0.02811556726061976
0,0,0.10937171688740885
0,0,0.03405611615613669
0,0,0.06956689764960869
0,0,0.11762143728239534
1,0,6.831797359717034e-05
0,0,0.07172889134814121
1,0,0.33604829348345133
0,0,0.156230596017357
0,0,0.19302413129147933
0,0,8.263081544608736e-05
0,0,0.07754801798086347
0,0,0.032521275482519506
0,0,0.20733229161351838
0,0,0.025959982558889514
0,0,0.09336258924618344
0,0,0.08982731066169783
0,0,0.12341928051784151
0,0,0.10444995972420056
0,0,0.14638288617869863
0,0,0.09567618458917612
0,0,0.06726592978099107
0,0,0.05817846910297534
0,0,0.3032062372519036
0,0,0.04890425511681978
0,0,0.12559576195317906
1,0,0.14964819497426685
0,0,0.0580000152334904
0,0,0.3623124414832215
0,0,0.24286912447476947
0,0,0.03278939168879615
0,0,0.06864976911394453
0,0,0.052483943124351
1,0,0.06178201035063306
0,0,0.0005378879894463755
0,0,0.07674262584980532
0,0,0.12420613610675561
0,0,0.11833778072502449
0,0,0.109925949190522
0,0,0.20080318944766093
0,0,0.11452894482299032
0,0,0.028632972172775807
0,0,0.10415253063368
0,0,0.0003504956585401583
0,0,0.11360124151253667
0,0,0.025014121387673796
1,0,0.10773245272963206
0,0,0.10581810301861017
0,0,0.12323063589289746
0,0,0.117649564001654
0,0,0.049051634775206056
0,0,0.05455132507705102
0,0,0.09693159588196673
0,0,0.1345703415556827
0,0,0.00018947781847148082
0,0,0.1550642059842752
0,0,0.07937848229467327
0,0,0.14973768485548222
0,0,0.09154240159282663
0,0,0.2064611345493448
0,0,0.08102662390100647
0,0,0.09147736612079319
0,0,0.09650831340807436
0,0,0.029075319463341173
0,0,0.02549032443798791
0,0,0.00013790321177747022
0,0,9.335413364354831e-05
0,0,0.12507958082399087
1,0,0.3353190533181748
0,0,0.07916600568704442
0,0,0.0454488239807284
0,0,0.05204400244179671
0,0,0.011296026044726898
0,0,5.681208048836283e-05
0,0,0.2579377840055582
0,0,0.11663679239822473
0,0,0.12325562075681969
0,0,0.04776763876879955
1,0,0.06493944345451054
0,0,0.07408673785967985
0,0,0.055725977270017664
0,0,0.11032970789345671
0,0,0.06267688087818006
0,0,0.05855458925740322
0,0,0.08035713608271122
0,0,0.05424839993799033
0,0,0.17271719804458133
0,0,0.1003657036200365
0,0,8.191065959860466e-05
1,0,0.15340456702243177
0,0,0.07658926431381086
0,0,0.1945406431593398
0,0,0.061764468314227314
0,0,0.08882787081913196
0,0,0.025314924222157843
0,0,0.06214958580579991
0,0,0.1815622149682813
0,0,0.08493897032116624
0,0,0.12671711968667776
0,0,0.14396976516662072
0,0,0.08804873990560357
0,0,0.04025587349047791
0,0,0.09456350872214944
0,0,0.09150631629639855
0,0,0.09019815012453423
0,0,0.10360268719386773
0,0,0.08263665156299164
0,0,0.05336275741470312
0,0,0.03435637494563326
0,0,0.09629472289177893
0,0,0.061259995530551226
0,0,0.037983974085706355
0,0,0.13781765453068132
0,0,0.07463731638860084
0,1,0.9998497765382497
0,0,0.08355290904012827
0,0,0.15415403202154349
0,0,0.23898364594927463
0,0,3.6200342013176093e-05
1,0,0.1302537014195942
0,0,0.18888831139051512
0,0,0.08304378534542359
0,0,0.13648104975230083
0,0,0.11117842921847372
0,0,0.13019052342725193
0,0,0.04448648144238453
0,0,0.05596682226471659
0,0,0.054030652185394414
1,0,0.1334582025177442
0,0,0.06216712242583489
0,0,0.09239006991664502
0,0,0.08697886709762138
0,0,0.12907130251240306
0,0,0.13731401050424968
0,0,0.08404854190888286
1,0,0.16775745660330538
0,0,0.05770786015409996
0,0,0.21356783254632225
0,0,0.12335871166740726
0,0,0.06425750405872492
1,0,0.14510230226846457
0,0,0.07930245742220275
0,0,0.09431166120483038
0,0,0.10995137839282215
0,0,0.06634871750139891
0,0,0.05741589093815728
0,0,0.12380813790769767
0,0,0.06536116008259348
0,0,0.054755537364033165
0,0,0.0543132676641981
0,0,0.1329710797435106
0,0,0.09651313047774189
0,0,6.058056107133949e-05
0,0,0.06729334511447707
0,0,0.051805412965252026
0,0,0.08480874043366717
0,0,0.06189853338249027
0,0,0.0807485024987332
0,0,0.18218689039237534
0,0,2.5614597283432104e-05
0,0,0.18332863763281537
0,0,0.08416205766957147
0,0,0.10078135893740153
0,0,0.10605871488438454
0,0,0.06486991417469684
0,0,0.2178978691052545
0,0,0.06638083206729327
1,0,0.059657196583061074
0,0,0.06971529619512078
0,0,0.09175208934668956
0,0,0.0990944788639458
0,0,0.12430831620516893
0,0,0.15185603976254491
0,0,0.20344509873627556
0,0,0.06662198384868251
0,0,0.16455428496485022
0,0,0.09353786415193364
0,0,0.20692314435987225
0,0,0.06416002450541829
0,0,0.3289246698258904
0,0,0.09651205587464816
0,0,0.08085740840551367
0,0,0.12024026859268382
0,0,0.11466296997391269
0,0,0.05071805889576221
0,0,0.0964796535338376
0,0,0.045791190865104275
0,0,0.04215613152494296
0,0,0.03355587929189597
0,0,0.23758077746810843
0,0,0.10605359883973106
0,0,0.11812894206149559
0,0,5.277922811509526e-05
1,0,0.07700663717552868
0,0,0.11432235684503257
0,0,0.12589804875888477
0,0,0.0752630231268408
0,0,0.2681550280283699
1,0,0.08078118036458432
0,0,0.07870755945098123
0,0,0.07344097604372408
0,0,0.08186005002644499
0,0,0.12128586880894257
0,0,0.10999185348231999
0,0,0.11047308692361929
0,0,0.10645025782785181
0,0,0.03188933192772682
0,0,0.07960269735402802
0,0,0.24931285178712626
0,0,0.06523073191185817
0,0,0.11291264900724336
0,0,0.00014546598743367197
1,0,0.22616883103559096
1,0,0.07552736374286809
0,0,0.034138790930698534
0,0,0.10944327893276147
0,0,0.12062278243308501
0,0,0.06606466071432783
0,0,0.18889252262397047
0,0,0.09771632466622938
0,0,0.14649697799853637
0,0,0.17172730639295652
0,0,0.08526220444541914
0,0,0.05127231530900281
0,0,0.13660625184911016
0,0,0.12200645419521086
0,0,0.07921422235606919
0,0,0.1204235856230334
0,0,4.699232196648301e-06
0,0,0.11807532143515524
0,0,0.14978491345082975
0,0,0.07237939317095263
0,0,0.02881434448825814
0,0,0.14990658242082128
0,0,0.09598669103600459
0,0,0.19637894454976063
0,0,0.05744043651307012
0,0,5.5215168836183463e-05
0,0,0.059417651605739495
0,0,0.045210791616532214
1,0,0.13442983129197333
0,0,0.18300991805686836
0,0,0.09466967954693434
0,0,0.08963004158543773
0,0,0.09746664732300132
0,0,0.0899140157975028
0,0,0.06310478401099699
0,0,0.07014112709702214
0,0,0.10096466081374121
0,0,0.05048135497730225
0,0,0.06501552101361116
1,0,0.2823270053206737
0,0,0.08905655490299316
0,0,0.08009109835088192
1,0,0.27200748242821204
1,0,0.121051060480006
0,0,0.03737296902171088
0,0,0.04854181325749993
0,0,0.11262860224337423
0,0,0.08686591716046954
0,0,0.07296496580314027
0,0,0.07718968324769618
0,0,0.19135977483577032
0,0,0.0518483674757268
0,0,0.06606303289471666
0,0,0.17470677714424296
0,0,0.1846110656795095
0,0,0.09325195329154044
0,0,0.10294670502176374
1,0,0.1281667518993738
1,0,0.08229673742849694
0,0,0.12999299334259143
0,0,0.12192925662687859
0,0,0.1104516654482367
0,0,0.051486458366290136
1,0,0.12819670046729564
1,0,0.13019206089596416
0,0,0.07999056833724953
0,0,0.1277318188775413
0,0,0.31697387473033156
0,0,0.0568533871447622
0,0,0.055494232193025336
0,0,0.08675055988471525
0,0,0.026440965221023606
1,0,0.13415152448212397
1,0,0.1892243024381357
0,0,0.0718920496319599
0,0,0.05407233658768123
0,0,0.14121108561305504
0,0,0.14387369840146338
0,0,0.07045780944887525
0,0,0.08314196957189765
0,0,0.3781773960392215
0,0,0.08332968405492451
0,0,0.09220969424631328
0,0,0.17819933031847332
0,0,0.11480331926066259
0,0,0.0460194347407995
1,0,0.14349504873354404
0,0,4.606433696853047e-05
0,0,0.0891255057405306
1,0,0.08875214493515261
0,0,0.08597440951118702
1,0,0.2831369040744505
1,0,0.2518450574081624
0,0,0.08080879896690416
0,0,0.25915559151957296
0,0,0.0002478094944857136
0,0,0.09464079975535084
0,0,0.01590876340796094
0,0,0.08440113547354332
0,0,0.06008478196352267
1,0,0.30389047219849114
0,0,0.2592658675379189
0,0,0.05012646555696279
0,0,0.14177827484854416
0,0,0.023448536200353445
0,0,0.1336480438397515
0,0,0.1041668226847117
0,0,0.08180953830926374
0,0,0.06768551735779278
0,0,0.12040361275400084
1,0,0.24579573959564638
0,0,0.08570275219807076
0,0,0.3091650534499318
0,0,0.08393237514688713
0,0,0.12425515692512588
0,0,0.4880220901922509
0,0,0.1094786270164391
0,0,0.21389877294269938
1,0,0.12784670038741786
0,0,0.18172425096544853
0,0,8.038311919585179e-05
0,0,0.09652290510975886
0,0,0.03388387688592425
0,0,0.13552357826288175
0,0,0.06450885337702039
0,0,0.1669783299265955
0,0,0.11880111239204179
0,0,0.0515925537490635
0,0,0.13472731967099452
0,0,0.12320276748286904
0,0,0.08593368166451977
0,0,0.045533257293232605
0,0,0.015402874515618557
0,0,0.23614015660090928
0,0,0.074035877896601
0,0,0.026693295425283134
1,0,0.18298052151211605
0,0,0.0001147473140323634
0,0,0.1355926992326203
0,0,0.06347209531334809
0,0,0.025252562224469834
0,0,0.10017570365033629
0,0,0.11442824884643393
1,0,0.1705815774349756
0,0,0.1244650950198189
0,0,0.05421481907799011
0,0,0.2005763633407904
0,0,0.0834513411958791
0,0,0.09835848587289797
0,0,0.0863604763544868
0,0,0.1499916695939464
1,0,0.11608515367437426
0,0,0.09394412604716228
0,0,0.2758801138486553
0,0,0.0572593705132686
0,0,0.028250032063409255
0,0,0.04925581981700125
1,0,0.3017983214940386
0,0,0.12473032421996309
1,0,0.15576298048060716
1,0,0.16510704860866068
0,0,0.11855552605847013
0,0,2.8219883890196436e-05
0,0,0.12549279718194845
0,0,0.09109343266871023
0,0,0.0885676393716742
0,0,0.05647511420226123
1,0,0.15681459822933838
0,0,0.07729631558003419
0,0,0.09568538385945037
0,0,0.10124119828984232
1,1,0.5588200472156726
0,0,0.12591905200832068
0,0,0.17635179941479054
0,0,0.14518801613391305
1,0,0.08909183022537806
0,0,0.09407645912876683
0,0,0.033219173471383624
0,0,0.11914556569989171
1,0,0.29614765635614926
1,0,0.12445915061842297
0,0,0.12739282501376958
0,0,0.12472051218371956
0,0,0.05678039540278943
0,0,0.08050081330910333
0,0,0.13634400187026846
0,0,0.07464231022849663
1,0,0.16722901603268076
0,0,0.1303273797800563
0,0,0.0135522591383579
0,0,0.10665510393878835
0,0,3.040494998996917e-05
0,0,0.20455606677913507
0,0,0.09151313472284257
0,0,0.17973163336422887
0,0,0.1806963787727395
0,0,0.21908154557024673
0,0,0.0549973727879967
0,0,0.15149190923257827
0,0,0.10757021683864162
0,0,0.10189984310182273
0,0,0.10368908650518992
0,0,0.04723356889841229
0,0,0.04699971322409431
0,0,0.048213413541802204
0,0,0.1309263733538354
0,0,0.05604511396648841
0,0,0.1109756198373347
0,0,0.05845261558185357
0,0,0.11019158731337889
1,0,0.15508259570488103
0,0,0.06858299725326117
0,0,0.10870733671262504
0,0,0.030107570378529805
1,0,0.11809173164800618
0,0,0.019117702900856463
0,0,0.00010381714153449548
0,0,8.364009036740908e-05
0,0,0.10621310466658863
0,0,0.07106512557889062
0,0,0.035018670798455546
0,0,0.09562341701849451
1,0,0.10343180659640551
0,0,0.06114480258674448
0,0,0.11862340095398607
0,0,0.06361625800708082
0,0,0.12727883066317947
0,0,0.20828372519666383
1,0,0.22594485299780726
0,0,0.1724442043585613
0,0,0.12224847967460659
0,0,0.10832251209190873
0,0,0.07152047833005545
0,0,0.10417304675866451
0,0,0.11131019703270786
0,0,0.11001213427705318
0,0,0.06246072214622433
0,0,0.06520234655548288
0,0,0.14410492059134075
0,0,0.08540481799294898
0,0,0.09755977265094457
0,0,0.04781880490968227
0,0,0.10361919261288127
0,0,0.0662116865838185
0,0,0.08305741832617976
0,0,0.10113941401042195
0,0,0.059328165521165266
1,0,0.1229148684138798
0,0,4.58409498927276e-05
1,0,0.045947227044355846
0,0,0.06531579602489546
1,0,0.20364237467847918
0,0,0.14199580330534245
0,0,0.12359419855360959
1,0,0.1529656494399369
0,0,0.2284849880271637
0,0,0.10695626569874177
0,0,0.041822981358684036
0,0,0.09111966738906617
0,0,0.1180318144300989
0,0,0.0957382999461063
0,0,0.1980429394424642
1,0,1.0455013671513521e-07
0,0,0.07861708191567049
0,0,0.10606551754432453
0,0,0.30180328579967386
0,0,0.09067165435340503
1,0,0.2236191904178555
0,0,0.04529662051424474
1,0,0.18296199805240515
0,0,0.03209959807731066
0,0,0.14568241139590515
0,0,0.00020124748375547626
0,0,0.09361485469721378
0,0,0.1300423602129912
0,0,0.07250723120063159
0,0,0.11394252776193618
0,0,0.07939087519341062
0,0,0.17091605297125603
0,0,0.08525820051960632
0,0,0.151662964111466
0,0,0.10480731038375038
0,0,0.0361676278598076
1,0,0.11462416209029573
0,0,0.09947331080870692
0,0,0.05540083406456756
0,0,0.15184135535732507
0,0,0.13530253042911541
0,0,0.07123668476105091
0,0,0.37937030660618487
0,0,0.07527761606608367
0,0,0.1383962611357319
0,0,0.14069917689722336
0,0,0.15233990722300345
0,0,0.13149449654727557
0,0,0.24141205196744306
0,0,0.04431767679475856
1,0,0.13580693786311532
0,0,2.7861810657208447e-07
0,0,0.1083427127550667
0,0,0.2369165811558862
0,0,0.048859178979397136
0,0,0.06723035382731185
0,0,0.05905286429384325
0,0,0.039554499842062864
0,0,0.06110936398101822
0,0,0.3008476623627722
0,0,0.09133441125986948
0,0,0.07925682943697189
0,0,0.09537937173005824
0,0,0.309576215010296
0,0,0.29398390258153445
0,0,0.11758000010478155
0,0,0.09615785401282038
0,0,0.22298649736695472
0,0,0.08329528952766248
0,0,9.54026949647965e-06
0,0,0.05947078289562505
1,0,0.17024618176478493
0,0,0.00010165775835800757
0,0,0.060770722637670235
1,0,0.04372448023849096
0,0,0.12477498332269753
0,0,0.1500918992784445
0,0,0.12972451915071656
1,0,0.19984697736920226
0,0,0.1363768796343808
0,0,0.10099206062640395
0,0,0.15887129171129982
0,0,0.1454711506049831
0,0,0.058099999157580684
0,0,0.10731186356854805
0,0,0.14327370758199368
0,0,0.043945017353775116
0,0,0.04324526457136945
0,0,0.1633560985022966
0,0,0.13657433357493934
0,0,0.10341228060100928
0,0,0.047188390010353146
0,0,0.08802043403202842
0,0,0.08215622577737418
0,0,0.16755378727926687
0,0,0.07960982020016948
0,0,0.12408744701425158
0,0,0.03598339585666887
0,0,0.04987240907390604
1,0,0.05857114315016375
0,0,0.09486361876185505
0,0,0.11394138478970778
1,0,0.09012856846782108
0,0,0.06037296461962557
0,0,0.00012979949630580968
0,0,0.27011851627708694
0,0,0.14823059730682472
0,0,0.11537050715598116
0,0,0.14493867470571
0,0,0.09382965840693029
0,0,3.9914020029309955e-05
0,0,0.02422666536612619
0,0,0.039127724465405404
0,0,7.17999318672999e-05
0,0,0.04193043222732373
0,0,0.0867885486910754
1,0,0.08303954519344024
0,0,0.11983871900637517
0,0,0.13311683965044793
0,0,0.10875759514202235
0,0,0.0885927646875118
0,0,0.018813652911898543
0,0,0.13618067700145647
1,0,0.09316021916365293
0,0,0.12643316849129782
1,0,0.14722207852165886
0,0,0.14028553147758652
0,0,0.1566304124743289
0,0,0.09896427832794251
0,0,0.13799102050199957
0,0,0.2409905850915363
0,0,0.038524345672410774
0,0,0.01672835761971985
0,0,0.09071746307986366
0,0,0.09228524893707214
0,0,8.332090673394704e-05
1,0,0.4211170079770156
0,0,0.18204510173327756
0,0,0.05141265905888313
0,0,0.06700044272234948
1,0,0.1403148030509486
0,0,0.12429916870538138
0,0,0.09104613452099684
1,0,0.15867397453613502
0,0,0.11211215693105475
0,0,0.1037066478865541
0,0,0.08291753690700557
0,0,0.0712843400021604
0,0,0.07290433601897557
0,0,0.06313345047766737
0,0,0.050039402555294536
0,0,0.00015265177932474196
0,0,0.00010272834137939765
0,0,0.15496567451732135
0,0,0.16423448149957084
0,0,0.10345144384261717
0,0,0.09630485808177337
0,0,6.707908881046444e-06
1,0,0.10793441208547545
0,0,0.08605151978255458
0,0,0.081620019213676
0,0,0.046354285399303925
0,0,0.04592323988710998
0,0,0.1430328316784193
0,0,0.054411897178266104
0,0,0.15610903267560872
0,0,0.08090498990705698
0,0,0.041053693896173284
0,0,0.22038236760208377
0,0,0.06036772882165098
0,0,0.2340112564024755
1,0,0.06097644825676393
0,0,0.08315675937733322
0,0,0.08907637766232622
0,0,0.13447446104910316
0,0,0.19924248511735645
0,0,0.04135776691324113
0,0,0.07586790357065615
0,0,0.0696574954095014
0,0,0.035508642260517136
0,0,0.10474570603985253
1,0,0.08190353045834482
1,0,0.47614392841618913
0,0,0.103695312580562
0,0,0.07206852388786485
0,0,0.04974689320366149
0,0,0.21945229477013276
0,0,0.17707940034226372
0,0,0.08234224846851596
0,0,0.06169695140749672
0,0,0.05497627785224368
0,0,0.02965175425296035
0,0,0.027490594094973692
0,0,0.13095204704927751
0,0,0.08620947765528243
1,0,0.00020566128515722126
0,0,0.21327896713241373
0,0,0.1124334223795449
0,0,0.024072809949837976
1,0,0.11964829946061664
0,0,0.137602814563263
0,0,0.11899965127168761
0,0,0.009714703087304984
0,0,0.1368127238169749
1,0,0.12631983802655675
1,0,0.41698261115823854
0,0,0.07932189357688216
1,0,0.13767079444533228
0,0,0.0145089607054756
0,0,2.7079599628410045e-05
0,0,0.14857164477094956
0,0,0.15693046068608532
1,0,0.06493345018065452
0,0,0.04075204941973368
0,0,0.06224374654929748
0,0,0.13422491736745848
0,0,0.1324286264945528
0,0,0.1293611185440342
1,0,0.12707709504271314
0,0,0.11224791203473035
0,0,0.210048412461968
0,0,0.15142837208297275
0,0,0.18838703168788076
0,0,0.05338369670470054
0,0,0.06146067250103425
0,0,0.11241420449411357
0,0,0.09783251038485766
0,0,0.08588847094495576
0,0,0.07854503270174307
0,0,0.028439150196553947
0,0,0.06054963109076779
0,0,0.17469488071434094
0,0,0.045377176425856654
0,0,0.08331383855154707
0,0,0.07461912324847256
0,0,0.33525597045061695
0,0,0.06844953675033721
0,0,0.10756146860260117
0,0,0.11959225180754085
0,0,0.10679563446230114
0,0,0.07882783716948978
0,0,0.09135849166878174
0,0,0.08810493345547155
1,0,0.047327716944190495
0,0,0.06605055258401202
1,0,0.0518922074817949
0,0,0.04776153998331753
0,0,0.11426209845109175
0,0,0.11093693973006609
0,0,0.07323719365608504
0,0,0.05463346438218427
1,0,0.19948151164026487
0,0,0.13898066961156863
0,0,6.118100612660569e-05
1,0,0.08333073268659816
0,0,0.06061867607624913
0,0,0.0681180855377831
0,0,0.08840102698691299
0,0,0.00010206318454585756
0,0,0.05472938948465319
0,0,0.05156095000234212
0,0,0.13009955188864925
0,0,0.07059439777153614
0,0,0.06436065575924416
0,0,0.10799952686948597
0,0,0.10483421857676015
0,0,0.04097005820559353
0,0,0.04619916448421588
0,0,0.06983838169798055
0,0,0.11909282021167099
0,0,0.07541236808591764
0,0,0.0003689413267790992
0,0,0.10154663423345565
0,0,0.07371840983756016
0,0,0.1221043370791187
0,0,0.3030766774743264
1,1,0.582423275170459
0,0,0.26952343959634234
0,0,0.03500254472744919
0,0,4.3600535993078144e-05
0,1,0.55817564835797
0,0,0.09254002340677735
0,0,0.2337142094346097
0,0,0.052030764514149876
0,0,0.030753993562466803
0,0,0.06732870680870784
0,0,0.125204382632134
0,0,0.06405322782632485
0,0,0.07670930270678591
0,0,0.139416350373429
0,0,0.07307872933195182
0,0,0.08696889292926295
0,0,0.06330071939632093
0,0,0.03705392081916053
0,0,0.1327836164220278
0,0,0.16173481443358195
0,0,0.050993696671936185
0,0,0.24090033138980993
0,0,0.10199520306991397
0,0,0.11599348021170033
1,0,0.09178537671359797
0,0,0.037564336110934626
0,0,0.08567243685345172
0,0,0.0289844941678826
0,0,0.0842244503487092
0,0,0.08868052022587113
0,0,0.0796353883187839
0,0,0.3015428521631517
0,0,0.0937907286216251
0,0,0.1077176192754521
0,0,0.025497415168287248
0,0,0.0984288120246997
1,0,3.484778173076304e-05
0,0,0.058679926568269404
0,0,0.09087245503316443
0,0,0.17062884520279317
0,0,0.10196374841934433
1,0,0.1152374071929641
0,0,0.2453512646220381
0,0,0.02105101169291106
1,0,0.31849003259182007
0,0,0.17130043804886172
0,0,0.06821988431388024
0,0,0.06100345686210105
0,0,0.04733881215596553
0,0,0.15992425933015547
0,0,0.05319476181421012
0,0,4.3501313821881786e-05
0,0,0.13033456665177848
0,0,0.11136669360131575
0,0,4.6645777825611725e-05
0,0,0.0993627462621996
0,0,0.10633462068605064
0,0,0.03676918984733919
0,0,0.11042610276036949
0,0,0.11366001716641756
1,0,0.4020628716227366
0,0,0.13508209251449269
0,0,0.16971498953716949
0,0,0.10668203983903041
0,0,0.12061411265963042
0,0,0.1140923947480429
0,0,0.06023587865368095
0,0,0.12981164684326868
0,0,0.07413296255870136
0,0,0.06267577453535753
0,0,0.05513284482516769
0,0,0.05401758696659613
0,0,0.11389519417607838
0,0,0.0476831671394342
0,0,0.19993891345841036
0,0,0.026525363790338596
0,0,0.06523610477857289
1,0,0.059387296658693675
1,0,0.12412522163302246
0,0,0.08209406706036881
0,0,0.22878039270529155
0,0,0.2029239177637106
0,0,0.07769530701032505
0,0,0.06591318434782163
0,0,0.08484609477315627
0,0,0.07948817169587628
0,0,0.1024418901522541
0,0,0.4529040790950499
0,0,0.028985415610204252
1,0,0.114450502521091
0,0,9.23248676474873e-05
1,0,0.09547065506767029
0,0,0.057203535102521616
0,0,0.12760022707843383
1,0,0.09749318815893236
1,0,0.23661451691831242
0,0,1.7911381695924654e-07
0,0,0.08490647583205853
0,0,0.19469282318726613
0,0,0.04647962572400308
0,0,0.24154981127794242
0,0,0.06458460849195705
0,0,0.0830274566429107
0,0,0.12067529461515325
1,0,0.11325759410313288
0,0,0.11458074510535106
0,0,0.05278235731681205
0,0,0.12716867443895763
0,0,0.06690015943273014
0,0,0.1433161365464666
0,0,0.07534905176617841
0,0,0.037325597550477964
0,0,0.09174708522344381
0,0,0.14917003703857984
0,0,0.05669883126853469
0,0,0.1127384923175941
0,0,0.20472829000568116
0,0,0.07223928593082016
0,0,0.16781519081563817
0,0,0.10546106844842572
0,0,0.05032867911114726
0,0,0.11057809464443522
1,0,0.2200364520550922
0,0,0.05727746017644567
1,0,0.06286189028935747
1,0,0.1053222228284501
0,0,0.04514779070600294
0,0,0.05932940745386537
0,0,0.06574547734504228
0,0,0.093112537058948
1,0,0.2783745068179775
0,0,0.10656417288176008
0,0,0.2085668661373139
0,0,9.633782014643312e-05
0,0,0.08402301602137924
0,0,0.08734494933839623
0,0,0.0777572185271183
1,0,0.10297347751867385
0,0,0.07468638332846501
0,0,0.114945974705483
0,0,0.12830478895086245
0,0,0.07392238884959967
0,0,0.12190940251552543
0,0,0.08899483654214325
0,0,0.06502762370107773
0,0,8.680215878572273e-05
0,0,0.2159122208044586
0,0,1.4963691185759878e-05
0,0,0.07049959018085794
0,0,0.09033468607110415
0,0,0.06988257998839122
0,0,0.16822430796303495
0,0,0.07118173456737296
1,0,0.05391283103123397
0,0,0.1367368909716839
0,0,0.08830319650206284
0,0,0.2103513346482051
0,0,0.09174282566148104
0,0,0.09996465234950581
0,0,0.13647595579974783
0,0,0.36721863969201746
0,0,0.08507104522441276
0,0,0.03873631020223051
0,0,0.07823883940593035
0,0,0.0776048762370396
0,0,0.12897243507914402
0,0,0.049607164804478285
0,0,0.11132788753997312
1,0,0.09963780317407621
0,0,0.05400039537282301
0,0,0.10947500725030453
0,0,0.1791043939004243
1,0,0.28065519903534875
0,0,0.09105267436010903
0,0,0.2553925086485967
0,0,0.06536235170013774
0,0,0.10077525942874119
0,0,0.10719267973876415
0,0,0.10171125701559174
0,0,0.08419158322898215
0,0,0.06812703362283744
0,0,0.07606195415506063
1,1,0.5099614004430766
0,0,0.09565191740097931
1,0,0.09782496482899003
1,1,0.5419953698446791
0,0,0.12029815508024755
0,0,0.08990619436456623
0,0,0.07250536675108434
0,0,0.23229330990688138
0,0,0.16020502619395918
0,0,0.19623266063594583
0,0,0.1410445638810093
0,0,0.020161397962381745
0,0,0.3173934183232507
0,0,0.01673326439161209
0,0,0.04880305849420708
0,0,0.00013973432451790636
0,0,0.15434704509628006
0,0,0.09103595746313739
0,0,0.05809467371029072
0,0,0.05541664102880154
0,0,0.09008529049902204
0,0,0.08982394004772769
1,0,0.10324628352312926
0,0,0.12298799552314503
0,0,0.08577440111503526
0,0,0.05055087236697438
0,0,0.09154072033032455
0,0,0.05259393321396366
0,0,0.08862609941758004
0,0,0.0865341848933313
0,0,0.10930495322548694
0,0,0.07405541754588774
1,0,0.2012210589215894
0,0,0.07338268699579616
0,0,0.07265783099060558
0,0,0.09975041309396768
0,0,0.0879518661749475
0,1,0.5450888489834496
0,0,0.06358800000948565
0,0,0.00011180758774520348
0,0,0.05627179203756265
0,0,0.08933449560777305
0,0,0.05891891866798802
1,0,0.07718928023396045
0,0,0.06370943465606836
0,0,0.06690526123340046
0,0,0.21442708599925267
0,0,0.1342330945016813
1,0,0.11338610076560889
0,0,8.996497119450261e-05
0,0,0.05387560105804328
0,0,0.059590840799848145
0,0,0.08054126228020328
0,0,0.00010946632642898077
0,0,0.07704210108297924
0,0,0.14265097783647568
0,0,0.11972895215615739
1,0,0.16941635992241932
0,0,0.15576482015831428
0,0,0.13498297967047054
0,0,0.1864338637853311
0,0,0.0006286636370474091
1,0,0.09593779440676514
0,0,0.07943346785418101
0,0,0.03176840780842377
0,0,0.05632754616439526
0,0,0.1951520675399079
0,0,0.040519358186920276
0,0,0.05465311291176951
0,0,0.06272672368921658
0,0,0.2568065185589805
0,0,0.10954943462687157
0,0,0.04434785271698545
0,0,0.34025265417069406
0,0,0.022748806116290807
0,0,7.661376117143395e-07
0,0,0.12019815760938905
0,0,0.06913176323108376
0,0,0.0880108876350128
0,0,0.12697787237064914
0,0,0.1297298409850575
0,0,0.12150577617081972
1,0,0.08363267449068647
0,0,0.13557630500533913
0,0,0.09517474644212315
0,0,0.09198007367831437
0,0,0.1775701371520329
0,0,0.022922862017222448
0,0,0.1182444631667456
0,0,0.07788521468048591
0,0,0.17254693430098442
0,0,6.355223936004603e-05
0,0,0.11807180308226099
0,0,0.07118869516491248
0,0,0.05221433040864861
0,0,0.06986528021196338
0,0,0.04127859473735721
0,0,0.45398759868723787
0,0,0.15811908414235373
0,0,0.11603814978090644
0,0,0.1724148106405386
0,0,0.28466465409253505
1,0,0.13759116119341774
0,0,0.2126945147757784
0,0,0.14195081813020416
0,0,0.06197966763419069
0,0,0.041953474629898804
0,0,0.1576790229395503
1,0,0.14162952462196277
0,0,0.06613823563688166
0,0,0.1893466914492513
0,0,0.12234787445094729
1,0,0.14143021622791643
0,0,0.09224152449541609
0,0,0.16956434846927265
0,0,0.11749725855099173
0,0,0.16262860581986302
0,0,0.10831258151684153
0,0,0.07761052591343469
0,0,0.1130538373144582
0,0,0.09407380326828037
0,0,2.0787537687466307e-05
1,0,0.08303776536507892
0,0,0.09541549325920252
0,0,0.06765378579322821
0,0,0.09723843590775191
0,0,0.01523496917299265
0,0,0.05241886588235843
0,0,0.1320130534400578
0,0,0.14711147278436096
0,0,0.14359301636277788
0,0,7.106367491250203e-05
0,0,0.08915858535145106
0,0,0.08200732615825851
0,0,0.14512698053435114
0,0,0.16958636869459437
0,0,0.01868918649094725
0,0,0.09257760840194613
0,0,0.17402917183843028
0,0,0.08236622295698026
0,0,0.10879102166183496
0,0,0.058982702516559134
0,0,0.08767346096115
0,0,0.06876884321355645
0,0,0.07614459743968086
0,0,0.0775384364771816
0,0,0.23344146980407343
1,0,0.0910494625743638
0,0,0.11990386144507635
0,0,0.07221210204704391
0,0,0.1440297556859914
0,0,0.23202378170914495
0,0,3.0340336009231395e-05
0,0,0.12840126768704194
1,0,0.07646679536663632
0,0,0.1976919829332386
0,0,0.04881292617646256
0,0,0.14829832327914597
0,0,0.14612480745560982
0,0,0.03922691062925899
1,0,0.21367812743578546
0,0,0.0001374638060492122
0,0,0.08400331245295822
0,0,0.10391634637257006
0,0,0.00034067018431979077
0,0,0.3299250031633881
0,0,0.08503343191800616
0,0,0.08791643617316901
1,0,0.0001689065158240577
0,0,0.12379458833977686
0,0,0.18589777454197343
0,0,0.06676049569470867
0,0,0.11404031838321683
1,0,0.09282844093205701
0,0,0.191195661251106
0,0,0.05225417637087612
0,0,0.08203499352600944
0,0,0.12505528358117343
0,0,0.04150556842964984
0,0,0.09320165182541436
0,0,0.13061420565490914
0,0,0.05102752080344628
0,0,0.08098008487320618
0,0,0.1601182166358831
0,0,0.25849252703437814
0,0,0.15378250799715423
0,0,0.09916358650301892
0,0,0.11848610861196157
0,0,0.06500026128931151
0,0,0.16489598942495973
0,0,0.267460533785222
0,0,0.14336336423046137
0,0,0.15936606773529713
0,0,0.18358079706792343
0,0,0.19892800791515
0,0,0.32546782562386667
0,0,0.07259519174985515
0,0,0.07820499287856034
0,0,0.09763207098500871
0,0,0.14505384604430138
0,0,0.018212814449080496
0,0,0.09730790132516969
1,0,0.09450257655452227
0,0,0.015562873302078058
0,0,0.312173304424912
0,0,0.0470658341764988
0,0,0.12282473078935306
0,0,0.058086943817957114
0,0,0.1119990366927524
0,0,0.1057634116947646
0,0,0.11047693469375455
0,0,0.16770609445210855
0,0,0.050197133808790186
0,0,0.06818059710266947
0,0,0.11829499744952483
0,0,0.10979668664255213
0,0,0.10032613704061266
0,0,0.16181232047738273
0,0,0.07811202443910908
0,0,0.10253601174291183
0,0,0.07820904453247504
0,0,0.03042149033477205
0,0,0.0914216320689254
1,0,0.11878558701575602
0,0,0.14797663117940454
0,0,3.1573709701780204e-05
0,0,0.04070789612425214
0,0,0.06817467688974624
0,0,0.08199774691705199
0,0,0.11390114616532289
0,0,0.05982130558752861
0,0,0.11292192426973034
0,0,0.07826355775725466
0,0,0.08474984417816535
0,0,0.11459277281716408
0,0,0.09469300235080044
0,0,0.057285117995641795
0,0,0.03540500532173761
0,0,0.0888961577870334
0,0,0.21556946393861665
0,0,0.08126582970503862
0,0,0.09981282940104873
1,0,0.06299405891431119
0,0,0.06310243741741277
0,0,0.08790273433459114
0,0,0.05650993586735482
0,0,0.09994899400253318
0,0,0.059196887688672144
0,0,0.20865729545936346
0,0,0.20971426195293
0,0,0.17435456560118043
0,0,0.08276244648387046
0,0,0.0563448689362581
0,0,2.5078181036975314e-05
0,0,0.117049859134852
0,0,0.045191226180602104
0,0,0.10829207301164304
0,0,0.060170215571388304
0,0,0.17776115955625588
0,0,0.0713002706565957
0,0,0.06374304354521124
0,0,0.04776057974988117
0,0,0.04620017055230038
0,0,3.573497757477535e-05
0,0,0.3698740635943659
1,0,0.0353374353260051
0,0,0.07621708428373193
0,0,0.1422237455630598
0,0,0.07626328304442243
0,0,0.13190055549359772
0,0,0.08637713435758969
0,0,4.845134998392204e-05
0,0,0.2772427708020434
0,0,0.13449961538434632
0,0,0.10950303730437964
0,0,0.1562561333674668
0,0,0.1424942473737195
0,0,0.08889288967203993
0,0,0.1111013991335305
0,0,0.04866807839367711
1,0,0.14169297551354473
0,0,0.051005754797199127
1,0,0.14440442565224584
1,0,0.04845516716942849
0,0,0.16045855687758434
0,0,0.13238759610246187
0,0,0.07925103722475536
0,0,0.12405298466727153
0,0,0.09379261087464445
0,1,0.5239438090256593
0,0,0.09720774101172948
0,0,0.02532390559766262
0,0,0.10638008833476184
0,0,0.12295194147587023
0,0,0.054524589705718135
0,0,0.1139373640944554
0,0,0.04965232359560014
0,0,0.021242049979085825
0,0,0.012217523357190545
0,0,0.032190488047741425
0,0,0.07915961019365125
0,0,0.12117554960222181
1,0,0.09549522227094082
0,0,0.13986405402191876
0,0,0.0475157677573549
0,0,0.06460661748101333
0,0,0.10859583326984679
0,0,0.12276692636296062
0,0,0.10095327592122305
0,0,0.15888395801268665
0,0,0.08820602670689243
0,0,0.029194803715936007
0,0,0.061817548445853354
0,0,0.14147677631681735
1,0,6.330430325766596e-05
1,0,0.07739771680146715
0,0,0.0417116835416461
1,0,0.19291418505059696
0,0,0.0820253247069321
0,0,0.139526373995894
0,0,0.06896252003970556
0,0,0.12047967774162249
0,0,0.13560159881431763
0,0,0.12459978061440169
0,0,0.06368601991638713
0,0,0.11664012978253065
0,0,0.10463751987027495
0,0,0.14969343168627638
0,0,0.13351817585005896
1,1,0.6400251939025138
0,0,0.07359401573128328
1,0,0.08147328348192626
0,0,0.1455376303261979
0,0,0.14322352169927577
0,0,0.08005674511630248
0,0,0.08577701926881183
0,0,0.08998620295864519
0,0,0.08667948800049369
0,0,0.11543446922892207
0,0,0.1523302923838401
0,0,0.07648152061541885
0,0,0.05832178709180625
0,0,0.08663296766521142
0,0,0.18852898671590687
0,0,0.13944741331155622
0,0,0.07782115798900573
0,0,0.10755685761720556
0,0,0.1071527329748021
1,0,0.18003887584669476
0,0,0.10750338013888551
0,0,0.11619827987766924
0,0,0.08509537305344926
0,0,0.08431643413579178
0,0,0.1714619563120058
0,0,0.03308771021284084
0,0,0.08663884968336805
0,0,0.1352394680580757
0,0,0.06969138948210685
0,0,0.28785652729777256
0,0,0.08422322943173133
0,0,0.11160737144107626
0,0,0.048570488457195554
0,0,0.09430833538419613
0,0,0.3227209086462857
0,0,0.06937232704178592
0,0,0.10673191137804039
0,0,0.17666360443952825
0,0,0.052885344684428445
0,0,0.07151319423866058
0,0,0.0929718010000282
0,0,0.08545862709831395
0,0,0.055697828951286055
1,0,0.10522682319262691
1,0,0.04737744967599726
0,0,0.22208653299861422
1,0,0.22015630859336574
0,0,0.07976013929092998
1,0,0.10502436804271378
0,0,0.13077023847774685
0,0,0.07024868331758136
0,0,0.11082846264109303
0,0,0.04016469478718766
1,0,0.20338110501748982
1,0,0.15484953610487534
0,0,0.04777887416197284
1,0,4.536591996754763e-05
0,0,0.05901908680910368
0,0,9.999301074605154e-05
0,0,0.10493895035897752
0,0,0.19275536071867916
0,0,0.11091819089596858
1,0,0.15500461796306164
1,0,0.04083569194992632
0,0,0.06290204899844129
0,0,0.14931029809473254
0,0,0.1019016535792467
0,0,0.14940696498774805
0,0,0.1288635882402864
0,0,0.07453952536357861
0,0,0.22977028043632755
0,0,0.0690739890844398
0,0,0.1726708935673323
0,0,0.097747686248549
0,0,0.08056742092493788
0,0,0.00867980140653952
0,0,0.05256243562289941
1,0,0.39223002745466484
0,0,0.21479205508950222
0,0,0.084171445008329
0,0,0.1377288985985535
0,0,0.1252246194455162
0,0,0.08152093473288709
0,0,3.349291753814327e-05
0,0,0.08848574961361975
0,0,0.08690504301190101
0,0,0.11723274533628386
0,0,0.06964303669458609
0,0,0.07716392756820677
0,0,0.04632208864026367
0,0,0.04611679724250923
0,0,0.29452796021986516
1,0,0.1271185716940488
0,0,0.04098679878639265
0,0,0.19212542412298864
0,0,0.2545319198402345
0,0,0.1127433755998214
0,0,0.11662766168420834
0,0,0.0648585876555635
0,0,0.07556965777505226
0,0,0.027792545159514726
0,0,0.041140008524985505
0,0,0.09793434574950555
0,0,0.0892239223915309
1,0,0.08200716231286774
0,0,0.15890767515186482
0,1,0.9992031426545224
0,0,0.2994251986317056
0,0,0.06652917459153546
0,0,0.07408697214867532
0,0,0.1108995102849271
0,0,0.1431215150681984
0,0,0.0010439259154699542
1,0,0.23481500107809683
0,0,0.14606015630457944
0,0,0.15216327997890303
0,0,0.007996823343925005
0,0,0.18721270527897246
0,0,0.10067033294663416
0,0,0.12026789322360798
0,0,0.02624699995302349
0,0,0.12131393089967932
0,0,0.12319152719115094
1,0,0.32355106292985564
1,0,0.09345790911586495
0,0,1.564947739047634e-07
0,0,0.045147922631936906
1,0,0.19990906369646141
0,0,0.2066299872741202
0,0,0.05727759600523365
0,0,0.11580525506011187
0,0,0.16649194184149135
0,0,0.09627287896900609
0,0,0.18141465666316894
0,0,0.21208890695868213
0,0,0.1550444333454536
0,0,0.19187988625275437
0,0,0.09588222820793553
0,0,0.22117948855623246
0,0,0.10285963103500653
0,0,0.1394493614438323
0,0,0.09653101505453174
0,0,0.04328296105871491
0,0,0.10070491219327715
0,0,0.12638435560972436
0,0,0.07511600583111692
0,0,0.05108696196405644
0,0,0.38347854787520086
0,0,0.0817883112918311
0,0,0.06481988769478886
0,0,0.16962229619346306
1,0,0.11425504567620152
0,0,0.11376160828841173
0,0,0.04667333570312867
0,0,0.13249803530739301
0,0,2.8618805373124286e-05
0,0,0.08184182427881041
0,0,0.1650425278047035
0,0,0.06562149983999839
1,0,0.07940944155744706
0,0,0.0009510384641360192
0,0,0.07615999731990634
0,0,0.10345163455756111
0,0,0.19530424013086825
0,0,0.17602662587150458
0,0,0.12345172245916328
0,0,0.1219733942270802
0,0,0.03604213630887382
1,0,0.12350828143164691
0,0,0.22596157593085398
0,0,0.08392963944680627
0,0,0.04974733485235688
0,0,0.07413578675489185
0,0,0.052264993889244576
0,0,0.20463463008295965
0,0,8.368165408067063e-05
0,0,0.13743310553420282
0,0,0.10074782499550644
0,0,0.07737959145691362
0,0,1.1781912930570516e-05
0,0,0.08798693275716714
0,0,0.03492948164947121
0,0,0.05450515713099356
1,0,0.2054466861096732
0,0,0.12692383332693943
0,0,0.027146839990275524
0,0,0.13447173627815318
0,0,0.09243054441607532
0,0,0.07521367302426943
0,0,0.21132558506795332
1,0,0.0898546715218819
0,0,0.10210043071320415
0,0,0.10274823255244044
0,0,0.05247036966184688
0,0,0.0014869903758207926
0,0,0.38780280916294924
0,0,0.05964524477658997
0,0,0.11172268212087301
0,0,0.0676108899913295
0,0,0.12945948629554357
0,0,0.1332316024186972
0,0,0.05949136041938687
0,0,0.07417821631539746
0,0,0.09490076856133034
0,0,0.09900145600252222
0,0,0.18380993604829157
0,0,0.09557497501559581
0,0,0.07395951424148234
0,0,0.1528262680006374
0,0,0.13467105481116518
0,0,0.0629176860635819
1,0,0.1387120097923976
0,0,0.04189320950594149
0,0,0.05520752143820304
0,0,0.08881624131820852
0,0,0.06827182563579108
0,0,0.09597713786137288
0,0,0.10808357377612432
0,0,0.16990662472984405
0,0,0.0802424154458195
0,0,0.05436022096430056
0,0,0.1366397791908206
0,0,0.0795137379532226
0,0,0.08908394088285902
0,0,0.11007852138627622
0,0,3.09362198878654e-05
0,0,0.11753475208150456
1,0,0.08558360418487763
0,0,0.08039032905434385
0,0,0.1348111882932169
0,0,0.0767229435426372
0,0,0.09822523801849954
0,0,0.10484507154192632
0,0,0.13334479960584794
0,0,0.16020980963023038
0,0,0.061810275702565906
0,0,8.305448916850476e-05
0,0,4.5484011308535284e-08
0,0,0.21796021081257724
0,0,0.12595761929276267
0,0,0.21726229580280745
0,0,0.077080624701108
0,0,0.12105696997590272
0,0,0.0986821668227579
0,0,0.17115099203749518
1,0,0.07208512325299453
1,0,0.03054638144212744
0,0,0.07727803572085619
0,0,9.275190851687568e-06
0,0,0.09092560393925725
0,0,0.097550462737443
0,0,0.05537568246309769
0,0,5.9932049304193854e-05
0,0,0.135772694689642
0,0,0.0004532677013180873
0,0,0.054610584126829044
0,0,6.125468227130149e-05
1,0,0.30736625458405054
0,0,0.021088115182423425
0,0,0.09289769823081452
0,0,0.08712139448193004
0,0,0.05998813065553597
0,0,0.14022011989170693
0,0,0.12940663785664785
0,0,0.0532285512220672
0,0,4.510262212947684e-11
0,0,0.1153337182797504
0,0,0.0472040715500922
0,0,0.0478199786265066
0,0,0.09365884651668735
0,0,0.10007497490956287
1,0,0.15420343354604482
0,0,0.12990752236237632
0,0,0.09132807274362828
0,0,0.120238654395713
0,0,0.13069374023408256
0,0,0.16422315944493912
0,0,0.192128136031397
0,0,0.09663668473354775
0,0,0.11775869594891919
0,0,0.13222192684821543
0,0,0.29183323518580173
0,0,8.455010714958925e-08
0,0,0.08142790367725085
0,0,0.14145356891533126
1,0,0.08884335007536633
0,0,0.08927925017103418
0,0,6.652966031099909e-05
0,0,0.048646628084546936
1,0,0.38747477446914524
0,0,0.16228199233448778
0,0,0.09982125483709035
0,0,7.471736197474525e-05
0,0,0.1952704280096469
0,0,0.08432143577337903
0,0,0.08885093118450431
0,0,0.1277247656285432
0,0,0.14728786034823382
1,0,4.7950150508996644e-05
0,0,0.11797453437381049
0,0,0.17751163956114885
0,0,0.07661539074154931
0,0,0.07692415388706143
0,0,0.15648128829595154
0,0,0.0891846266004301
0,0,0.30106973152037114
0,0,0.1459933287313752
0,0,0.10154525183591205
0,0,0.10011886015913948
0,0,0.049580641119316454
0,0,0.1258103786914042
1,0,0.07214363790544169
0,0,0.10981821175302225
0,0,0.16707817292168398
0,0,0.05742349807635254
1,0,0.07208354017620258
0,0,0.09408616921996052
0,0,0.00013396824363545403
0,0,0.09286537797120228
0,0,0.05831179786763801
0,0,0.11621610791088195
0,0,0.10514536173529293
1,0,0.11830064462654327
1,0,0.1494448917304344
0,0,0.10151585971005814
0,0,0.11092651772576012
0,0,0.09618906312987723
0,0,5.5417944379194755e-06
0,0,0.06691816549087182
0,0,0.17557876369121242
0,0,6.271877396248346e-05
0,0,0.2613018325286761
0,0,0.12601382781081835
0,0,0.07941931109631911
0,0,0.21693963621260834
0,0,0.18455885787333756
0,0,0.048376968983901814
0,0,0.07237102499005675
0,0,0.07711292126930804
0,0,0.07915113709248804
0,0,0.07977231180229197
0,0,0.1509688619981821
0,0,0.1005711306885019
0,0,0.08306541683420639
0,0,0.06695910048942906
0,0,0.02968051347853658
1,0,0.19399237408319936
0,0,0.15906474972032136
1,0,0.3366913146401185
0,0,9.346954920008451e-05
0,0,0.1195005995789197
0,0,0.45701445447007666
0,0,0.05426985908004561
0,0,0.27530793299428763
0,0,0.07693634691988746
0,0,0.12763598922737035
0,0,0.10802548006702778
0,0,0.04980060064831372
1,0,0.08461551641708961
0,0,0.11159990626884278
1,0,0.1576710387414538
1,0,6.0941330693990886e-05
0,0,0.23731406266123004
0,0,0.05893730771488394
1,0,0.09601060183556158
0,0,0.2901374596233085
0,0,0.01790607816948442
0,0,0.2725122986332886
0,0,0.42076252856184704
1,0,0.14643949098088013
0,0,0.02360746585702206
0,0,0.0720845044740096
0,0,0.07464603418454582
1,0,0.19018042253318923
1,0,0.23790917143481452
0,0,0.1002724768457392
0,0,0.09917091481122454
0,0,0.12315816940728298
0,0,0.14459969350020885
1,0,0.08621198529928019
0,0,0.1626046704053166
0,0,0.0705183596821247
0,0,0.11474126044074914
0,0,0.10447768910750675
0,0,0.12495017016039137
0,0,0.09603672523722756
0,0,5.566703537515454e-05
0,0,0.21765129498760397
0,0,0.09176152704341375
0,0,0.11627213888193914
1,0,0.25534726639069294
0,0,0.04840468143002646
0,0,0.19229233478388072
0,0,0.08516394041407842
0,0,0.07663524443497138
0,0,0.09728307838864217
0,0,0.09786889439059338
0,0,0.04898049282209448
0,0,0.04815499093511444
0,0,0.053558866874109115
0,0,0.11582444976582289
0,0,0.14430948727570103
0,0,0.08329711450702339
0,0,0.0009557308254532615
0,0,0.09212844269787969
0,0,0.033974330308758544
0,0,0.03792665715140001
1,0,0.06265161545731444
0,0,0.06340903677863784
0,0,0.0691180684393861
0,0,0.23969113074839893
0,0,0.20356111100458563
0,0,0.1252162336555474
0,0,0.12319209938491808
0,0,0.06556162286390095
0,0,0.08664565941958391
0,0,0.036343818886049616
0,0,0.07529292806458907
0,0,0.043185524680268025
0,0,0.29408939329909867
0,0,0.07665224957166507
0,0,0.08628818147451428
0,0,0.11472426876782982
0,0,0.13126418081571742
1,0,0.1719165055062392
0,0,0.2369566670503024
1,0,0.046541868006214834
0,0,0.07645965460661806
0,0,0.05829590673876981
0,0,0.0994600237127261
0,0,0.08114282388420592
0,0,0.07028340937067197
0,0,0.1218377786623123
0,0,0.04012886700525353
1,0,0.20290489513782503
0,0,0.12525269030881414
0,0,0.07534818199923933
0,0,0.057332958758980604
0,0,0.1998883256078324
1,0,0.10084485405032098
0,0,0.06176518488933509
0,0,0.09671082512328297
0,0,0.22607491331286766
0,0,0.08025667308787086
1,0,0.22571608601664772
1,0,0.1386908210421709
0,0,0.1466164559156351
0,0,0.04155927653304038
0,0,0.06881536200844744
0,0,0.3758584039760258
0,0,4.924283876629602e-05
0,0,0.10301285903132959
0,0,0.09997350001023532
0,0,0.3240337378345942
1,0,0.11876160576208444
0,0,0.06798608046806862
0,0,0.0508294836952567
0,0,0.09558725031522831
0,0,0.053654301320571814
0,0,0.11144856096671653
0,0,0.08047335138790204
0,0,0.09471595821646674
0,0,0.14669876989363018
0,0,0.08137565534220481
0,0,0.32469877402663233
0,0,0.16202411659226545
1,0,0.06014127385863429
0,0,6.433505806553197e-05
0,0,0.06836005326782596
0,0,0.04134786448688436
0,0,0.11861288576642265
0,0,0.07385588887592892
0,0,0.06439594383562243
1,0,0.10802977825201808
0,0,0.06489617988658361
1,0,0.0612092860049662
0,0,0.08953719238893101
0,0,0.10287960112335692
0,0,0.18891097961011738
0,0,0.19377921448099275
0,0,0.10862907298799888
0,0,0.15315944077904675
0,0,0.1689825546872451
0,0,0.09984580821826015
0,0,0.06592620895897698
0,0,0.12014141451251419
0,0,0.18942166271769356
0,0,0.08558352009876069
0,0,5.72013374595521e-05
0,0,0.1747261988141989
0,0,0.0772906637747991
0,0,0.06194558438427223
0,1,0.6452641146511588
0,0,0.09687532597220468
0,0,0.05283991247778687
0,0,0.08722689763589901
0,0,0.29050215273159574
0,0,0.1083480152005938
0,0,0.15665206587733438
0,0,0.28237457339452454
0,0,0.07427596126942573
0,0,0.20540321373078113
1,0,0.18541214566711056
0,0,0.14969901342229663
0,0,0.0329500549356695
0,0,1.8195027671699372e-05
0,0,0.10623927134827445
0,0,0.10259846145679988
0,0,0.16655051883140645
1,0,0.0684805327316181
0,0,0.17582230426786102
1,0,0.22627749898275076
0,0,0.08991479161805754
0,0,0.09078902631065015
0,0,0.08498568358289633
0,0,0.15260061308842274
0,0,0.054834319116486695
0,0,0.10322202861291074
0,0,0.10059453096560124
1,0,0.10283013750918393
0,0,0.052021745721776425
0,0,0.0658153730879408
0,0,0.2451840333905849
0,0,0.10255805854557522
0,0,0.08141324933545367
0,0,0.07739965895864119
0,0,0.07154325400261502
0,0,0.04659139231680296
1,0,0.46559929566733094
0,0,0.00026530851441141235
0,0,0.15309565401143374
0,0,0.0648927630579145
0,0,0.1028177312271644
0,0,0.12210565825760752
0,0,0.03151678279478147
0,0,0.05893371227445042
0,0,0.06007577609478094
0,0,0.08925602828833862
0,0,0.10950202047499737
0,0,0.09474752350519483
0,0,0.05928437691754593
0,0,0.11653768738381862
1,0,0.05872590774640595
0,0,0.07888764143034419
0,0,0.06599335714417007
0,0,0.22241587299831989
0,0,0.09331566444697696
1,0,0.13688552131562606
0,0,0.12937509648734202
0,0,0.037392265341042605
0,0,0.019254353619834057
0,0,0.16774305728918612
0,0,0.11913928901365746
0,0,0.06495590510627237
0,0,0.07460119155990255
0,0,0.06688817201420687
0,0,0.10976268305317649
0,0,0.09325102009955472
0,0,0.04641651365613058
0,0,0.09795030177712985
0,0,0.06231864014194304
0,0,0.16815454471583632
0,0,0.08844031759472082
0,0,0.12186796161547263
0,0,0.14594383777671924
0,0,0.11944739666234044
1,0,0.12961849291226715
1,0,0.1768786832742248
0,0,0.0774449621953831
0,0,0.05750061966751415
0,0,0.056433388009668094
0,0,0.11595236655166295
0,0,0.18427691618199835
0,0,0.0800221855109296
0,0,0.10236542590393538
0,0,0.05493346570853392
0,0,0.16299134277848604
0,0,0.10466232316560829
0,0,0.05100403101680635
0,0,0.08773325174253367
0,0,0.07241912607215321
0,0,0.09908713438656593
0,0,0.3449422097677396
0,0,0.11270325827478266
0,0,0.05239935055346542
0,0,0.05447337205525672
0,0,0.06986236680859469
0,0,3.3779673265494695e-05
0,0,0.07530629318221672
0,0,0.08104425434429083
0,0,0.11369107560356571
0,0,0.1472721095379292
0,0,0.0688457420832235
0,0,0.10019783662771076
0,0,0.04173406472076514
1,0,0.25252069378411274
0,0,0.3136470360191766
0,0,0.10233959223483251
0,0,6.642013338131942e-05
0,0,0.10992737329756665
0,0,0.10879239127911977
0,0,0.07332057861628807
0,0,0.09298145271881891
0,0,0.0622456394082567
0,0,0.03659787054349847
1,0,0.0788412124188112
0,0,0.12403303256759413
0,0,0.0494203105094355
0,0,0.06897704019699967
0,0,0.0672939213401263
0,0,0.14792159695574328
0,0,0.07472057587166654
0,0,0.11125669477573906
0,0,0.07086661778000423
0,0,0.08537396166466071
0,0,0.17424533273883852
0,0,0.10660915185758962
0,0,5.373812786382231e-05
0,0,0.02408092814863391
0,0,0.04212408791633692
0,0,0.12314488966486245
0,0,0.22168201794307962
0,0,0.4723498380098926
0,0,0.045797881194133847
0,0,3.916476347600095e-05
0,0,0.15353033807385796
0,0,0.08914361418721943
0,0,0.09822430187568472
0,0,0.10621791089121617
0,0,0.02353609066779018
0,0,0.09822157745058077
0,0,0.051262913457866946
0,0,0.07396756064480914
0,0,0.1292650998608088
1,0,0.06833061741725348
0,0,0.10906061552714531
0,0,0.1502039028794258
0,0,0.14415210004411416
0,0,0.10934127158185591
1,0,0.11541504221821974
1,0,0.05952314723868508
0,0,0.09022337915947383
0,0,0.10379437196500854
0,0,0.1808930511510564
0,0,0.14241722070964152
0,0,0.09333007194766671
0,0,0.0997135645047473
1,0,0.1328349442306068
0,0,0.12328422721251799
0,0,0.20900435849496116
0,0,0.21302258457355652
0,0,6.556335601950702e-05
0,0,0.12203926235886933
0,0,0.07167558800242849
0,0,0.05093617136240943
0,0,0.17989253363159932
0,0,0.021313208886411326
1,0,0.09867050422870693
0,0,0.08792174854430289
0,0,0.042576420810084524
0,0,0.1617782021393599
0,0,0.10086723918882676
1,0,2.2150680378237e-05
0,0,0.07957070651193661
0,0,0.3967443088012502
0,0,0.1825348324772391
0,0,0.21558887715980762
0,0,0.1075245074911423
0,0,0.2605941189948946
0,0,0.07050474191938706
0,0,0.178698997048897
0,0,0.07381352040216908
0,1,0.9998668292798734
0,0,0.06175850243052147
0,0,0.10366828294221442
0,0,0.07059395418666649
0,0,0.07805659169933021
0,0,0.10225053993941534
1,0,0.13828806764375703
0,0,0.07664304727079174
1,0,0.15333402460276532
0,0,0.10125584174852957
0,0,0.1871299309028174
0,0,0.0999543795144359
0,0,0.05614444164698099
0,0,0.05393925892576992
0,0,0.04829493726192223
0,0,6.553726457755018e-05
0,0,0.09430993752239464
0,0,0.2813760373825464
0,0,0.15932852473672435
0,0,0.18225811134708836
0,0,0.18711355916538897
0,0,0.10764047114029227
0,0,0.15144160228125936
0,0,0.08951454034738376
1,0,0.06470101007106274
0,0,0.0002685195223109291
0,0,0.13532520666414938
0,0,0.16011146780237565
0,0,0.04766866724703095
0,0,0.12257180755451354
0,0,0.13323935184771732
0,0,0.10534728304611694
0,0,0.05629047259640267
0,0,0.04729923958920687
0,0,0.015354891940921071
1,0,0.12714745853070444
0,0,0.09127141410232112
0,0,0.10123169825306053
0,0,0.11088245144579129
1,0,0.07270769942336935
0,0,0.11086242133960547
0,0,0.055694995859496194
0,0,0.11100166439344346
0,0,0.18280805828519123
0,0,0.2033464907495341
0,0,0.10638388598822257
0,0,0.0001131442611313811
0,0,0.09191543248962318
0,0,0.07103407219776633
0,0,0.08492306886968783
0,0,0.05237482962624408
0,0,0.04488888083817934
1,0,0.10791639650419692
0,0,0.09620811460781756
0,0,0.08038405501624021
0,0,0.15943804574255155
0,0,0.03311054670545723
0,0,0.04402457871690996
1,0,0.06888898632772344
0,0,0.18173728581103374
0,0,0.23920752152693123
0,0,0.05569437776270266
0,0,0.20996228829442556
0,0,0.23057708097220922
1,0,0.20104370478772618
0,0,0.09494465987004624
1,0,0.14267304026870703
0,0,0.07926549425537167
0,0,0.08554573255789336
0,0,0.06297792697101845
0,0,0.08350886899521572
0,0,0.09707463286173817
0,0,0.06041285867059787
0,0,0.12057923988782293
0,0,0.4291235518910676
0,0,0.2311757911910232
0,0,0.039150558171867494
0,0,0.06406462597424155
0,0,0.1423182781801029
0,0,0.09501599918676674
0,0,0.061678833467509415
0,0,0.12521604488092647
0,0,0.18214958485583796
0,0,4.7154492290006865e-05
0,0,0.023183625972269566
0,0,0.19861510730831874
0,0,4.27190617190939e-05
0,0,0.10028878619933053
0,0,0.07513985533005477
0,0,0.040115481597754604
0,0,0.04093723676873199
0,0,0.11145354495170484
0,0,0.17081447656949303
1,0,0.16739059716960486
0,0,0.14017971588204958
0,0,0.06608611423915375
0,0,0.09180611585068978
0,0,0.09605135432299552
0,0,0.08456104916891936
0,0,0.05144954807726022
0,0,0.07514148925883465
0,0,0.09045326359773816
0,0,0.04056148582532768
1,0,0.0768018144665847
0,0,0.12605759127854005
0,0,0.04070073139323013
0,0,0.21578169130251987
0,0,0.04261874984638647
0,0,0.15641030603833864
0,0,0.062312501324726835
0,0,0.08694574761493926
0,0,0.026821792176907683
0,0,0.17826873707150484
0,0,0.25533436865055725
0,0,0.11930574192993466
0,0,0.054180773647153194
1,0,0.2783459498069849
0,0,0.07902162215597958
0,0,0.07569828269471482
1,0,0.1010865400309501
0,0,0.09644099111371357
0,0,0.10528968321239679
0,0,0.12008396840441082
0,0,0.15662879695619975
0,0,0.06409238766261287
0,0,0.136988714632742
0,0,0.0688024192811453
0,0,0.1214029989826343
0,0,0.07183583894521593
0,0,0.16396579779756024
0,0,0.06018160790858552
0,0,0.1931370447919216
0,0,0.11581076898126816
0,0,0.4359249061356226
0,0,0.1514250742717882
1,0,0.13915661398812237
0,0,0.03215761933466133
0,0,4.6173912570608205e-05
0,0,1.6367472186568543e-05
0,0,0.1844936785887301
0,0,0.14905751573327725
0,0,0.09398243619870202
0,0,0.025727748142891114
0,0,0.19359091235253978
0,0,0.05574065912209475
0,0,0.18549609028673275
1,0,0.136229075833991
0,0,0.06611283420020658
0,0,0.12382932387078689
1,0,0.07514728948136477
0,0,0.0583805435264631
0,0,0.12803781048741916
0,0,0.0809933032925106
0,0,0.08296774358847403
0,0,0.10304972293894703
0,0,0.12535880651589876
0,0,0.1306062401844369
0,0,0.07440105506796091
0,0,0.0556613367231077
0,0,0.19489429744935127
0,0,0.05866600967138136
0,0,0.02316676187464146
0,0,0.0270270475969014
0,0,0.15967246471977006
0,0,0.0632261920559244
0,0,4.3926512519535735e-05
0,0,0.09492114448651894
0,0,0.12650879150855385
0,0,0.07984622721951806
0,0,0.059636827070919426
0,0,0.02592669212834414
0,0,0.1053600535016593
0,0,0.1033051535989458
0,0,0.06331066793026295
1,0,0.1211081503805157
0,0,0.09249901384239018
0,0,0.06607135657994363
0,0,0.14896993161716746
0,0,0.04339452263106689
0,0,0.08542853511701029
0,0,0.11706086560132019
0,0,6.070577696061342e-05
0,0,0.11051636823118409
0,0,0.10764527605457581
0,0,0.018938630405037647
0,0,0.04690701196727889
0,0,0.061037423331677346
0,0,0.1330147612342231
0,0,0.07016952065060485
0,0,0.11806160818792151
1,0,0.18373806018362462
0,0,0.06342011125912755
0,0,0.1734288981326634
0,0,0.08818982566152284
0,0,0.1819233686811194
0,0,0.0852675164525083
0,0,0.05280430415243253
0,0,0.059285779015894366
0,0,7.366148621334118e-05
0,0,0.11066015615236596
0,0,0.04747861926132594
0,0,0.1363332154258039
0,0,0.09657795184087238
0,0,0.1418310839887069
0,0,0.18844638983029102
1,0,0.17510670352997226
0,0,0.04034469759680228
0,0,0.11884208133626259
0,0,0.05370779684544078
0,0,0.11277704511573786
0,0,0.15780765371345637
0,0,0.33348510879076243
0,0,0.07593282400460609
0,0,0.334972963680337
0,0,0.2568646536366286
0,0,0.10768824655466906
0,0,0.1225680675628481
0,0,0.11426383089054719
0,0,0.10476039703602243
0,0,0.2228195330402315
0,0,0.10957146144426794
0,0,0.11129878209090806
0,0,0.12338622466030517
0,0,0.060870729700936
0,0,4.216677509831548e-05
1,0,0.12355016381557106
0,0,0.0931876743236708
0,0,0.1176990401573769
0,0,0.05528802483594687
0,0,0.13349456480400654
0,0,0.05616232921484127
0,0,0.08320153948243102
0,0,0.06758555930300526
0,0,0.08391754288659313
0,0,0.05897841310231495
0,0,0.16022757111024707
0,0,0.09062617342068716
0,0,0.11053190098639293
0,0,0.186614666558931
0,0,0.1024036680764518
0,0,0.07176373371294333
0,0,0.11757996365265704
0,0,0.05988739106471209
0,0,0.2155170014805288
0,0,0.06208583979830102
0,0,0.11209120350841385
0,0,0.0792603969237887
1,0,0.21421839043232624
0,0,0.025839434565123668
0,0,0.06632856261485849
0,0,0.04625408043226978
1,0,0.14561050116141636
0,0,0.0891647819057664
0,0,0.13206936056470092
0,0,0.10373616630084329
0,0,0.07292217555519184
0,0,0.17358647796738794
0,0,0.042374947994533646
0,0,0.03585030788834163
0,0,0.07254346047803685
1,0,0.12459389403045085
0,0,0.07909087770661137
0,0,0.07602453153631616
0,0,0.12699382490635255
0,0,0.1560169969019173
0,0,0.24352739086915823
0,0,0.04760175477029318
1,0,0.11399484034654696
0,0,0.05655617488681701
1,0,0.19485206981810987
0,0,0.0722118664923227
0,0,0.1319390089169037
1,0,0.06634290086502377
0,0,0.11497351965692564
0,0,0.08165891946079719
1,0,0.10616862290593218
0,0,0.08143858178775207
0,0,0.11689230983550923
0,0,0.27313150210126447
0,0,0.03605950906550174
0,0,0.08865069366917198
0,0,0.06396452348936825
0,0,0.026653899038811033
0,0,0.06458692109360785
0,0,0.10754247840886857
1,1,0.5030142496197025
0,0,0.03154318788736913
0,0,0.0706734952939205
0,0,0.07714920169409939
0,0,0.21399186062533077
0,0,0.024147875384809947
0,0,0.10255999102263659
0,0,0.05817804225565277
1,0,0.14940369144612475
0,0,0.2565660612135931
0,0,0.08017107422469824
1,0,0.1968279917151569
0,0,0.01952290695876662
0,0,0.050098388400695956
0,0,0.04964165758419843
0,0,0.053210848665379853
0,0,0.23620145986373856
0,0,0.07736346990261077
0,0,0.09306536938541293
0,0,0.07660459464019231
0,0,0.10837822153034936
0,0,0.06356829833486431
1,0,0.1363706421285622
0,0,0.10817431483293016
1,0,0.1821036941304527
0,0,0.09062338634156461
1,0,9.783067063813068e-06
0,0,0.0474648310637524
0,0,0.051796114407250196
0,0,0.10365490175115456
0,0,0.07497245011225151
0,0,0.11690912938833499
0,0,0.00010265251604021224
0,0,0.2301519592065504
0,0,0.07201599548616165
1,0,0.1706455367221941
0,0,0.06272709520892976
0,0,0.08124727007296394
0,0,0.10267094599381771
0,0,0.19519667476634972
0,0,0.10658379821762132
0,0,4.953757102629834e-05
0,0,0.11908448304552109
0,0,0.1000156561861722
0,0,0.0905939214860451
0,0,0.04679338752156127
0,0,0.19684039079902896
1,0,0.25609185932329037
0,0,0.10950009865962122
0,0,0.06917014601810968
0,0,0.043328749094475164
0,0,0.09917860218197432
0,0,0.08226397196292438
1,0,0.11008661749589264
1,0,0.11016420580188822
0,0,0.11812929125191746
0,0,0.044774752680318636
0,0,0.10629972382635314
0,0,0.37522810565868214
0,0,0.2205240687483756
0,0,0.006567374483351081
0,0,0.11541798238590882
0,0,0.09085338302400867
0,0,0.14445405562216945
0,0,0.18167970159963326
0,0,0.13901543844502298
1,0,0.1991658767565196
0,0,0.0630490707892222
0,0,0.21365191951403192
0,0,0.18835886932626622
0,0,0.09545506074045028
0,0,0.0855657677754383
0,0,0.11458466009363624
0,0,0.4149776517960402
0,0,0.05634012791132773
1,0,0.04712568653237754
0,0,0.11203789356654731
0,0,0.14804642427786707
0,0,0.0002468792666576627
0,0,0.08858384224038288
0,0,0.20828325521871888
0,0,0.1501568712825018
1,0,0.21346828113534644
0,0,0.12251991635358113
0,0,0.03324242694079475
1,0,0.09468076264831118
0,0,0.22494651002762492
0,0,0.12018588481566211
0,0,0.1492910880127408
1,0,0.09139536727337437
0,0,0.09031563285221796
0,0,0.11401342629455595
0,0,0.1155628562164788
0,0,0.2371501182153081
0,0,0.0596932356864573
0,1,0.6468989425696706
0,0,0.06471431537898333
0,0,0.05750808887751404
1,0,0.019474186276412328
0,0,0.09934431106251616
0,0,0.09982094977819567
0,0,0.19238229000763885
0,0,0.05794849043467524
1,0,0.05687370996913378
0,0,0.13107419454121197
0,0,0.07306265908074415
0,0,0.07194522109807529
0,0,0.08280317336067157
0,0,0.01976730747595359
0,0,0.08196376277560616
0,0,0.26011162829404033
0,0,0.04690510088969626
0,0,0.19561693646704753
0,0,0.4324949009573519
0,0,0.06109358234869134
0,0,0.045577820978467555
0,0,0.03265641116444213
0,0,0.09159553316261944
1,0,0.14553703752421393
0,0,0.12643387692463354
1,0,0.4859363073261745
0,0,0.10520424806141278
0,0,0.1440423217708375
0,0,0.13798357099436864
0,0,0.04931259772937877
0,0,0.1859943840244466
0,0,0.05760700607410657
0,0,0.062256359722593406
0,0,0.12702256603996068
0,0,0.4595126400091148
0,0,0.1593389941330859
0,0,0.09010019032033224
0,0,0.11827644499376389
1,0,0.15095051054225658
1,0,0.1300461711772593
0,0,0.018201246295955112
0,0,0.11371247533198427
0,0,0.1639169037679366
0,0,0.12729123220816113
0,0,0.14417693723367767
0,0,0.10890622597530168
0,0,0.01588064215874586
0,0,0.049683986647283664
0,0,0.06306875221434467
0,0,0.08001634061918143
0,0,0.07210711128930684
0,0,0.08781740779195318
0,0,0.07642345913067808
0,0,0.04435011204499474
0,0,0.2321303992739126
0,0,0.09751880636843317
0,0,0.0895473913306513
0,0,5.557160712785903e-05
0,0,0.06404959571341493
0,0,0.15647288416848598
0,0,0.04730994324488147
0,0,0.10621290653618987
0,0,0.0982027514646204
0,0,0.11230501547931371
0,0,0.04525290468213974
1,0,0.22984102624816033
1,0,0.21806075415156465
0,0,0.07188725062950002
1,0,0.11200588010356281
0,0,0.07148205973215664
1,0,0.06369252845068683
0,0,0.00010418665657367052
0,0,8.908794532594938e-05
0,0,0.12155710401349491
0,0,0.04779340530730001
0,0,0.08446272495860663
0,0,0.12361794435405812
0,0,0.05076652120542596
0,0,0.12032849841797205
0,0,1.9479866301597783e-05
1,0,0.1305348134579819
0,0,0.14667215050154422
0,0,0.20157017558670365
0,0,0.11827256154848424
0,0,0.08641403499575445
0,0,0.023188323515231545
0,0,0.04559330681701498
0,0,0.07764627341467495
0,0,0.2586434235349093
0,0,0.11527066254754799
0,0,0.07690980327758137
0,0,0.059129109436873245
1,0,0.13267612758159425
1,0,0.22792945316674887
0,0,0.22824532400025113
1,0,0.14181315868402608
0,0,0.14504407075026732
0,0,0.1082372572492358
0,0,0.04528725396217191
0,0,0.13246137740434086
1,0,0.042392867493151735
1,0,0.08709421951421316
0,0,0.1626740021986125
0,0,0.07956093412381218
0,0,0.14436929231298767
0,0,0.08815762495389165
0,0,0.09855812251022864
0,0,0.16101201276876953
0,0,0.1328701595413495
0,0,0.10529013237481032
0,0,0.04731794014127366
1,0,0.08660058508899032
0,0,0.08617320227971488
0,0,0.13922675772179785
0,0,0.06901500985941228
0,0,0.025159093211217877
0,0,0.05483065125893841
0,0,0.08828725916814621
0,0,0.11025189329898098
0,0,0.00010314309509196445
0,0,0.33516878317457327
0,0,0.16034754596773576
0,0,0.13450682095279534
0,0,0.059949617758909314
0,0,0.09934501229127275
0,0,0.0355650005057226
0,0,0.07445647549248201
1,0,0.3721155860091337
1,0,0.07708580120570512
0,0,0.059799930095896146
0,0,0.14761101486164002
0,0,0.11009584271925325
0,0,0.06915709584929045
0,0,0.0497527479736745
0,0,0.03271205126303631
0,0,0.1956284582166371
0,0,0.06742018254996392
1,0,0.10864902028335381
0,0,0.03121467161086512
0,0,8.843113278761855e-05
0,0,0.06952079484866894
0,0,7.86577204759477e-05
0,0,0.056245125744497734
0,0,0.09068019184315576
0,0,0.040677248079369
0,0,0.02506534658203529
0,0,0.18775981200548036
0,0,0.12350586126497211
0,0,0.11919813453445889
0,0,0.1345633509559795
0,0,0.0725371501018664
0,0,0.0003250701313164652
0,0,0.10934029884444507
0,0,0.04850185053661294
1,0,0.09234442511031891
1,0,0.07021550545885887
0,0,0.055149307471625254
1,0,0.07529600075926614
0,0,0.038549813625989006
0,0,0.3212255270430167
0,0,0.13166015299796008
1,0,0.1412396228084972
0,0,0.08240958719093992
0,0,0.1080899427758543
0,0,0.029105235076277818
1,1,0.5169451791689594
0,0,0.1256833156861749
0,0,0.07266791061744
0,0,0.11216694671247261
0,0,0.07319935886908877
0,0,0.195644088515368
0,0,0.1440200285203044
0,0,0.13585391264284827
0,0,0.08337863369857487
0,0,0.11755641221129495
0,0,0.06442000294755798
1,0,0.10103895710728085
0,0,0.15318446453229637
0,0,0.056481514374633314
0,0,0.07177108053398518
0,0,0.06902592275226302
0,0,0.1618049480994216
0,0,0.01571342352094256
0,0,0.15753816087742872
0,0,0.1330553096236138
1,0,0.16363872183059486
0,0,0.11522682681086877
0,0,0.03013540139747823
0,0,0.09623271045566006
0,0,7.944442203760284e-05
0,0,0.14857514725317084
1,0,0.07472577217570511
1,0,0.2515082525356736
0,0,0.14784856294340928
0,0,2.620531400149217e-07
1,0,0.165023488217604
0,0,3.690586530854337e-05
0,0,0.06038480426486499
0,0,0.22643972705754858
0,0,0.17808336149099138
0,0,0.02174395919391028
0,0,0.13352869577883153
0,0,0.08014830468376721
0,0,0.07431501111871747
0,0,0.11878777666092877
0,0,0.13817434207430476
0,0,0.04484472808340079
0,0,3.3736526044180286e-05
0,0,0.0649301329881792
0,0,0.33908009948233453
0,0,0.13104489925872345
0,0,0.09237176017623742
0,0,0.09104004542588007
0,0,0.08039593581562199
0,0,0.05997400768267424
0,0,0.08905819236619131
0,0,0.001885781721061619
0,0,0.13860430685633052
0,0,0.09638122403433476
0,0,0.15541343552135567
0,0,0.11801819832173596
0,0,0.03622521177637627
0,0,0.22013628933019594
0,0,0.04361783424099876
0,0,0.20105399195750034
0,0,3.0671388244924225e-05
0,0,0.09469645679977233
0,0,0.1313100156769387
0,0,0.03324507708071365
1,0,0.0635055270205178
0,0,0.042831063777409265
0,0,0.00010642635196989809
0,0,0.12811632199910686
0,0,0.05019070403512944
0,0,0.11214007345049959
0,0,0.058512508134466706
1,0,0.10088762146231654
0,0,0.2824238851522471
0,0,0.34393593208645556
0,0,0.04574007426258114
0,0,0.11246348761760559
0,0,0.2451440121610145
0,0,0.1537784129498357
0,0,0.13774443444807266
1,0,0.11390708932098924
0,0,4.5703069100610866e-05
1,1,0.8557521533392562
1,0,0.07324684251497958
0,0,0.20705895044457334
0,0,0.009735035562954806
0,0,0.07014349475460414
0,0,0.07672048847826791
0,0,0.06350899030535402
0,0,0.08682322701245704
0,0,0.07170036293330109
0,0,0.19995643619481338
0,0,0.10260532971551027
1,0,0.04980732868321184
0,0,0.08125417542278422
0,0,0.05661876064883353
0,0,0.08581483978891094
0,0,0.10278029894687714
0,0,0.15160993800675784
0,0,0.1043387335318789
0,0,0.1602382581073758
0,0,0.12130516595724067
0,0,0.21736091254512482
0,0,0.0706509594268469
0,0,0.20417420007981438
0,0,0.10733796252220942
0,0,0.08431319810165569
0,0,0.08827792068877072
0,0,0.030054034859105933
0,0,5.905923294237195e-05
0,0,0.036885400643165145
0,0,9.446917102258462e-05
0,0,0.23779704299609128
0,0,0.06041825447851303
1,0,0.07512872117238599
0,0,0.12702890598939684
1,0,8.407298861109241e-05
1,0,0.12902983230476583
0,0,0.08175550070675511
0,0,5.75964734047671e-06
1,0,0.1331171117880414
0,0,0.09767083197040408
0,0,0.25784352595856563
0,0,0.10473580223139667
0,0,0.1975222043039828
1,0,0.16035267727262417
0,0,0.17042525473939038
0,0,0.09231065076911135
0,0,0.1756201648736143
0,0,0.14563725079944703
0,0,0.21658329467029416
0,0,0.16171857126729058
0,0,0.1288263655683226
0,0,3.007639327594987e-05
0,0,0.03934165966403518
0,0,0.043374379627560244
0,0,0.05021459266621277
0,0,0.11850254660587221
0,0,0.04138927025840338
0,0,2.071451328203678e-05
0,0,0.16250525976275987
0,0,0.06777781300314303
0,0,0.13289938608474217
0,0,0.05561939723558257
0,0,0.09087133623552972
0,0,0.058125381779058766
0,0,0.07105865266659539
0,0,0.14731663659397579
0,0,0.10754418461337688
0,0,0.0826525663279918
0,0,0.2203679914309767
0,0,0.09646863703899464
0,0,0.2306837573764955
0,0,0.029889791736638707
0,0,0.041831289968849356
0,0,6.528906457817408e-05
0,0,0.1364281181553616
0,0,0.12254119735392237
1,0,0.09897005358513389
0,0,0.09825984803274417
1,0,0.05958124301973083
0,0,0.06599078538914767
0,0,0.058993485159239155
0,0,0.08182162007056633
1,0,0.12795743154505532
1,0,0.1285285989745341
0,0,0.037817785383122166
0,0,0.07185903907771274
0,0,0.09603280885990495
1,0,0.19977828852822108
0,0,0.059315215393165116
0,0,0.09558664117044165
0,0,0.08584830361549176
0,0,0.11205934506305244
0,0,0.09126494521747323
1,0,0.14230589527109316
0,0,0.1211556969063486
0,0,0.016770964615953073
1,0,0.0737069042194789
0,0,0.15558986110568307
0,0,0.09232562428671495
0,0,0.33117874888033616
0,0,0.05594632846720725
0,0,0.06140077312970323
0,0,0.17008031106484645
0,0,0.11908074246013312
1,0,0.08234095998932581
0,0,0.07771004204677133
0,0,0.06669903707076609
1,0,0.1792140447201117
0,0,0.11285130719882729
0,0,0.15918084207228364
0,0,0.09496999659594717
0,0,0.12030516246211762
0,0,0.05112457569064475
0,0,0.10962675117505251
0,0,0.08264375323094413
0,0,0.1465688228296707
0,0,0.15920903116413046
0,0,0.08640500185021324
0,0,0.07866986492571137
0,0,0.1732714939171041
0,0,0.10306767006131574
1,0,0.1380633803020746
1,0,1.8287869026983146e-05
0,0,0.06678690183702812
0,0,0.08331281704308359
1,0,0.10074981810858225
0,0,0.03648447698012623
0,0,0.039659397745986334
0,0,0.08548036100448606
0,0,0.19260058726729667
0,0,0.0758239993171506
0,0,0.0814855154660838
0,0,0.10575574548108337
0,0,0.10767840093119929
0,0,0.08244057914776763
0,0,0.05161187783440025
0,0,0.16045828300772383
0,0,0.0785518147747995
1,0,0.23095026265513982
0,0,0.07809322601207275
0,0,0.09376830767984784
0,0,0.048798218767115105
0,0,4.7286164223797854e-06
0,0,0.1764127499637149
0,0,0.026778672846526408
0,0,0.07346420162256297
0,0,0.14942888128307247
0,0,0.08831742860433697
0,0,0.08272518677025624
0,0,0.0011279712792600343
0,0,0.08706181653642445
0,0,0.08685408928977144
0,0,0.00019508408088605422
0,0,0.0952428360340236
0,0,0.09163296237848113
0,0,0.07531421419422678
0,0,0.011339248509802748
0,0,8.292701694455664e-05
0,0,0.06772685172446188
0,0,0.14384895727587593
0,0,0.16615032522494871
0,0,0.21038486856714517
0,0,0.05202519203917946
0,0,0.12320646321589533
0,0,0.1769618700516225
1,0,0.19248429901117986
0,0,0.14170336334377484
0,0,0.05745923282615502
0,0,0.14732950213918233
0,0,0.3203382409448966
0,0,0.044453393834574015
0,0,0.028189207195350043
1,0,0.10098500722890026
0,0,0.3148195880306675
0,0,0.42783849427277965
0,0,0.033886031765762825
0,0,0.14980795300282376
0,0,0.20239730649504448
0,0,0.10342151959120237
0,0,0.09204772236806599
0,0,0.06200516321909672
0,0,0.09970623514809764
0,0,0.08208315252681794
0,0,0.1142837229615282
0,0,0.08147916858219612
0,0,0.00011222978034133953
0,0,0.004340146152483194
0,0,0.1585710979363054
0,0,0.08686723512244862
0,0,0.18533566153670375
0,0,0.00012996839420021262
0,0,0.00010174055456401319
0,0,0.04774962016959989
0,0,0.1777873637546931
0,0,0.11251829479706246
0,0,0.09988572863993
0,0,0.04773835940645211
0,0,0.13434779468425148
0,0,0.17005370369012965
0,0,0.11394201153461944
0,0,0.07664634835072416
0,0,0.12210851203470408
0,0,0.05771779214019935
0,0,0.08143317762505099
0,0,0.10829225962083584
0,0,0.20597348402527993
0,0,0.10131331166906288
0,0,0.10174737344443004
1,0,0.10949769608391369
0,0,0.060667273649525615
0,0,0.3195352569646502
0,0,0.20074605831775358
0,0,0.0674228425187675
0,0,0.06986240785731693
0,0,0.12053477908935031
0,0,0.03408751356392165
0,0,0.23908422323450457
0,0,0.13639321087172626
0,0,0.05404817271451336
0,0,0.25312511092965106
0,0,0.09653137919570269
0,0,0.26649918256516875
0,0,0.05770528077525975
0,0,0.14156386521039266
0,0,0.1016318315038473
1,0,0.10484719868358448
0,0,0.13745577894231398
0,0,0.0817815646334708
0,0,0.08131790915910413
0,0,0.08292351440435125
0,0,0.04910258021737808
0,0,0.05051074146877479
0,0,0.12998151284008683
0,0,0.10461265290229439
0,0,0.08888183012718229
0,0,0.2988177584669949
0,0,2.2471546876829824e-05
0,0,0.09401441765452356
0,0,0.09362100014281806
0,0,0.1088648576892877
0,0,0.11388324670415394
1,0,0.05758944629258106
0,0,3.8156866920938156e-11
0,0,0.3862277058951203
0,0,0.08737822823478172
0,0,0.06669625248368169
1,0,0.19636404075255814
1,0,0.2647523947467811
0,0,0.11624710504730422
0,0,0.09239969649517457
0,0,0.07212234573214088
0,0,0.07248218072848032
1,0,0.1752033455197118
0,0,5.5905767991979135e-05
0,0,0.021170388461931717
0,0,0.06505710955885682
0,0,0.061281049984516354
0,0,0.18742108746521666
0,0,0.1219212724603442
0,0,0.17876598273112004
0,0,0.08842714758809705
0,0,0.12565325832324295
0,0,0.2280979997394974
1,0,0.07409756925481499
0,0,0.08299983936027182
0,0,0.08411369554230551
0,0,0.07924673760910557
0,0,0.14817032390631812
0,0,0.07728668564335178
0,0,0.03627573406918191
0,0,0.11123284948677599
0,0,0.07812607163054042
0,0,0.06920366579205749
0,0,0.142430021775712
0,0,0.20294097904252695
1,0,0.4777915009854808
0,0,0.09346551578604814
0,0,0.07445156627381479
0,0,0.14577499660239565
0,0,0.07519792792940179
0,0,0.036443512737188245
0,0,0.11557885401581026
0,0,0.11347653242602491
0,0,0.14213679979812446
0,0,0.1817743204256289
0,0,0.07886905960979791
0,0,0.05698740333006632
0,0,0.09003557594660358
0,0,0.0558832374928478
0,0,0.10296181234979987
0,0,0.17305509971427133
0,0,0.08933762295037809
0,0,0.1190855936423319
0,0,0.1176678241345454
0,0,0.09905070375172734
0,0,0.06640880223415083
0,0,0.10991244122752536
0,0,0.10171075473171647
1,0,0.16735742896237413
0,0,0.09561125648824978
0,0,0.16757582585653782
1,0,0.09204706912098191
0,0,0.10972575707134741
0,0,0.11710328969058915
0,0,0.08193226140482317
1,0,0.2129100762117758
0,0,0.11773869437396003
0,0,0.08995112094270709
1,0,0.030720332641218973
0,0,0.16073635298397546
0,0,0.06855009583668605
0,0,0.14212936926751368
0,0,0.11359845617355262
0,0,0.13811499032818927
0,0,0.23322676935581868
0,0,0.09834908265029517
0,0,4.88457864413637e-05
0,0,0.12710985969194122
0,0,0.13076511893522041
0,0,0.020523651267806715
0,0,0.1323712348233144
0,0,0.17764575211606567
0,0,0.06493354575422171
0,0,0.16012457910222522
0,0,0.060318168605705734
0,0,0.05852365902544726
0,0,0.16898390668888322
0,0,0.08393011108876675
0,0,0.08332578526416944
0,0,0.1412284208003262
0,0,0.03319810384655569
0,0,0.07873924579332511
0,0,0.08337686482960675
0,0,0.040016456115820026
0,0,0.04823637733810846
0,0,0.07062098624208683
0,0,0.08031989788702806
0,0,0.09657010540293917
1,0,0.0915287280105696
0,0,0.06262279550614552
0,0,0.14114909366823897
0,0,0.05422778349793827
0,0,0.028651084252414364
0,0,0.11612392370885277
0,0,0.09109198170014589
0,0,0.15413154124748
1,0,0.07549845638231781
0,0,0.16744586086464225
1,1,0.5905278837799304
0,0,0.29546144324245016
0,0,0.10251110623188554
1,0,0.28766098351184954
0,0,0.05238989044574006
0,0,0.03735366762468992
0,0,0.08980844538768727
0,0,0.048416913842393085
1,0,0.13601843223161342
0,0,0.06808814665761144
0,0,0.06072528737749001
0,0,0.10520787521322165
0,0,0.07381976838757202
0,0,0.09896732597696936
0,0,0.09610559315685692
0,0,0.15117347811945903
0,0,0.03253260400515316
0,0,0.12567860796649338
0,0,0.054741883302888816
0,0,0.18904794704983974
1,0,0.13202288965582312
1,0,0.11467413627789116
0,0,0.05156082640131542
0,0,6.358053493936846e-05
0,0,0.23444116985775584
0,0,0.1279300823153159
0,0,0.08294454947287752
0,0,0.07288728659079179
0,0,0.19857305563928696
0,0,0.06824520590377797
0,0,0.05464316750023761
0,0,0.14654410422547015
0,0,0.046572280749435264
0,0,0.09896056764541519
0,0,0.028557887486164543
0,0,0.0651894950103665
0,0,0.06759269799396439
1,0,0.09338043880734634
0,0,8.882779205115338e-05
0,0,8.72773066253529e-05
0,0,0.06460819328939853
0,0,0.10198456414912394
1,0,0.16708515516446154
0,0,0.07625221214547644
0,0,0.013890533478914958
1,0,6.502589865934553e-05
0,0,0.07696265867498893
0,0,0.09977668249303269
0,0,0.06777061803134919
0,0,0.07536434606650305
0,0,0.10641760443403797
0,0,0.15866043574814495
0,0,0.05399929507999647
0,0,0.22327432114083792
0,0,0.048943562084567675
0,0,0.11439575942772436
0,0,0.11171386616125491
0,0,0.09875330929493269
0,0,0.11666161294683873
0,0,0.2416433371506722
0,0,0.09913112251153101
0,0,0.3851579808892878
1,0,0.13924391672430964
0,0,0.0821124328432561
0,0,0.05672131001279222
0,0,0.00011463013765208337
0,0,0.06177951718021399
0,0,0.03900004849630918
0,0,0.0411944244662317
0,0,8.752444994795865e-05
0,0,0.08721472310188266
0,0,0.05271390428020811
0,0,0.11405077126160766
0,0,0.08304784996691833
1,0,0.15833773311567023
0,0,0.04005049983353731
0,0,0.1188087866140668
0,0,0.04852608810059767
0,0,0.08847155210738468
1,0,0.13568715656644093
0,0,0.12389783591205947
0,0,0.08731662095971997
0,0,0.17706685649964987
0,0,0.06095448502992508
0,0,0.3415085563453701
0,0,0.19371273495538321
0,0,0.0796294555407474
0,0,0.09217270836413335
0,0,0.22131230578647135
1,0,0.1886809745566837
0,0,0.08828116796006893
0,0,0.27851948469496884
0,0,0.10095162478069697
0,0,0.2098657280045971
1,0,0.1687525145771906
1,0,0.14726064826669738
0,0,0.05087078488437367
0,0,0.11627764633655907
1,0,0.06452912631192746
0,0,0.1057559470888195
0,0,0.07589722128263107
0,0,0.07190950546139284
0,0,0.09040830311242941
0,0,0.07651966721196973
1,0,0.28941838135792264
0,0,0.07324267296015026
0,0,0.11313971097427118
0,0,0.17605926154753937
0,0,0.1419042061989269
0,0,0.24318656311317854
0,0,0.09874452499074163
1,0,0.14926384197917159
0,0,0.09724953784901391
0,0,0.02640616832176643
0,0,0.13568087773400153
1,0,0.4335993272997311
0,0,0.16425480632933276
0,0,0.0743635263442663
0,0,0.19298040257903484
0,0,0.07223140163277773
1,0,0.18066190608463722
0,0,0.2592487760469457
1,0,0.13520112984276988
0,0,0.11172390860365304
0,0,0.06339846509854914
0,0,0.2176203880109762
0,0,0.11641735028245521
1,0,0.10121617964314412
0,0,0.09222221612879966
0,0,0.07623708999662711
0,0,0.12961272415649697
0,0,0.04895198056772451
0,0,0.275331506987992
0,0,0.10826224312996015
0,0,0.1259026695824773
0,0,0.06411051313357684
0,0,0.12506346088407366
0,0,0.10045705861779733
0,0,0.08380566260182955
0,0,0.08157389424298908
0,0,0.09367110876637125
0,0,0.08457606295095559
0,0,0.30187782590362583
0,0,0.12145307106269418
0,0,0.05964935750842659
0,0,0.06753801242977546
0,0,0.09452368215320815
0,0,0.08320932372393573
0,0,4.825617938163989e-05
0,0,0.1663495997394112
0,0,0.10381429747481197
0,0,0.061848795670222716
0,0,2.263234297689557e-05
0,0,0.08521289391525316
1,0,0.15101087024184143
0,0,0.15984997863083458
0,0,0.10447347988967548
0,0,0.07159831481823216
1,0,0.20460074617234292
0,0,0.041008469309919145
0,0,0.015337437228142382
1,0,0.05537195512810981
0,0,0.07089640986865889
0,0,0.18578763246068503
0,0,0.1164305758246218
0,0,0.12253189843685455
0,0,0.12329153618777959
0,0,0.04945332490693914
0,0,0.14304321356523542
1,0,0.13229476306300209
0,0,0.03376636290808532
0,0,0.1491223319344489
0,0,0.3887929941111447
0,0,0.043907282995951605
0,0,0.17983618985544475
0,0,0.18899006039055918
0,0,0.11337978674106171
0,0,0.06981076240913278
0,0,0.10527669514450694
0,0,0.1896716701609625
0,0,0.06845915823621068
0,0,0.156952463468611
0,0,0.042750499793461225
0,0,0.07063959543080978
0,0,0.062293162708147984
0,0,0.08643206884425533
0,0,0.07704558621977843
0,0,0.04271113047858981
0,0,0.12954347843199104
0,0,0.258064921085712
0,0,0.03593258084691658
1,0,0.2509142488069365
0,0,0.09087913052216078
0,0,0.049762262030941105
0,0,0.09578766913135621
0,0,0.11580605015073939
0,0,0.12087284116463796
0,0,7.625323497993127e-05
0,0,0.06870901191988273
0,0,0.0823130167414774
0,0,0.07786453452491698
0,0,0.00042855538734324386
0,0,0.04799228294905798
0,0,0.14626416602648826
0,0,0.1089632809339753
0,0,0.12096271332983195
0,0,0.13960081431317042
0,0,8.179197672592058e-05
0,0,0.15862979576878367
0,0,0.060868133798238744
0,0,0.1801751284856998
1,0,0.0710467380833944
0,0,0.000429148174078277
1,0,0.12182513898641135
0,0,0.08958406826527351
0,0,0.15615640325542504
0,0,0.08598504675877366
0,0,0.08231947620255328
0,0,0.14412456303266644
0,0,0.05275293837712794
0,0,0.11660932037615414
0,0,0.1797341105147344
0,0,0.047106387154912485
0,0,0.0825946101082817
0,0,0.04459728456393507
1,0,0.10195262683489495
0,0,0.06926952942596411
1,0,0.07829267377799418
0,0,0.08631692999240063
0,0,0.08438661829861623
0,0,0.1140412360575455
0,0,0.1645063615079137
0,0,0.1203668112115618
0,0,0.08811071817917447
0,0,0.07231533371199844
0,0,0.06171646522784398
0,0,0.013616739540928511
0,0,0.08612367906187526
0,0,0.155933167126117
0,0,0.1315385568630017
0,0,0.14837125694038109
1,0,0.3042074599333138
0,0,0.05102274387992778
0,0,0.0843167592768928
0,0,0.07474965913835248
0,0,0.12402260134502405
0,0,0.1350028294958536
0,0,0.11446874319032779
0,0,0.08410243227038187
1,0,0.4289959874907861
0,0,0.052596099124180874
0,0,0.18818588706411682
0,0,0.1380629297354363
0,0,0.30167107703867313
0,0,0.06519113719043837
0,0,0.18205954593404264
0,0,0.07975924234146736
0,0,0.05811606440989606
1,0,0.046864727520337365
0,0,0.1318179142911097
0,0,0.04997912308418043
1,0,0.13137633360999662
0,0,0.1344640038333232
0,0,0.08785997911487262
0,0,0.04601626470665422
0,0,0.1617647319562733
0,0,0.06032308695366938
0,0,0.11884822956157909
0,0,0.1140452018584698
0,0,0.07682162105660725
0,0,0.03554387609684011
0,0,0.07181953294891014
1,0,0.36867158543608114
0,0,0.033553930307349274
0,0,0.10800955872932369
0,0,0.12130709639591065
0,0,0.175407160572384
0,0,0.07383739523154169
0,0,0.0682681396949909
0,0,0.10869958003856182
0,0,0.05926100408250964
0,0,0.13029983337012765
1,0,0.09623359879128211
0,0,0.1312623351997058
0,0,0.09213003882479905
0,0,0.040160787215890614
0,0,0.04875174122344929
1,0,0.15796261265016612
0,0,0.11457976691591516
0,0,0.0965864147909058
0,0,0.07038848045204313
0,0,0.052921106607707546
0,0,0.0692005095676375
0,0,0.09272122187599151
1,0,0.11991980577144098
0,0,6.933195629425345e-05
0,0,0.0003218130729801907
0,0,0.04883881635454909
0,0,0.04363208455372773
0,0,0.0650985343073368
0,0,0.11154231820540196
0,0,0.05075514178938434
0,0,0.0647252317077404
0,0,0.10649044012187872
1,0,0.1730922027098877
0,0,0.0004024414838448643
0,0,0.08812583644955685
0,0,0.10616848435017963
1,0,0.1301840897963488
0,0,0.15270903846066922
0,0,0.14280819016471824
0,0,0.18774938555091117
0,0,0.0781189876094876
0,0,0.06937060880318757
0,0,0.05496680106981391
0,0,0.08084547907267924
0,0,0.18341246825975518
0,0,0.09067237367803808
0,0,0.1819822364544826
0,0,0.1212253570006923
1,0,0.15973677836556063
0,0,0.16880480334153633
0,0,0.06987948242237142
0,0,0.13459045636631423
1,0,0.09174709475928301
1,0,0.11997818554687038
0,0,0.057424513226399965
0,0,0.10647915522021327
0,0,1.615013326500471e-05
0,0,0.1417455140074038
0,0,0.11720982113826561
0,0,0.2667535464111732
0,0,0.14730134707135267
1,0,0.3473685706778052
0,0,0.08919777559543825
0,0,0.13253488620460463
0,0,0.11489339948684484
0,0,0.07336631357415921
0,0,0.02867168678816356
0,0,0.15393064723521152
0,0,0.0773799798523106
0,0,0.09055525238845226
0,0,0.0670221448797974
0,0,0.04536578459935475
0,0,0.12196060972491572
0,0,0.06869748162022075
0,0,9.613757994994514e-05
0,0,0.0688453746302588
0,0,0.040602112597701676
0,0,0.13772293084766082
0,0,0.15213066244927698
0,0,0.12505147601114255
0,0,0.10166464562047219
0,0,0.10137831682108553
0,0,0.05928816933184061
0,0,0.07680984695346638
0,0,0.1138152388972369
0,0,0.17412713582079498
0,0,0.07704429152360248
0,0,0.03128253171418457
0,0,0.09585522069155299
0,0,0.09819899877270577
0,0,0.0784230040994775
0,0,0.06357266053644721
0,0,0.3600936100285995
0,0,4.8667767835653525e-05
0,0,0.24230132421258443
0,0,0.0932049592882878
0,0,0.15389875296534836
1,0,0.18936706850547919
0,0,0.1264460257622197
0,0,0.11656964265287606
0,0,0.05052299229898898
0,0,0.10874764804978732
0,0,0.11114916742966527
0,0,0.17555110653386108
0,0,0.2614235270918884
0,0,0.056908055212456586
0,0,1.7823881445953965e-05
0,0,9.37972426381119e-05
0,0,0.07555526626273595
0,0,0.10653123830503614
0,0,7.500699361922444e-05
1,0,0.09179196877330566
0,0,0.045323488986069395
0,0,0.19360266853225244
0,0,0.10574896418295489
0,0,0.04635284952142325
0,0,0.0841349555354975
0,0,0.021017757999278696
0,0,0.06911585685397337
1,0,0.14333397082439528
0,0,0.13092899558809976
0,0,0.08178143342404608
0,0,0.05809132746745184
0,0,0.11520047645077915
1,0,0.16212731713215403
0,0,0.09824506955040224
0,0,0.047642715524685186
1,0,0.208012292044723
0,0,0.1424253185175883
0,0,0.09008459431914702
0,0,0.06867591740585588
1,0,0.060360637218986136
0,0,0.06735865190304707
0,0,0.04106808835839457
0,0,8.926141894544195e-05
0,0,7.753645498189973e-05
1,0,0.1284430180215316
0,0,0.16111855528696314
0,0,0.047060183653534864
0,0,0.2535481767440565
0,0,0.12968031173960987
0,0,0.04222283764385959
0,0,0.07868822938715378
0,0,0.0648560319185754
0,0,0.11010804208020511
0,0,0.055052887839542666
0,0,0.1642763799013907
1,0,0.15723708426217908
0,0,0.07868549206117897
0,0,0.07050909299683454
1,0,0.12783286773596705
0,0,0.09960075653229773
0,0,0.14289787395990783
0,0,0.0493317291395294
0,0,0.1876048627732497
1,0,0.07557036148739905
0,0,0.00014526357112535775
0,0,0.34511722239903586
0,0,0.020277202290429182
0,0,0.04945118664056788
0,0,0.1875639532163792
0,0,0.04871643639311669
0,0,0.10608405592803828
1,0,3.988873287575132e-08
0,0,0.11924050038516947
0,0,0.07443560097936379
0,0,0.14188602655801777
1,0,0.02862606581363597
0,0,0.0741753071589788
0,0,0.12036526510547135
0,0,0.07192021659148796
0,0,0.08165641890068298
0,0,0.13197853118232897
0,0,0.0584355295103118
0,0,0.147552267649308
0,0,0.06866510256132663
0,0,0.1361990793649185
0,0,0.126931259911529
0,0,0.05608181622744814
1,0,0.17550648169792515
1,0,0.11131316637841136
1,0,0.08308731572004942
0,0,0.07249401181555282
0,0,0.096977792144658
0,0,0.06819619276164612
0,0,0.08291682418974189
0,0,0.11319834587396499
0,0,0.029582131490869266
1,0,0.0385831101663702
0,0,0.049166399783633456
0,0,0.10064191185266481
0,0,0.026785458026569967
0,0,0.0764673333002944
0,0,0.09403465772334679
0,0,3.74776694748078e-05
1,0,3.4973248343390386e-05
0,0,0.135795481014128
0,0,0.10317277913799608
0,0,0.07899834785228495
0,0,3.792202326842179e-05
0,0,0.19436446995873854
0,0,0.07369585786501211
0,0,0.18003077156897107
0,0,0.07107667320559435
0,0,0.0859232909357047
0,0,0.11320878022112646
0,0,0.054926832540225984
0,0,0.08417638157184835
0,0,0.036608675160512805
0,0,0.008342390036820193
0,0,0.06678320484535247
0,0,0.07796975293883282
0,0,0.11865893180355398
0,0,0.16779555126752535
1,0,0.1380715922886897
0,0,0.1518652984911581
0,0,0.09159358922731461
0,0,0.09688587877663443
0,0,0.050138391480792924
0,0,0.06889499531501916
0,0,0.05301855457318261
0,0,0.10374631981791561
0,0,0.08206453416351715
0,0,0.0708608827866859
0,0,0.08841314143041348
0,0,0.09218577955503955
0,0,0.07212231794814693
0,0,0.05664618114232555
1,0,0.12550592871658173
0,0,0.16897323251744
1,0,0.11017265756095075
0,0,0.09041012134611365
0,0,0.11254088096972022
0,0,0.031418789658765045
0,0,0.19879357576763954
0,0,0.23854761821848172
0,0,0.155270622298661
0,0,0.22186857415616967
0,0,0.24018573606013272
0,0,0.06891400853786726
0,0,7.731632142412704e-08
0,0,0.07042946669346756
1,0,0.046589914226473614
0,0,0.19659752526735305
0,0,0.07904893669172511
0,0,0.08959976005345797
0,0,0.06377866652153863
0,0,2.5270892640290637e-05
0,0,0.10382199639884876
0,0,0.06160300105383493
0,0,0.11129063848281412
0,0,0.1376784432545767
0,0,0.17935429749747453
0,0,0.07709616211584203
1,0,0.10454742418305658
1,1,0.9961971155789191
0,0,9.138866083976092e-05
0,0,0.19661311567966666
0,0,0.1616275167124662
0,0,0.2325602542066155
0,0,0.13576998879541613
0,0,0.056555950541796546
0,0,0.10486363398369018
0,0,0.10560265052678189
1,0,0.10974583764356438
0,0,0.17213073038320198
0,0,0.12232784684918428
0,0,0.13944835616739557
0,0,0.13387750721621874
0,0,0.1392755104020995
0,0,0.10494231739590693
0,0,0.12603545330499327
0,0,0.11175445676677251
0,0,0.08353556899148663
0,0,0.04806495479073637
0,0,0.08754692539820529
1,1,0.757922068990824
0,0,0.0979949353134516
0,0,0.21740958623012013
0,0,0.21016345884684395
0,0,0.06579309197097147
0,0,0.1403984348276248
0,0,0.10199149500341836
1,0,0.12290441245937476
0,0,0.17716842765230315
0,0,0.0516241637663429
1,0,0.0734689377220002
0,0,0.09304899734533065
0,0,0.0587065413507431
0,0,0.09643855770704096
0,0,0.05635087248646929
0,0,0.13654941542040291
0,0,0.09605457999865354
0,0,0.11510495290332448
0,0,0.15827679793046973
0,0,0.10380707044736649
0,0,0.1057845374479704
0,0,0.13345434524122035
0,0,0.1186432601806776
1,0,0.17165777016151154
1,0,0.14174529813357983
0,0,0.14836193502154524
0,0,0.05209059610937737
1,0,0.00011606098131762358
0,0,0.03386190385273797
0,0,0.0965613545687393
0,0,1.90508285846403e-05
0,0,0.08927391595932764
0,0,0.030586235980703497
0,0,0.045495190219608496
0,0,0.07034396000388729
0,0,0.06849883914610755
0,0,0.036375823019372526
0,0,0.07343436570492377
0,0,0.041176276427571136
0,0,0.06831424304815667
0,0,0.0870586841329929
0,0,0.09047417231362352
0,0,0.03777130374888813
0,0,0.06965354359517806
0,0,0.006900114852512123
0,0,0.07126566420016274
0,0,0.2491817028170787
0,0,0.06832626152507794
0,0,0.4083802394688498
0,0,0.08287809133913725
0,0,0.10676242972001744
0,0,0.14654855748526763
0,0,0.07506597778363967
0,0,0.10485463532432081
0,0,0.06949521426245553
0,0,0.00028400640574402557
0,0,0.0633672839473342
0,0,0.143392570013862
0,0,0.09160652403717791
0,0,0.15106014350906735
0,0,0.17977928616387065
0,0,0.0956792546193449
0,0,0.00017052493181244962
0,0,0.08485921488516661
0,0,0.050536868661950486
0,0,0.10997010656252441
1,0,0.04507361350993979
0,0,0.0608955179167278
0,0,0.10704875586956318
0,0,0.11076998204067189
0,0,0.12334215760025215
1,0,0.06061597906838135
0,0,0.0998872505647037
0,0,0.08928423832400569
0,0,0.08850308721002599
0,0,0.03879921943876363
0,0,0.03506338399038579
0,0,0.10784079938684649
0,0,0.1591737177975254
0,0,0.20790174749717774
0,0,0.08894787520065867
0,0,0.06800573273688292
0,0,0.045080694980973786
0,0,0.09396455241471229
0,0,0.15071207375166423
0,0,0.07094695607781694
0,0,0.051503093066875325
0,0,0.2954419928704627
0,0,0.060803273269995045
0,0,0.11876479925407095
0,0,0.07123260477742001
1,0,0.11403640071272783
0,0,0.04805059618668298
0,0,0.27972327654278917
0,0,0.146312969366302
0,0,0.06180683612288391
0,0,0.05820578400541301
0,0,0.07820775262747949
0,0,0.1364001235268303
0,0,0.07528433437284003
1,1,0.6272151482027696
0,0,0.08872102750018473
0,0,0.1668612880462575
1,0,0.279348870918678
0,0,0.06438587818243156
0,0,0.1288054063785757
0,0,0.11937747154476286
0,0,0.20669244045936092
0,0,0.07492568358947965
1,0,0.10244497527625072
0,0,0.09360220731569845
0,0,0.15856959237176987
0,0,0.15688353694458562
1,0,0.09417129864540501
0,0,0.0794691513838606
0,0,0.175833113056839
0,0,0.04241151373655105
0,0,0.04341702813975853
0,0,0.09154696984693957
0,0,0.06438730696531274
0,0,0.030252052913364226
0,0,0.06551217750579895
0,0,0.07580282514316988
1,0,0.12441914854797419
1,0,0.14576903129019397
0,0,0.11017175554646164
0,0,0.1223503616050155
1,0,0.1809285465340064
0,0,0.03496802491591452
0,0,0.06013257272627784
0,0,0.12367512442119512
1,0,0.01944366356097435
0,0,6.126673044081816e-05
0,0,0.1176135165590282
0,0,0.09628867474132852
0,0,0.1508945043737534
0,0,0.1917937317908848
0,0,0.17927721574719022
0,0,0.0001898539350998341
0,0,0.050610350865891315
0,0,0.14487210674240011
0,0,0.05849933343690772
0,0,0.16592964703004778
0,0,0.21775277874666824
0,0,0.1908257945201484
0,0,0.06994409847920209
0,0,0.05999361359246761
0,0,0.18394476506569096
0,0,0.06505225977852883
0,0,0.13857195558047017
0,0,0.150886384275281
0,0,0.1642166877767912
0,0,0.06052297946567218
0,0,0.031661583716111656
0,0,0.09038308480012845
0,0,0.10655481511942169
0,0,0.17806799476028776
0,0,0.06620219592994189
0,0,0.06079686222715989
1,0,0.16036690586305088
0,0,0.10580709106816263
1,0,0.15958658166474443
1,0,0.144673946018771
0,0,3.180408141877231e-05
0,0,0.06755790572815633
0,0,0.11745763919311733
0,0,0.06214655924926144
0,0,0.09711990247786706
0,0,0.06421997871648963
0,0,0.15447749878840325
0,0,0.10000744191985658
0,0,0.12065298687839669
0,0,0.08547670757391428
0,0,0.0479382816637482
0,0,0.06779016875073436
0,0,2.3329076844205674e-05
0,0,0.05191909878240085
0,0,0.08589901904347777
0,0,0.022193430967585186
0,0,0.09894995976611527
1,0,0.10630418448613423
0,0,0.10328653260451111
0,0,0.07225273188918643
0,0,0.05547848801514132
0,0,0.047711578573733586
0,0,0.07657996666284918
0,0,0.09080798720436405
0,0,0.07832228831372834
0,0,0.006936012325245968
0,0,0.05249673811755074
1,0,0.25912320627198976
0,0,0.13599801699776515
0,0,0.18557280712743912
0,0,0.025077154134923417
0,0,0.14887932261777997
1,0,0.05067639143802557
0,0,0.0736910009977388
0,0,0.10645934182111737
0,0,0.20471950418848062
0,0,0.00010428208331048881
0,0,0.27207598600859906
0,0,0.05450093131440485
0,0,0.10648752158383383
0,0,0.07621715310114408
0,0,0.10264524919925616
0,0,0.11302834526993112
0,0,6.172669427379404e-09
1,0,0.06803056773300772
0,0,0.0642088040995466
0,0,0.10555615416456735
1,0,0.16596798627714213
0,0,0.07105502667677083
0,0,0.06971360576745447
0,0,0.15094797267682572
0,0,0.1753395034967673
0,0,0.049982812637975424
0,0,0.05884483771725572
0,0,0.0839031505874544
0,0,0.050214993705678286
0,0,0.02724250630577486
0,0,0.1187920333909447
0,0,0.06806116363675553
0,0,0.08642348801662131
0,0,0.09620058567922649
0,0,0.21609262850787844
0,0,0.2632936947243394
0,0,0.06979858823980661
0,0,0.11505397473962649
1,0,0.13951144217702047
1,0,0.11355916222032368
0,0,0.0865999978261112
0,0,0.029744597771965937
0,0,0.08554922297281999
0,0,0.05200341745677606
1,0,0.048722546914594926
0,0,0.05211869954347324
0,0,0.47922245937120433
1,0,0.0644004942875399
0,0,0.13614962065391883
0,0,0.06126628056449484
0,0,0.022388049959116862
0,0,0.0767116465585098
0,0,0.06352961937378349
0,0,1.5807208233632145e-06
0,0,0.10573142749257218
0,0,0.05244527745836062
0,0,0.08635396568335112
0,0,0.0942162408566887
1,0,0.058287400874925246
0,0,0.09114941700383833
0,0,0.09467055857984112
0,0,0.047337340017127624
0,0,0.10822342846614195
0,0,0.06343601739292888
0,0,0.479193668148625
0,0,0.08068263108529256
0,0,0.14367240326362937
0,0,0.034730621613104966
1,0,0.00013614627160209554
0,0,0.08509739720613699
0,0,0.07990334799268149
0,0,0.08967283761565877
0,0,0.20086125066671465
1,0,0.039722741697860636
0,0,0.07878394507270804
0,0,0.04843197468668638
0,0,0.04208470279166771
0,0,0.10676740600719135
1,0,0.09807447149148618
1,0,0.11012235575364025
1,0,0.0946368555363954
0,0,0.12746422228303209
0,0,0.09817034937550845
0,0,0.07978856544598453
0,0,0.1849499325242559
0,0,0.11914210915949842
0,0,0.12285777803234156
0,0,0.03525145513383826
0,0,0.039855315875980436
0,0,0.21310245963944902
1,0,0.036195841734095006
0,0,0.17876510160666984
0,0,0.09170645757025055
1,0,0.17379919595674265
0,0,0.07307674579946866
0,0,0.07826791417344083
0,0,0.07910063118221133
0,0,0.2558744649569236
0,0,0.1390398843540445
0,0,0.09247380400583018
0,0,0.17711589811874187
0,0,0.06049603262542313
1,0,0.08480935817538439
1,0,0.11962298931357448
0,0,0.09713711898146989
0,0,0.046559437794941726
0,0,0.3199425437057781
0,0,0.13467827927321396
0,0,0.17171459044351453
0,0,0.06265623029148194
0,0,0.05815944769564807
0,0,0.34679951769191675
0,0,0.16500087131779195
1,0,0.08429397558347965
0,0,0.05440059433982233
1,0,0.08358749898171573
0,0,0.046355687470846986
0,0,0.09157209172768582
0,0,9.29149909314447e-05
0,0,0.06919899342279401
0,0,0.04373458776857899
0,0,0.10646516393328406
0,0,0.0706806698680542
0,0,0.17239835099870143
0,0,0.2201218510417825
0,0,0.13222898421120508
0,0,0.06911960620969342
0,0,0.09155871816827413
0,0,0.07365960041018188
0,0,0.09136963726187321
0,0,0.10341818563468486
0,0,0.07180905688356744
0,0,4.637754265123966e-05
0,0,0.10121543937703305
0,0,0.1875468983921265
0,0,0.06049481178094086
1,0,0.05441429701222681
0,0,0.09857023298345077
0,0,2.1554898362190634e-08
0,0,0.14256385079093767
1,0,0.06051931413635488
0,0,0.30007084463733097
0,0,0.03743175983761423
0,0,0.00020046682936144833
0,0,0.1582023725241596
1,0,0.14768649588681554
0,0,0.08239756407290008
0,0,0.14774375336319234
0,0,0.1208405887645326
0,0,0.18692158620881338
0,0,0.11622592013384854
0,0,0.07283311041450126
0,0,0.08244616086166501
0,0,0.09784196113104295
0,0,0.07360867626265087
0,1,0.5951691366907007
0,0,0.0837666591142482
0,0,0.0606760206446126
0,0,0.07255870818370543
0,0,0.1629407155110938
0,0,0.053944923631722326
0,0,0.03532456950270894
0,0,0.03880642003253634
0,0,0.1133488474154857
0,0,0.05920478345011084
0,0,0.08642897028518237
0,0,0.0359534942770683
0,0,0.05887229727787702
0,0,1.4290185348565022e-07
0,0,0.1818262538987303
0,0,3.583724195733554e-05
0,0,0.09710175645517868
0,0,0.09537023289107474
0,0,0.21513042562804313
0,0,0.12800557884202618
0,0,0.08476134683821385
0,0,0.12931194566523652
0,0,0.12744786015939974
0,0,0.0973494931649377
1,0,0.1384003618317191
0,0,0.08209749632895416
0,0,0.0840893907883849
0,0,0.09339717257741371
0,0,0.1518115912548988
0,0,0.052288889994849715
0,0,0.09117323784897396
0,0,0.1255534845863718
0,0,0.14459716975356163
0,0,0.1216821356997117
0,0,0.1301664911294526
0,0,0.09360630305954144
0,0,0.2048925063480403
0,0,0.06702807405626088
1,0,0.16602426980164817
0,0,8.427884866084933e-05
0,0,0.058581853028391175
0,0,4.881915821735504e-05
0,0,0.0830360492181004
0,0,0.0677873898982571
0,0,0.0830332446029149
0,0,0.06594108791195646
1,0,0.17331310651681192
0,0,0.006684891456672311
0,0,0.1429329507572888
0,0,0.214742574979057
0,0,0.22626026755063752
0,0,0.046763870778074035
0,0,0.07167424382243154
0,0,0.0848148684691126
0,0,0.04875013505647033
0,0,0.08791059822193094
0,0,0.16828549330359666
0,0,0.24861126832700062
0,0,0.10365122642201119
0,0,0.031469723153790166
0,0,0.04853414301988703
0,0,0.07175147589103803
0,0,0.19011727613701318
0,0,0.006221553295967094
0,0,0.08049807833469864
0,0,0.1077947171153488
1,0,0.3074749199178555
0,0,0.09176234306185604
0,0,0.07459389689957469
0,0,0.09960392395336219
0,0,0.1025916983518177
0,0,0.09663885597055341
0,0,0.08742759969226026
0,0,0.07774827304432028
0,0,0.09001903756458157
0,0,0.09010577351574481
0,0,0.20444782879619824
0,0,0.05224719042459858
0,0,0.13673143528238735
0,0,0.0778389948388744
0,0,0.09224710905371036
0,0,0.0998135875492119
0,0,0.15065403963188043
0,0,0.057164796785250466
0,0,0.0990506145680922
0,0,0.14590563125280195
0,0,0.1017730247915105
1,0,0.09156145751929012
0,0,0.11128761950383236
0,0,0.15179208397568517
0,0,0.04813790184899605
1,0,0.15056133560682275
0,0,0.08283058863651373
0,0,0.1396484403966569
0,0,0.10728150773564575
0,0,0.006831261097005916
0,0,0.08833598967976511
0,0,0.10110083418742838
0,0,0.15148871956601687
0,0,0.00024467579790620354
0,0,0.1601532016317006
0,0,0.446008624225534
0,0,0.10323094000053555
0,0,0.2401005389631074
0,0,0.1227474216177177
0,0,0.1659903006694495
0,0,0.035453410476737855
0,0,0.09420241193952315
0,0,0.07424757795428447
0,0,0.04757852695169939
0,0,0.05551530684686804
1,0,0.11027812012343056
0,0,0.182889654567543
1,0,0.14577494555792925
1,0,0.1087806028140796
0,0,0.11622234818134197
0,0,0.09794521721141823
0,0,0.19294846277575078
0,0,0.026722776378205537
0,0,0.16229199614775736
0,0,0.11013682455819554
0,0,0.24388601672510646
0,0,0.21291149479011331
0,0,0.09537645669644561
0,0,0.13364574170522636
0,0,0.08578919050559194
0,0,0.13510624143416733
0,0,0.23336259528927175
0,0,0.15716249677553715
0,0,4.302090598045539e-05
0,0,0.14502401105814608
0,0,0.01866030901848305
0,0,0.00012661157400043133
0,0,0.08606610506201051
1,0,0.0719691541929709
0,0,0.03696062260029067
0,0,0.11794959627202382
1,0,0.10797222092108481
0,0,0.19311421623653402
0,0,0.20647581809614893
0,0,0.1307846890267133
0,0,0.1542898207566794
1,0,0.1570667093458559
0,0,0.09185419853970449
0,0,0.09019474667059976
0,0,0.09022112582411038
0,0,0.06463553174712666
0,0,0.16280264884308282
0,0,0.08452103682752203
0,0,3.686609822691757e-05
0,0,0.04805282914249618
0,0,0.08651809844764316
0,0,0.009320498932394963
0,0,0.07925676282342461
0,0,0.08940695323198315
0,0,0.0932868468100324
0,0,0.03533382429892935
0,0,0.10401688343561719
0,0,2.1641955885778302e-05
1,0,0.14887945822747564
1,0,0.10374391778130555
0,0,0.027778853724362403
0,0,0.21884135513415792
0,1,0.7044291872427818
0,0,0.13489074616905225
0,0,0.08911012575715864
0,0,0.10249090943491707
0,0,0.13404394541761222
0,0,0.13813570991164942
1,0,0.07409112244406145
0,0,0.028747870030790438
0,0,0.09805797650810752
0,0,0.1235149109601508
1,0,0.15082064870700854
0,0,0.3328355245437524
0,0,0.04758737741279881
1,0,0.09544705954803814
1,0,0.03621582717784034
0,0,0.045222519582186926
0,0,0.1324823019225955
0,0,0.06181875006690964
0,0,0.13107869564575061
0,0,0.10250760153185123
0,0,0.0489378217034887
1,0,0.08504654523769492
0,0,0.07071356806758713
0,0,0.07746265394639894
0,0,0.1449545527652632
0,0,0.0746993566551831
1,0,0.33838295702885746
0,0,0.1562851284998001
0,0,0.059736277374911065
0,0,0.07716859682670256
0,0,0.07682953696903204
0,0,0.08691375725471863
0,0,0.053603503045230205
0,0,0.07642400917193222
1,0,0.128979801899795
0,0,0.13587732278165773
0,0,0.08797738367103301
0,0,0.09197559455097416
0,0,0.000294776356797446
0,0,0.26617375581181524
0,0,0.15707219791738586
0,0,0.13227081764072973
0,0,0.1055754462907156
0,0,0.21744377026851114
0,0,0.18671426788888829
0,0,0.11973263911742092
0,0,0.09143080097215783
1,0,0.11428443836940758
0,0,0.10771181999240323
0,0,0.11554113106462603
0,0,0.09217873335663813
0,0,0.09194415322161406
0,0,0.05484136762269391
0,0,0.10336083153551445
0,0,3.106067551454695e-05
0,0,0.15746781657994516
0,0,0.18472819941409652
0,0,0.1769036111021203
1,0,0.1598691006969821
0,0,0.18735654172312216
0,0,0.09214359599330799
0,0,0.10256449921566647
0,0,0.07147237306628205
0,0,0.08293943565795041
0,0,0.10442474177691874
0,0,0.11441732931776089
0,0,0.09681799984317511
0,0,0.09741398606820507
0,0,0.08934079103471303
0,0,0.3150171269341144
0,0,0.05705586245231438
0,0,0.1361586283510386
0,0,0.048065333406604405
0,0,0.2634410039841946
0,0,0.03803618282416376
0,0,0.08711647797536236
0,0,3.9638117315248325e-05
0,0,0.06885739546434111
1,0,0.124360098908138
0,0,0.08494516226859619
0,0,0.0731199896171058
0,0,0.0524711328702324
0,0,5.393430526911931e-05
0,0,0.07780547101331048
0,0,0.08000554450968998
0,0,0.13482851325629122
0,0,0.11100894747587921
0,0,0.061530602915121815
0,0,0.133087046925461
0,0,0.14028687134085757
0,0,0.03054786785670308
0,0,0.385216100817812
0,0,0.02503972091300154
0,0,0.12954340543041062
0,0,0.11329787564876237
0,0,0.0796820639570879
0,0,0.0680137702601908
0,0,0.00014474792044636087
0,0,0.11010278756272161
0,0,0.18780759398386299
0,0,0.18197081815714142
0,0,0.055888539431332096
1,0,0.22552480886057533
0,0,0.11945585060156158
0,0,0.07605573169378672
0,0,0.06390183894401821
0,0,4.5008425355720535e-05
0,0,3.888871137848996e-06
0,0,0.17492534613131097
1,0,0.09055282378992954
1,0,0.10800785129382422
0,0,0.09771986098304454
1,0,0.11428950444187427
0,0,0.14264608545809368
0,0,0.0425694083484169
0,0,0.07735022331430498
0,0,0.13181086506818912
0,0,0.0829136148395969
0,0,0.06643737604340792
0,0,0.14847341568534816
0,0,0.17156520278958642
0,0,0.18897836240745594
0,0,1.6583233894789394e-05
0,0,0.16519477040502273
0,0,0.04739042325492219
0,0,0.06828762684180224
0,0,0.08639098263617946
0,0,0.004657817948470415
0,0,0.1509939959353434
0,0,0.05453182273910507
1,0,0.06301990961694427
0,0,0.07032442416707528
0,0,0.11276466556101536
1,0,0.07939968930694676
0,0,0.000176723556064502
0,0,4.796060228614475e-05
0,0,0.03225740663317929
0,0,0.041670495447746106
0,0,0.12297148455043175
0,0,0.0733610861834707
1,0,0.11304999330275378
1,0,0.18728642458692013
0,0,0.15478684581740815
0,0,0.048569374539280764
0,0,0.1974398359373779
1,0,0.05289288155584066
0,0,0.22388033336520172
0,0,0.08659456500882654
0,0,0.06859283112583171
0,0,0.09719195335012187
0,0,0.05744749986403431
0,0,0.20676789415696029
0,0,0.10293957697934815
0,0,0.0961492903558444
0,0,0.08521560062848439
0,0,0.1440876122841682
0,0,0.07958183984782206
0,0,0.13127768711692256
0,0,0.08888827276279646
0,0,0.04369993810216704
0,0,0.08922821561932404
0,0,0.23992337864278374
0,0,0.07792333461806503
0,0,0.04853929070719849
0,0,0.05963952924997805
0,0,0.09267538410910627
0,0,0.04259429406659796
0,0,0.06155436347915787
0,0,0.11926627742169219
0,0,0.10517234709162351
1,0,0.17672229518639263
0,0,0.05024892116578421
1,0,0.058136897155551086
0,0,0.07982632467561096
0,0,0.10432848618477755
0,0,0.08043977279267862
0,0,0.11222099091921456
0,0,0.32451770570008404
1,0,0.1275817874679369
0,0,0.13855865677961166
1,0,0.04971915135990178
0,0,0.14981510705265708
0,0,0.033978076450499196
0,0,0.2778847293144572
0,0,0.14219297476898854
0,0,0.03789927811255602
1,0,0.13268173480361795
0,0,0.06169330796984956
0,0,0.10327555899394897
0,0,0.11334701318496085
0,0,0.20434231193192431
0,0,0.12379946854325968
0,0,0.10167601064066234
0,0,0.09627093659772668
0,0,0.20149122933090022
0,0,0.17153959832860874
0,0,0.13377640792272383
0,0,0.05549208592875113
0,0,0.09059751622922002
0,0,0.062424387556699934
1,0,0.11756804145960878
0,0,0.06749538517271589
0,0,0.053034705188868596
0,0,0.09006846442124974
0,0,0.1435083190290828
0,0,0.03463685526621229
0,0,0.119111093638436
0,0,0.27204411286412866
0,0,0.06752810602959122
0,0,0.12048453257313313
0,0,0.11079005192164838
1,0,0.03326445083894336
0,0,0.07110227811931694
0,0,0.142475015637846
0,0,0.1756804557964125
1,0,0.1668547844250228
0,0,0.06661962937007934
0,0,0.13208712978557044
0,0,0.14823885014501914
0,0,0.11413394351157861
0,0,0.028918368002116824
1,0,0.10247791604001404
0,0,0.11690261250458976
0,0,0.15302959772537889
0,0,0.07118369614606858
0,0,0.12649630595891714
0,0,0.0754951683448694
0,0,0.07192387324554221
0,0,0.026944699080858
0,0,0.030595050821329562
0,0,0.16985828167441186
1,0,0.1922131854367288
1,0,0.19035916660576033
0,0,0.06165543739292479
0,0,0.07073373472082731
0,0,0.047080828135236744
0,0,0.06129226401586728
0,0,0.13862893200117096
1,0,0.1770942030257268
1,0,0.1197408774399257
0,0,0.11695725333517806
0,0,0.06588572952373906
0,0,0.04123906067738214
0,0,0.05553528415876517
0,0,0.2466497892431286
0,0,0.08297951059963328
0,0,0.23595402228810478
0,0,0.2061608001489176
0,0,0.14538979953079326
0,0,0.1863956268636311
1,0,0.20208006593007355
0,0,0.16275939548969937
0,0,0.0800407639905712
0,0,0.1252661022672971
0,0,0.08368982233199238
1,0,0.15539290916810178
1,0,0.0579697219871519
0,0,0.0652112404796116
1,0,0.21613272253733143
0,0,0.06345234176402426
0,0,0.04346199739592575
0,0,0.061676703748900684
0,0,0.07812164374203248
0,0,0.09339853168194638
0,0,0.14499051470916388
0,0,0.13161922435539042
0,0,0.08614219204722842
0,0,0.006752774962964969
0,0,0.10269815001257408
0,0,0.006638961935814429
0,0,0.09192642840271587
0,0,0.05837668496599205
0,0,0.10268712099968459
0,0,0.13213039178617517
0,0,0.1657915795741002
0,0,0.00011198046817779344
1,0,0.08389724254066429
0,0,0.09069730711446926
0,0,0.09876322343439627
0,0,0.22132053243289898
0,0,0.00070945206715609
0,0,0.07004725919352338
0,0,0.095104386424562
0,0,0.12401956555047541
0,0,0.06768293111161179
0,0,0.23672272569820327
0,0,0.14775516857939017
0,0,0.10573331915014572
0,0,0.2245243120516201
1,0,0.3404517210818461
0,0,0.0693866760245941
0,0,0.02333015730010639
0,0,0.07284208164637163
1,0,0.22926271844488677
0,0,0.23242174028445442
0,0,0.0994291567379258
0,0,0.08614032471284364
0,0,0.19767182903918895
0,0,0.07657160415205116
0,0,0.1047439857376311
0,0,0.15138971742120094
0,0,0.13299545399382334
0,0,0.05145969944226085
0,0,0.05024582545179756
0,0,0.11930410810911564
0,0,0.10202281523082511
0,0,0.12102925520445894
1,0,0.08847271941786633
0,0,0.09443721732873095
0,0,0.057314851181925176
1,0,0.0831054428909692
0,0,0.16400648279751925
0,0,0.07343465473330772
1,0,0.08859877741631396
0,0,0.016884004987229303
0,0,0.15889026553419372
0,0,0.11751523876800703
0,0,0.1835571910418868
0,0,0.08956584885071911
0,0,0.1677171153273923
0,0,0.07115147850106522
1,0,0.18176423072767706
0,0,0.15336005918896423
0,0,0.18094096522950517
0,0,0.08667103519071886
0,0,0.12549816221015467
1,0,0.0659943905326215
0,0,0.11910455488195636
0,0,0.08298719453234127
0,0,0.1034422775265434
0,0,0.14872381135788232
0,0,0.0754003168892772
0,0,0.07392331966321072
0,0,0.08769965403849769
0,0,0.12157076954327957
0,0,0.11477846243268958
0,0,0.12807833107969177
0,0,0.05146875281676366
0,0,0.07930284413206148
1,0,0.09466618204642585
0,0,0.16929218611545857
0,0,0.12416037818283637
0,0,0.18708184839995642
0,0,0.13590941398480955
1,0,0.16234123618998855
0,0,0.0783836352310797
0,0,0.46799891342550676
0,0,0.06371631595426602
0,0,0.10666215206317524
0,0,0.19935183190350686
0,0,0.052503904821606856
0,0,0.08441354193520373
0,0,0.054386148192474074
0,0,0.09309105147594456
0,0,0.09462815329422926
0,0,0.12134524334107057
0,0,0.1684602556942206
0,0,0.11683266959550008
0,0,0.2305380853017734
0,0,0.08314202387929218
0,0,9.161841285849742e-05
0,0,0.07509153200098363
1,1,0.5295260657719899
0,0,0.08107140272120025
0,0,0.03976546801181642
0,0,0.18984955448720417
0,0,0.10457892500879178
0,0,0.02839372054307724
0,0,0.08887846223783054
0,0,0.11429948902837218
0,0,0.05474605723774698
0,0,0.044670658642924355
0,0,0.1823262251200653
0,0,0.10107574322332295
0,0,0.05082193875183861
0,0,0.11195419788441136
0,0,0.14860284708657645
0,0,0.018834705062269978
0,0,0.09605847370099078
0,0,0.14200728247542985
0,0,0.14349981399220837
0,0,0.07227194002931274
1,0,0.15297674098247968
0,0,0.15350542912232185
0,0,0.05297908082621025
0,0,2.428844723638279e-05
0,0,0.09944723361787151
0,0,0.07596651579803003
0,0,0.13841866216527574
0,0,0.05707506785655657
0,0,0.05744971802189267
0,0,0.07654557325249339
0,0,0.04359888060162168
0,0,0.0595284255876958
0,0,0.22605867956432432
0,0,0.10677517685977425
0,0,0.07999810756498535
0,0,0.07102113173741194
0,0,3.623199270408094e-05
0,0,0.17303333905033477
0,0,0.041835061023172866
0,0,0.1699752501778399
0,0,0.3044516452881822
1,0,0.11419772537325892
0,0,0.06761318547385087
0,0,0.10934107585828133
0,0,0.06787884078402442
1,0,0.19509307197641562
0,0,0.12352732262424405
0,0,0.09649821338771636
0,0,2.5267447690368755e-05
0,0,0.15552455746714225
0,0,0.1790014954727162
0,0,0.13505888614801945
0,0,0.06459563036307134
0,0,0.026048701109123495
0,0,0.23801049509668784
1,0,0.15401493480989592
0,0,0.07077617940164051
0,0,0.07664399628732238
0,0,0.2525260787392854
0,0,0.08466622399229728
0,0,0.1771659637129689
0,0,0.08007241013871844
0,0,0.3523581263896547
0,0,0.1524820779135155
0,0,0.07819536200420717
0,0,0.08585925891707924
0,0,0.08715283590256226
0,0,0.13808909460606536
0,0,0.038187968661864614
1,0,0.036272896754729826
0,0,0.11389500067743531
0,0,0.19667944846281846
0,0,0.10278988267030734
0,0,0.10370990832487244
0,0,0.22293639888311972
0,0,0.05766121063388231
0,0,0.23391064154919544
0,0,0.05238370251515514
0,0,0.06939232983621603
0,0,0.08519590572545
0,0,0.09136065474216486
0,0,0.09558964983273019
0,0,0.1519450392060771
1,0,0.038010164225407164
0,0,0.09231023887658878
0,0,0.06420678087087117
1,0,0.30413757447270995
0,0,0.03875245524727027
0,0,0.11200476973740549
0,0,0.06621169962606206
0,0,0.061506203149221284
0,0,0.16227018382345207
0,0,0.23105660339066697
0,0,0.028577485217615793
0,0,0.14755689011144207
0,0,0.12511875436696052
0,0,0.04523851853155369
0,0,0.10795981054494984
0,0,0.0834571461389589
0,0,0.2358944496843685
0,0,0.12583496747015968
0,0,0.05127502138560247
0,0,0.052818489444147326
0,0,0.13163913688389314
0,0,0.09571084150097767
0,0,0.07944751514699959
0,0,0.02833059578602624
0,0,0.059153046021166764
0,0,0.21046601927288472
0,0,0.18024514064215977
1,0,0.14633858568634317
0,0,0.06416750030539958
0,0,3.2437638697754314e-05
0,0,0.17050946557767663
0,0,0.10770123182821131
1,0,0.21973324205372566
0,0,0.06782892259003281
0,0,0.20042214141234224
1,0,0.09582403058018076
0,0,0.15354689271901711
0,0,0.0005202646141590974
0,0,0.03901505020301001
0,0,0.13255334762479365
0,0,0.08620841666136861
0,0,0.012248783713334085
0,0,0.07941367562642564
0,0,0.22201474816168681
0,0,8.428031830304973e-05
0,0,0.19311141087091463
0,0,0.11799962870383043
1,0,0.06623123009029352
0,0,0.4180457356643518
0,0,0.08004371025759327
0,0,0.04651270983704233
0,0,0.06054679777579695
0,0,0.14673068137256315
0,0,0.14623877666376545
0,0,0.13390479997163987
1,0,0.08229152959514723
0,0,0.1071347826507507
0,0,0.10733592804341845
0,0,0.11701376098160153
1,0,0.09366790988784258
0,0,0.17526655789715767
0,0,0.1660049642500486
0,0,0.08493104860931251
0,0,0.1322324155907997
1,0,0.11050423798227922
0,0,0.058700629012592424
0,0,0.07580704640423831
0,0,0.16950406564759465
0,0,0.10556404386755651
0,0,0.06619130969991117
0,0,0.09407936532687916
0,0,0.10727793067553745
0,0,0.08260968123279822
0,0,0.055760147575602416
0,0,0.05051772198571299
0,0,0.09109760473503693
0,0,0.10531074557732102
0,0,0.05446789854919552
0,0,0.06186933441404483
0,0,0.12623853008943756
0,0,0.08587474866435602
0,0,0.06576489265492828
0,0,0.13438041873923737
0,0,0.11239733140807169
0,0,0.1015624441190572
0,0,0.12876486116839322
0,0,0.10601325235826609
0,0,0.0259421722421063
0,0,0.049102698490673495
0,0,0.12447697460545264
0,0,0.06002354932643213
0,0,0.07155987632268226
0,0,0.11973054634343823
1,1,0.85751462554663
0,0,0.14930815957931898
1,0,0.08577006213661766
0,0,0.17101052217550586
0,0,0.08939202345561255
0,0,0.08644162107532546
0,0,0.06333602519634221
0,0,0.08681393493320397
0,0,0.10529189014830712
0,0,0.10846414491716953
1,0,0.11608409915152307
0,0,0.1397836326583465
0,0,0.1000694157559127
0,0,9.062895111293598e-05
0,0,0.11413690333756601
0,0,0.15090659868642953
0,0,0.014329180075098183
0,0,0.022080839428585058
0,1,0.6050303073047304
0,0,0.040000547489865736
0,0,0.09723555857993671
1,0,6.823996862450806e-05
1,0,0.09049599529156291
0,0,0.10792900625705405
1,0,0.16021203067409054
0,0,0.05675968499240708
0,0,0.12962522065276907
0,0,0.08258997577262742
1,0,0.050797777453557236
0,0,0.00011203052701978116
1,0,0.19024106042283828
0,0,0.19357873251457605
0,0,0.06956126481011725
0,0,0.11132161544794913
0,0,0.07661360305013636
0,0,0.06779783327096899
1,0,0.20643658451307487
0,0,0.024785737486230055
0,0,0.05474666350971715
0,0,0.12678377379299136
0,0,0.15154934138808981
0,0,0.00017769875767172872
0,0,0.14585061384695347
0,0,0.06728463673043791
0,0,0.08814949344354268
0,0,0.10281507164821174
0,0,0.04735877226204147
0,0,0.08745654629911709
0,0,0.0797780734307133
0,0,0.19180076775368
1,0,0.1021773538252562
0,0,0.2242734516853278
1,0,0.22630997666562203
0,0,0.15255954974973593
0,0,0.03341813527520939
0,0,0.13592173955630407
0,0,0.0394626732444948
0,0,7.069474824981665e-05
0,0,0.06265742680566404
1,0,0.10351828773520269
0,0,0.09022513570490907
1,0,0.08031789624118056
0,0,8.407110539436248e-05
0,0,0.15729611067127633
0,0,0.032800251701205846
0,0,0.08174309236058752
0,0,0.13780594861989978
0,0,0.10607190292596075
0,0,0.11829757358043695
0,0,0.09361849673053509
0,1,0.7150270732334493
1,0,0.000192938832547559
0,0,0.17747046203840466
1,0,0.11221424937152526
0,0,0.2657679807168473
0,0,0.0696675573944727
0,0,0.15863336741176154
0,0,0.09805026629257203
0,0,0.07118031666514901
0,0,0.09531709418493525
0,0,0.10055238477182367
0,0,0.16971075967580548
0,0,0.06194368528794071
0,0,0.1491689793227383
0,0,0.23086645338940756
0,0,0.057704709483419984
1,0,0.08309321336788232
0,0,4.111124149807312e-05
0,0,0.05373165527632141
0,0,0.11872523012332202
0,0,0.09130642105931351
0,0,0.08859117063974133
0,0,0.1806962470851805
0,0,9.077679044477287e-05
0,0,0.2841122816027086
0,0,9.148273974340676e-05
1,0,0.08776582495229251
1,0,0.17099371449902007
0,0,0.03495968751562588
0,0,0.00016935003030379235
0,0,8.614987337680641e-05
0,0,0.05806360858065571
0,0,0.18715967175960327
0,0,0.05847904382595149
0,0,0.15643397158838565
0,0,0.14498548788610413
0,0,0.05997297263997794
0,0,0.09850826037687718
0,0,0.07723290644909883
0,0,0.12272957623898922
0,0,0.3737707049448334
0,0,0.044783338477756535
0,0,0.08927796474894914
0,0,0.10526598525905191
1,0,0.3076736352259277
0,0,0.12185082314901424
0,0,0.062010631880696956
1,0,0.18303692307103406
0,0,0.07750024909065328
1,0,0.11990593814829671
1,0,0.45740753047637894
0,0,0.12699304630297203
0,0,0.11080931107139222
1,0,0.25427937353773655
0,0,0.13433269537363798
0,0,0.10151338275014865
0,0,6.26042200825389e-05
0,0,0.2953825534617016
0,0,0.11602129208969936
0,0,0.3395643073049493
0,0,0.11844935699394467
0,0,0.07717479539524089
0,0,0.1039240201857455
0,0,0.15383889013720842
0,0,0.11049411215420046
0,0,0.11238877034028966
0,0,0.051353148468112966
0,0,0.06957852516022654
0,0,0.06702998498579255
0,0,0.11248291566107252
0,0,0.13899029470500812
0,0,0.06172956657775764
0,0,0.10201913891798414
1,0,0.08461829416470525
0,0,0.055559633817731525
0,0,0.07969495533954507
1,0,0.12432253123428033
0,0,0.07194914993668354
0,0,0.17258197169818087
0,0,0.07239337300377889
0,0,0.06341911421222125
0,0,0.05693025076145922
0,0,0.07850792642915667
0,0,0.009266612418014636
0,0,0.1635070804200093
0,0,0.13273754643335467
0,0,0.08258589870540103
1,0,1.1640190540216055e-05
0,0,0.08433929657121028
0,0,0.10034014880057508
0,0,6.588514373793847e-05
1,0,0.09237848619476821
1,0,0.1225835597252563
0,0,0.09355399342884643
0,0,0.05062455086984769
0,0,0.0585107160107843
0,0,4.046355469164533e-05
0,0,0.2806646587440477
0,0,0.18227445940449594
0,0,0.08079717079723987
1,0,0.09998521686605041
0,0,0.15573578532995372
0,0,0.19085557437405645
0,0,0.15036055971911239
0,0,0.08247419786548334
0,0,0.08779689922818044
0,0,0.12000281255485966
0,0,0.050294034958071214
0,0,0.11011601869045659
0,0,0.1393539177425896
0,0,0.09282114438559856
0,0,0.3798228557468823
0,0,0.1032449688505523
0,0,0.09149928257994674
0,0,0.09633220247586459
0,0,0.060635692967128806
1,0,0.1087895267274011
0,0,0.07520946264494877
0,0,0.07753962055069089
0,0,0.08468712268818267
0,0,0.10687607550217124
0,0,0.04175804619879087
1,0,0.07079495201947686
0,0,7.916503870660016e-05
0,0,0.07342907307121194
1,0,0.2558651339294433
1,0,0.17060955376827766
0,0,0.0597407388472014
1,0,0.3259518968839613
0,0,0.09700309084130851
1,0,0.08917703971571292
0,0,0.34911176900371793
0,0,0.1356374308157342
1,0,0.19137132375275454
0,0,0.11964324657999038
1,0,0.13709332721113485
0,0,0.11961205338031904
0,0,0.1038415434875778
0,0,0.07441354572470353
0,0,0.12360679923544235
0,0,0.16244298544475538
0,0,0.04060188182425155
0,0,0.17515727143344434
0,0,0.09513861747051457
0,0,6.742145742487776e-05
0,0,0.10049568433885933
0,0,0.08318756128355805
0,0,0.04411404860392657
0,0,0.23976771208782008
1,0,0.32340998285173644
0,0,0.08250729866444906
0,0,0.0928201806403191
0,0,0.047691648706195494
0,0,9.185450420312682e-05
0,0,0.09483088070607326
0,0,0.0726831108865788
0,0,0.10133980915342143
0,0,0.10333330225220864
0,0,0.07318170021113789
0,0,0.2168139901317948
0,0,0.09619176663165295
0,0,0.02506845899579113
0,0,0.12052494498933916
0,0,0.07493622002422458
0,0,0.09707661213436596
0,0,0.17387746150475036
0,0,0.13852202607782085
1,0,0.15552915359080605
0,0,0.16263606435061237
0,0,0.0884629913077043
0,0,0.15019905554760793
0,0,0.14614258457987847
0,0,0.09348202699945302
0,0,0.06281684700410997
1,0,0.10291495115597922
0,0,0.30209179351405674
0,0,0.24300334325544357
0,0,0.1749988527938627
0,0,0.15662541267526725
0,0,0.08221631598938102
0,0,0.10475909654810016
0,0,0.08648236490862428
0,0,0.13192544612877627
0,0,0.0747028242802048
0,0,0.08488929193898295
0,0,0.08180449600515606
0,0,0.08344122597788009
0,0,0.020327112075041582
0,0,0.06755950966869217
0,0,0.15882661044162197
0,0,0.15538001494231715
0,0,0.07190033880176816
0,0,0.09177882642337873
0,0,0.07752587988458061
0,0,0.08350471335647296
0,0,0.09403943566294393
0,0,0.18272510444668033
0,0,0.09946754915998458
0,0,0.0577587757432956
0,0,0.11789684648080592
0,0,0.09934708424520508
0,0,0.05932027556983333
0,0,0.26022052586146743
0,0,0.15135879597832266
0,0,0.07497086905754556
0,0,0.1602892137619706
0,0,0.21656213167277535
0,0,0.00021881095701340957
0,0,0.2556218608473251
0,0,0.00043429802918046166
0,0,0.11951494079116916
0,0,0.06300604984265629
0,0,0.07812043960405328
0,0,0.06019437203414792
0,0,0.06376620920628309
0,0,0.06745315956214513
0,0,0.04567095288870158
0,0,0.13125068333911855
0,0,0.09371630247038729
0,0,0.10734465028147118
0,0,0.10989368235913377
0,0,0.02914212892159025
0,0,0.16756476151386038
0,0,0.13099602335988328
0,0,0.06294028745418973
1,0,0.22622399451949962
1,0,0.15710540991419286
0,0,0.07432747374305997
0,0,0.06680918721560511
0,0,0.23368296132883984
0,0,0.03193834274664153
0,0,0.14543167022294107
0,0,0.041317162737704416
0,0,0.14206324416203298
0,0,0.019933540297379482
0,0,0.12936420678250635
0,0,0.1752814883475796
0,0,0.1411537276881593
0,0,0.10344729353827381
0,0,0.0667731039072153
0,0,4.9488683573864435e-05
0,0,6.958667633316632e-05
1,0,0.146207927694965
0,0,0.07970722717107634
1,0,0.1533708325787445
0,0,0.08092363631075573
0,0,0.1381344109280064
0,0,0.04911006320641199
0,0,0.015225728941441986
0,0,0.08061220574143169
1,0,0.13834456044929078
1,0,0.13967018228255884
0,0,0.07002984999976158
0,0,0.00019531349128522975
1,0,0.22446102390515635
0,0,0.1450778020969657
0,0,0.19961922812740704
0,0,0.1090011676465094
0,0,0.1485155616517198
0,0,1.4366811456527986e-05
0,0,0.09745577231750283
0,0,0.03453361272407558
0,0,0.11637293444194347
0,0,0.10608046465150553
0,0,5.108774542822748e-05
1,0,0.036446672098492235
0,0,0.12211033951862713
0,0,0.21043046578248706
0,0,0.08890940207951417
0,0,0.10258270833505385
0,0,0.05572166178546782
0,0,0.3557374080370576
0,0,0.10618628361343069
0,0,0.10272725380978279
0,0,0.06460489911070319
0,0,0.10971919234698685
1,0,0.30779051055383905
0,0,4.5732048451425714e-05
0,0,0.1008778023468412
0,0,0.06845725023903913
1,0,0.25353530422488263
0,0,0.12271455867985447
0,0,0.06280357905022822
0,0,0.03759292277607684
0,0,0.09777512268998309
0,0,0.05861638063729327
0,0,0.0707017662804059
0,0,0.0429246755432022
0,0,0.08475718194352536
0,1,0.524527470860773
0,0,0.06698995252447118
0,0,0.18121843308059937
0,0,0.06890745306118534
0,0,0.05335771422696838
0,0,0.20038047551604518
0,0,6.225335162398392e-05
1,0,0.10464134760756144
0,0,0.07550097272072057
0,0,0.08505820910040018
0,0,0.057840167407830295
0,0,0.13919620515460657
0,0,0.00010833385507867216
0,0,0.049526756467489316
0,0,2.530118701363166e-05
0,0,0.06503861856474398
0,0,0.09264695139700765
1,0,0.09877245506281535
0,0,0.13110721133104003
0,0,0.042993639030633794
0,0,0.15061834595097492
0,0,0.09711311664179988
0,0,0.10058633651864445
0,0,0.04978199724160043
0,0,0.05594450160800351
0,0,0.1429361915779038
1,0,0.08106626775685274
0,0,0.040813759529143644
1,0,0.041475125136418364
0,0,0.0879145446678708
0,0,0.050431442509441676
0,0,0.09935346413205846
1,0,0.12704866264501605
0,0,0.05218690028414191
0,0,0.20067361258072725
0,0,0.08065666615993049
1,0,0.10726822025597114
0,0,0.274405419440702
0,0,0.06542754722707934
1,0,0.14923252232086465
0,0,0.07064042767229205
0,0,0.0668838516585318
0,0,0.0568835666756867
0,0,0.04922960821920767
0,0,0.16642971159103193
0,0,0.13130044302059235
0,0,0.000136214191382178
0,0,0.10074185046000765
0,0,0.14781707941483108
1,1,0.5949544763820587
0,0,0.04747994579265673
0,0,0.2087872083367018
0,0,0.410314809419989
1,0,0.15939105200768802
0,0,0.11075549607308509
0,0,0.08522414072803208
0,0,0.19018313819287117
0,0,0.13457825035938448
0,0,0.0992658481087494
0,0,0.12758396713866857
0,0,0.00011998839765712963
0,0,0.07025260591350342
0,0,0.09937502579388326
0,0,0.05071492272620455
0,0,0.13539136720044415
0,0,0.0778591821972271
1,0,0.46313412980141566
1,0,0.17423231266465947
0,0,0.12174243705267805
0,0,0.12667403367528407
0,0,0.123590537761752
0,0,0.06273357197033667
0,1,0.5200483209646495
0,0,0.07905373721797902
0,0,0.18756046028262974
1,0,0.1901676091191235
0,0,0.09572300222239975
0,0,0.1474684193480319
0,0,0.21855546938097006
0,0,0.09354492338406706
0,0,0.13865206086024354
0,0,0.10180158801176734
0,0,0.0797745745536123
0,0,0.17722034946034473
0,0,0.06219461074250751
0,0,0.05005325663940503
1,0,0.17037621622915075
0,0,0.10328420082998245
0,0,0.11134281622875548
0,0,0.09225878111485467
1,0,0.1192300672376488
0,0,0.3407145383051558
0,0,0.2209243356823349
0,0,0.10328624080564275
0,0,0.19925932766565332
0,0,0.10852419938336597
0,0,0.11707327546607477
0,0,0.1052700399006235
0,0,0.10891993024833724
0,0,0.05658006530181099
0,0,0.1948078002541494
0,0,0.06927060029469354
0,0,0.05063054121058967
0,0,0.1263702043277663
0,0,0.2626172916435518
0,0,0.07492392602111111
1,1,0.7381296828953351
0,0,0.07272068008124769
0,0,0.11629384744539298
0,0,0.06671700482203645
0,0,0.1311615026656029
0,0,0.06360063349006341
0,0,0.06366749647079539
0,0,0.13429767458947087
0,0,0.149389647335398
0,0,0.07151542723824116
0,0,0.00010007871708180718
0,0,0.10689904589915798
0,0,0.11304654923638986
0,0,0.12717162360541467
0,0,0.07217504715036221
0,0,0.0791720250949282
0,0,0.14211179516963535
0,0,0.054307270278751714
0,0,0.08810727447057227
0,0,0.0216412378209554
0,0,0.038915309613965596
0,0,0.20363960343644827
1,0,0.08644768479233841
0,0,0.07817921192177005
0,0,0.2977979915160872
0,0,0.09054773265468906
0,0,0.06142662778579516
0,0,0.030815131379455237
0,0,0.11829870815502595
1,0,0.10021869389730838
0,0,3.7058111341595953e-05
0,0,0.2415026812113153
0,0,0.2221165359971734
1,0,0.14194273309093247
0,1,0.5202924587149544
0,0,0.11029343827691447
0,0,0.2814540298203764
0,0,0.0716756435005696
0,0,0.12433591418864519
0,0,0.26933520387365534
0,0,0.06473834114676522
0,0,0.12302969643932204
0,0,0.08848287671934357
0,0,1.978067829771265e-05
0,0,0.06081938931110202
0,0,0.05908027490096137
1,0,0.07168535845666782
0,0,0.10934794664826694
0,0,0.15942872006867026
0,0,0.08174979404174011
1,0,0.05519741692182173
1,0,0.14844117779591348
0,0,0.3185047226285434
0,0,0.07151211949679
0,0,0.18544173252455515
0,0,0.01824766920650156
0,0,0.11420138644159462
0,0,0.1133726893196224
0,0,0.08421051491590496
0,0,0.06941270826742856
0,0,0.18212271187276266
1,0,0.07186836342596487
0,0,0.046738497305531104
0,0,0.04578896887474082
0,0,0.16757589476902432
0,0,0.04824297341508373
0,0,0.08975698723385611
1,0,0.28562578897058843
1,0,0.18097686823841924
0,0,0.2258042469475524
1,0,0.04526955189866422
0,0,0.06693699942726522
0,0,0.06644310952391884
0,0,0.15839209639462962
0,0,3.507918974264939e-05
0,0,0.22260312238832408
0,0,0.15158561975585622
0,0,0.06698834384865154
0,0,0.07644815142945417
0,0,0.05704350977918279
0,0,0.0749126697662811
0,0,0.045474411485291445
0,0,0.25923038411060584
0,0,0.08073600968561871
0,0,0.05388483383682379
0,0,0.13531156905804181
0,0,0.13310206995610052
0,0,0.050414316297382925
1,0,0.19218133605924806
1,0,0.07753743876536708
0,0,0.10074311371568274
0,0,4.3275882714940904e-05
0,0,0.04597011614081397
0,0,0.0907903758207951
0,0,0.3074516270062274
0,0,0.09093146720764128
0,0,0.04577071712668425
1,0,0.08536174724320815
0,0,0.05436468536785509
0,0,0.07720777784409136
0,0,0.1605487210309652
0,0,0.08393808391975051
0,0,0.14834818504829522
0,0,0.052441307447532164
0,0,0.07431226581569723
0,0,0.08187221186655193
0,0,0.005282820089961187
0,0,0.13519713049315027
0,0,0.04338118845071816
0,0,0.06502484142763133
0,0,0.07388680283600328
0,0,0.11191824948987777
0,0,0.18575413572477179
0,0,0.025283387686186022
0,0,0.08145361569199741
0,0,0.07331955732960706
0,0,0.028520479052478735
0,0,0.24245396664642452
0,0,0.0854669094396359
0,0,0.13755516987940478
0,0,0.10276471219394148
0,0,0.05193132874026351
0,0,0.06705867092719446
0,0,0.1067350404265756
0,0,0.0986952452281475
0,0,0.16933905977419295
0,0,0.0942558036403948
0,0,0.12329360932870259
0,0,0.10318274097449569
0,0,0.16229328430461984
0,0,0.16354786267606525
0,0,0.10922520466981973
0,0,0.1052686632947264
0,0,0.13442959923185313
1,0,0.16692763376194322
0,0,0.08223331139833241
0,0,0.06929135748334783
0,0,0.14825492538884188
0,0,0.13465247327281352
0,0,0.1349632465558406
0,0,0.24435086261018582
0,0,0.08644251168192285
0,0,0.15322138741881813
0,0,0.09580546947232403
0,0,0.06133968699359496
0,0,0.13661750411020276
1,0,0.11121679978787068
0,0,0.10113491282213204
0,0,0.18466631292807373
0,0,0.18253913155407556
0,0,0.21911305360972128
0,0,0.01739954496444566
0,0,0.08125571885096292
0,0,0.05798863053485413
0,0,0.15594458821190274
0,0,0.0997005162090979
0,0,0.12307924152127452
0,0,0.05576085282630496
0,0,8.538687177157225e-05
0,0,0.10232352017646666
0,0,0.07758944983617436
0,0,0.07277338786675619
0,0,0.10609976503481512
1,0,0.10018389988440073
0,0,0.08456938417677023
0,0,0.0703020714338812
0,0,0.30140680446639745
1,0,0.0646498478938898
0,0,0.07580692419865913
0,0,0.07708027856559414
0,0,0.08586319896332839
0,0,0.08781432833225516
0,0,0.11451141752648065
0,0,0.29775169814371605
0,0,0.0594316032928812
1,0,0.05470739435430062
0,0,0.04591995048925566
0,0,0.06800427166174403
1,0,0.0450420582025322
0,0,0.17246917470179152
0,0,0.07996129337249373
0,0,0.17594468275617617
0,0,0.0803238888154724
0,0,0.08923122533138081
0,0,0.04335586705011895
0,0,0.13968048357605822
0,0,0.12277646722532616
0,0,0.1673346657729917
0,0,0.1404120761492805
0,0,0.20049844415159354
0,0,0.09230583911987006
0,0,0.14904777727039295
0,0,0.1685794780111645
0,0,0.1261499149191598
0,0,0.09701497760930639
0,0,0.061318909945430655
0,0,0.10435994661440866
0,0,0.12854542647348788
0,0,0.06579992283018568
0,0,0.07862320988418306
0,0,0.07097447877649535
0,0,0.08585833453979759
0,0,0.11311759025284916
1,0,0.0926692833069799
0,0,0.10435144167067355
1,0,0.09125672690819119
0,0,0.05022177012793143
0,0,0.2057395214273778
1,0,0.1391397552983822
0,0,0.08645063390713786
0,0,0.08874658802053895
0,0,0.08918293290459835
0,0,0.04968063676389778
0,0,0.050864061059315055
0,0,0.08493206190984154
0,0,0.15143402064509107
1,0,0.34385350558055455
0,0,0.13157205903033925
0,0,0.08848501985122506
0,0,0.11044968785305326
1,0,0.07888756410852145
0,0,0.043370359226574694
1,0,0.11109832316289915
0,0,0.07418528941342167
0,0,0.19778674825023548
0,0,0.1479160111658012
1,0,0.1638408812065857
0,0,0.14692124629687087
0,0,0.12391061209866845
0,0,0.06377310932793402
0,0,0.09686047652528461
0,0,0.16327034467359372
0,0,0.17240023449964922
0,0,2.3558125206480573e-05
0,0,0.10964184576511093
0,0,0.16750705895158943
0,0,0.15815546073006226
1,0,0.21298580461667707
0,0,0.21252425838169356
1,0,0.08387524683606602
0,0,0.04768415752396721
0,0,0.07808914642746244
0,0,0.13713734778711806
1,0,0.11278083628518924
0,0,0.057925667259975035
0,0,0.03050555014418649
1,0,0.07104724750003699
1,0,0.16941421408087023
0,0,0.1721341423773648
0,0,0.08064678016246353
0,0,0.1321711648480871
0,0,0.12059037417425218
0,0,0.14092046027783403
0,0,0.08963101406064491
0,0,0.07388773605726032
0,0,0.0671180795899906
0,0,0.03692381190825671
0,0,0.07527327901245495
1,0,0.07779615141387987
0,0,0.18511400306696738
0,0,0.13687071807695717
0,0,0.12386523860815181
0,0,0.08249801215913895
0,0,0.3503397456890529
0,0,0.07568932459210212
0,0,0.1517781622018294
0,0,0.11149422073424471
0,0,0.10761626749938344
0,0,0.09073674182861469
0,0,0.05162877331385085
1,0,7.358175184578729e-05
0,0,0.1432427115355441
0,0,0.17201193426261402
1,1,0.5239182913072274
0,0,0.1771604045252016
0,0,0.1662566695709362
0,0,0.1114537726645772
0,0,0.10011368839479821
0,0,0.1141401136095887
0,0,0.06274129654815662
0,0,0.049064239224087085
0,0,0.046197640393753604
0,0,3.1009008520113097e-09
0,0,0.03361415330410871
0,0,6.409401250403406e-05
0,0,0.08913110070284745
0,0,0.08704445815236224
0,0,0.12708855770046748
0,0,0.08232787605513553
0,0,0.08928166493791505
0,0,0.09293690657707157
0,0,0.10844145205583634
0,0,0.00014219807159142418
0,0,0.18293448360347456
1,0,0.12020873985377181
0,0,0.06546932332254288
0,0,0.09099873436783595
0,0,0.13946404015676897
0,0,0.12021934773286275
0,0,0.08210173322356251
0,0,0.1872032881108463
0,0,0.18366302069268797
0,0,0.00011384770551711268
0,0,0.0005909727581857558
0,0,0.22867071597709598
0,0,0.15041943067710664
0,0,0.07512613062677831
0,0,0.08135149756146942
0,0,0.19155223538013588
0,0,0.12492071384943804
0,0,5.0603759962454054e-05
0,0,0.0007725181292384177
0,0,0.1216958929206079
0,0,0.16098102504044373
0,0,0.09766488325969601
0,0,0.08617184563111578
0,1,0.6199490962348452
0,0,0.12542198691847742
0,0,0.09991768508373065
0,0,0.09908303388847614
0,0,0.08019343978027996
0,0,0.021151356140751483
0,0,0.0658378449172504
0,0,0.08952465109099023
0,0,0.08507494590070573
0,0,0.0633436661818613
0,0,0.05346578929174699
0,0,0.0864954057557061
0,0,0.18223172719911196
1,0,0.11187177446650469
0,0,0.10529605141630308
0,0,0.05554712516846415
0,0,0.07436427803246837
0,0,0.07509780987973637
0,0,0.09916772166611364
0,0,0.18123084848173118
0,0,0.016930393283998986
0,0,0.10250259663879402
1,0,0.300499286529167
0,0,0.11637548877426339
0,0,0.1257179396529059
0,0,0.11341721115966139
0,0,0.1605469212277532
0,0,0.05512935697324841
0,0,0.042539509659660565
0,0,0.042658145108724385
0,0,0.13237147488429934
0,0,3.231973326891949e-05
0,0,0.09328103354376041
0,0,0.08611215744448869
0,0,0.023544585374902186
0,0,0.10402197665360649
0,0,0.3442296817328947
0,0,0.10441020277199473
0,0,0.06493279126384709
0,0,0.2119871930341509
0,0,0.1774234339921863
0,0,0.1122614341587371
0,0,0.04160463272493243
0,0,0.06996703057573046
0,0,0.025531497137409976
0,0,0.08126455469218512
0,0,0.09653823359756765
0,0,0.0639076902701506
0,0,0.2862571706084407
0,0,0.1493011949205599
0,0,0.03140797023609751
0,0,0.008689213918510208
0,0,0.0499470348406775
0,0,0.20932213946226386
0,0,0.19009705214695097
0,0,0.08663436287342381
0,0,0.10722519738063784
0,0,0.12932888584203386
0,0,0.1457515416612557
0,0,0.07502952167801796
0,0,0.04862639343270542
0,0,0.06896792882404988
0,0,0.052582906190212435
0,0,0.18706918932680122
0,0,0.09397192879042518
1,0,0.09157424563286531
0,0,0.05224555988819698
0,0,0.1812894236036881
0,0,0.07930227530996341
0,0,0.11501655272923926
0,0,0.07235266766705005
0,0,0.14977033734105474
0,0,0.1637431218045584
0,0,0.13303834425118535
0,0,0.19486502274474587
0,0,0.2642566877464525
0,0,0.14620368251685384
0,0,0.08597431286267228
0,0,0.08862084224958817
0,0,0.0797264812870548
1,0,0.32806842302437295
0,0,0.10697603450100264
0,0,0.1317717063749522
0,0,0.055420726379048615
0,0,0.19278127288068012
0,0,0.11055314036852795
0,0,0.06118033164232394
0,0,0.09870765429063846
1,0,0.057697216926214094
1,0,0.1259466110988228
0,0,4.123544543278841e-05
0,0,0.34631877841523856
1,0,0.09179732428983531
1,0,0.18450430623471686
0,0,0.16030377688574635
0,0,0.07384507111021094
0,0,0.1704831546152418
0,0,0.037633754382834866
0,0,0.21841232287255674
0,0,0.13635653904629508
0,0,0.20506753116116008
0,0,0.050947685580545875
0,0,0.13528000668569584
0,0,0.0865742797572495
0,0,0.110173924045019
0,0,0.009092806266336496
0,0,0.07332081015976001
0,0,0.17153891640174762
0,0,0.0746476147518482
0,0,0.08394708539723567
0,0,0.0786781952843816
0,0,0.09133996687560611
0,0,0.2638269530197846
0,0,0.06503762415018248
0,0,0.07093664858922241
0,0,8.776474833960329e-05
0,0,0.18400422759908963
0,0,0.06877635382460941
0,0,0.08104678745946226
0,0,0.12826281208626897
0,0,0.06896748298936337
0,0,0.0001913725054072005
1,0,0.43417513279678643
0,0,0.4262877611550744
0,0,0.11292647971165021
0,0,0.07023568326640062
0,0,0.21554785688975286
0,0,0.24242458398411884
0,0,0.10183194867797059
0,0,0.1040053464986239
1,0,0.10091099508513618
0,0,0.11983677749760299
0,0,0.1292094934996257
1,0,0.296299928301967
1,0,0.26484538972669736
0,0,0.051310373765039746
0,0,0.10018682668764531
1,0,0.1456432610618514
1,0,0.21117360446401648
0,0,0.05414284014949279
0,0,0.06914347912863386
0,0,0.07065545210488333
0,0,0.09804007213140162
0,0,0.18163509244201428
0,0,0.07117829975542059
1,0,0.22537701107003918
0,0,0.05227886532017642
0,0,0.1179616156841763
0,0,0.15896308866989284
0,0,0.11278567437454255
0,0,0.1471646172240591
0,0,0.08637223874988251
0,0,0.18138685451410294
1,0,0.13065994532644218
0,0,0.08590332154453746
0,0,0.06937003225762153
0,0,0.10944298876509083
0,0,0.10438757586035148
1,0,0.15874755433582766
0,0,0.019479144046620406
0,0,0.09137372662466056
0,0,0.18195497599518604
0,0,0.08829023472935423
1,0,0.10404139113379089
1,0,0.07123983768554991
0,0,0.11089970038745631
0,0,0.07294216686460102
0,0,0.04634085820809125
0,0,0.17479657936213375
1,0,0.07379859265485057
0,0,0.05839806344419554
1,0,0.11609253979471829
0,0,0.17094430980638292
0,0,0.11051813149890331
0,0,0.08163561171283584
0,0,0.11007074925824854
0,0,0.1519006645901511
0,0,0.09778618666676658
0,0,0.1694764160353352
0,0,0.10953502314916366
0,0,0.053500443685278176
0,0,0.07071494800503372
0,0,0.1269653875098155
1,0,0.0524816230097148
0,0,0.1517316090840841
0,0,0.16766567846979882
0,0,0.10925995976037893
1,1,0.7450109854727631
0,0,0.10959863299014269
0,0,0.10018648249040957
0,0,0.06040517350581116
0,0,0.049304649850638156
0,0,0.20751674399173528
0,0,0.11260709544186755
0,0,0.055019214563309576
0,0,0.12831096793411262
0,0,0.15248820970953494
0,0,0.00011152583665692877
0,0,0.07951078887491222
0,1,0.5771943942650811
0,0,0.08953184881809123
0,1,0.5495019593752805
0,0,0.08917160159736782
0,0,0.09936263203025428
0,0,0.09131794613842897
0,0,0.1667200686732345
1,0,0.0982176067576062
0,0,0.11884246316422126
0,0,0.21614557185678449
0,0,0.04981407158742729
0,0,0.17576125124257455
0,0,0.00011198904880791341
0,0,0.14915041815457447
0,0,5.080629018011055e-05
0,0,0.08205865028197827
0,0,0.09692883239553426
0,0,0.16176195674628857
0,0,0.09691408588591434
0,0,0.09080843699443832
0,0,0.04691302159353666
0,0,0.12952641713301064
0,0,0.10602723771485745
0,0,0.06173947301075613
0,0,0.04910167242675084
0,0,0.147527321121956
0,0,0.07781982073251371
0,0,0.18453793347404548
0,0,0.19126433380129285
0,0,0.0862220716229203
0,0,0.09316514455365876
0,0,0.1747807985063422
1,0,0.11626675293776789
0,0,0.06672164222844787
0,0,0.31954888125820324
0,0,0.20876164666678998
0,0,0.1284411629124394
0,0,0.1732538673048153
0,0,0.08213542508129294
0,0,0.11859928248605811
0,0,0.12035308050911235
0,0,0.05207888606698454
0,0,5.2311666546955164e-05
0,0,0.15089263435873904
0,0,0.08638646804394721
0,0,0.2720034217951278
0,0,0.10892172662721458
0,0,0.06983580732592161
0,0,0.3464206230490856
0,0,0.13073511604353338
0,0,0.18577462624716712
0,0,0.20372989171669434
0,0,0.10457976299785324
0,0,0.09309522738773862
0,0,0.11483638805445946
0,0,0.12080268920521782
0,0,0.08657052356228469
0,0,0.13601844014329167
0,0,0.17503950912808972
0,0,0.08220594086071523
0,0,0.12343484985386226
1,0,0.476726600796447
0,0,0.06346338873213822
0,0,0.147318743600267
1,0,0.09577403760203479
0,0,0.053088366965127656
0,0,0.2807567826122234
0,0,0.00015524799800280143
0,0,0.11175316887050704
0,0,0.05072462923197638
0,0,0.08943596276320674
0,0,0.10268644622973881
0,0,0.06245817782911642
0,0,0.06123754963124307
0,0,0.08940053061243952
0,0,0.2627901795495695
0,0,0.02691637103508988
0,0,0.24901384895282452
0,0,0.07704155783972755
0,0,0.1418332699824685
0,0,0.043395564599418374
0,0,0.11094595105809649
0,0,0.09336382262231123
1,0,0.1589004983567091
0,0,0.10365273073249807
0,0,0.11846022166648758
1,0,0.09761534076463071
0,0,0.12151731971169343
1,0,0.12460578847680423
0,0,0.08760655361808746
0,0,0.09363299488537384
0,0,0.06015474162529031
0,0,0.45332642422300895
0,0,0.06830566100244267
0,0,0.1770259370281577
0,0,0.18861695442693097
0,0,0.17736205317875736
0,0,0.1722719680308071
0,0,0.059436709990406525
0,0,0.16352414931671908
0,0,0.09614509563637504
0,0,0.0387043363928477
0,0,0.06363097148551776
0,0,0.057219772617389315
0,0,0.07074934110234288
0,0,0.1161160821519572
0,0,0.05365640207611598
1,0,0.1024546883312109
0,0,0.10313982421481092
0,0,0.06038689226923219
0,0,0.12154197251494969
0,0,0.11947079600642733
0,0,0.19457987114566128
0,0,0.06737126131289067
0,0,0.09308106478088697
0,0,0.16064008400929938
0,0,0.07193200528472653
1,0,0.12491661222328793
0,0,0.08909553626455186
0,0,0.02928988719456114
0,0,0.06777492443913033
1,0,0.20182558990054508
0,0,0.06977271307043245
0,0,0.12751480411696964
0,0,0.06725091978602814
0,0,0.12682079320512338
0,0,0.21094843143066766
0,0,0.346134631962323
0,0,6.111444250547775e-05
0,0,0.06936257045831885
0,0,0.049987815660238195
0,0,0.1458177740741702
0,0,0.014415517203454459
0,0,0.08715932499160432
0,0,0.06219675535800645
1,0,0.23548308610680962
0,0,0.027615904794865108
0,0,0.10652540213630113
0,0,0.10146028743818597
0,0,0.0950853143397549
0,0,0.07426740332607853
0,0,0.2759152836188654
0,0,0.14372761094761213
0,0,0.00010682255411013709
1,0,0.14343066416449773
1,0,0.15289412521047302
0,0,0.1228917423829772
0,0,0.14474672998109553
0,0,0.12280303815092196
0,0,0.10764352773180333
0,0,0.2810085845038091
1,0,0.1329286797217575
0,0,0.07771982838421043
0,0,0.15302464703417318
0,0,0.08523827666926116
0,0,0.13128366151498358
0,0,0.055401397255000775
0,0,0.11215767093637599
0,0,0.0632236661846443
0,0,0.1610970256899156
0,0,0.17435285084741692
0,0,0.17560566985844836
0,0,0.10172646178174628
0,0,0.06686649371664205
0,0,0.1120722210793814
1,0,0.10567159148656431
0,0,0.16546029794329348
0,0,0.12414697607577717
0,0,0.07289976421645226
0,0,0.1523123977874138
0,1,0.9902256164245172
0,0,0.0994490580329128
0,0,0.0030370828921108366
0,0,0.10544761358234508
0,0,0.04793767320009676
0,0,0.09961585559465043
0,0,0.0730351615602902
0,0,2.4226369775013748e-05
1,0,0.10798773428479046
0,0,0.15671038652532107
0,0,0.03732289495888616
0,0,0.11357003201032523
0,0,0.051339218503399835
0,0,0.14279081666434063
0,0,0.1119864148991507
1,0,0.07863104239505556
0,0,0.0001133816259262829
0,0,0.15091253747580055
0,0,0.05159279059733948
0,0,0.11402534468278312
0,0,0.06021899310541672
0,0,0.05488650610243412
0,0,0.03240216365008915
0,0,0.15518946956599122
0,0,0.05092691571694516
0,0,0.051301283759815894
0,0,0.04982877892703115
1,0,0.08275599299608333
1,0,0.09018547523040908
0,0,0.05526990902410221
0,0,0.00013088087005936485
0,0,3.93583269417346e-05
0,0,0.08823698721013021
0,0,0.11867203215432842
0,0,0.19218860233803672
0,0,0.10690152781500552
0,0,0.12322604725656709
0,0,0.08434393892844692
1,0,0.07829794553482702
0,0,0.23047068008321916
1,0,0.3444549197484651
0,0,0.08621725455639608
0,0,0.05995307254984601
0,0,0.09008698561199367
1,0,0.14441166589408974
0,0,4.909594798918211e-05
0,0,0.07683458181862005
1,0,0.30967971238558556
1,1,0.6861784626041767
0,0,0.09493498416407972
0,0,0.0795826636898249
0,0,0.08918325982262981
0,0,0.1628326469829972
0,0,0.14004649610895004
0,0,0.08963125031575116
1,0,0.06612873327029523
0,0,0.00014776703663535185
1,0,0.20402286803348424
0,0,0.12084241256624706
0,0,0.06684909354895732
0,0,0.10571287430374797
0,0,0.08954944487359406
0,0,0.06430886392460355
1,0,0.396685933173366
0,0,0.1258426885994628
0,0,0.48774302306764167
0,0,0.03375812031948752
0,0,0.08465168263962299
0,0,0.0715280530818126
0,0,0.09947005490199672
0,0,0.04091805531784609
0,0,0.4105167833446729
0,0,0.08040528474395008
0,0,0.08954479514040256
0,0,0.05078151178183693
0,0,0.1647254900532122
0,0,0.2946399994527624
1,0,0.05771212621273651
0,0,0.06278922394143766
0,0,0.07488290675196232
0,0,0.0844958818450484
0,0,0.1252511983865633
0,0,0.039865485524676156
0,0,0.13706611946098213
0,0,0.060917551131469454
0,0,0.13375395814928695
0,0,0.13085578827150493
0,0,0.13343412834183935
0,0,0.10139782470129073
0,0,0.1612519448003991
1,1,0.5059369929184199
0,0,0.06687181510751336
1,0,0.4004571243463461
0,0,0.09008170736683992
0,0,0.1298274359150179
0,0,0.04822432982621373
0,0,0.00010541721680892607
0,0,0.08193839099801978
0,0,0.10917627942581094
0,0,0.10233421535044993
0,0,0.05631652425818825
1,0,0.11328295720839275
0,0,0.11306581659935762
0,0,0.05956726728747099
0,0,0.09433952113109628
0,0,0.0819196483583488
0,1,0.5345849767589882
1,0,0.16626768514947052
0,0,0.11113232875161717
0,0,0.22993602191205897
1,0,0.09528237259762985
1,0,0.12007725611734298
0,0,0.056539460885274145
0,0,0.05126817582427648
0,0,0.08820562460548226
0,0,0.10119402399262874
0,0,0.06292042242911393
0,0,0.12749413264743767
0,0,0.09723019424156164
0,0,0.008886680527716273
0,0,0.08433072720452436
0,0,0.0577314205663896
0,0,0.09821177664156705
0,0,0.036515321934352384
0,0,0.12268346340697463
0,0,0.19955743809113605
0,0,0.10792555523982154
0,0,0.07050897065398236
0,0,0.18668253638258273
1,0,0.08491995070192694
1,0,0.14254800852405816
0,0,0.08779226970407901
0,0,0.08438373817407681
0,0,0.09995896144881185
1,0,0.1177845945248174
0,0,0.08847364913886209
1,0,0.1299259047500942
0,0,0.1268895553906375
0,0,0.20905861765427675
0,0,0.04874305543005328
0,0,0.23650864278938719
0,0,0.08852469049796144
0,0,0.12419495993734793
1,0,0.14044594183510897
0,0,3.4976617994179714e-05
0,0,3.8798962152645205e-05
0,0,0.06830879571889419
0,0,0.10296723713561794
0,0,0.08207256411334918
1,0,0.3500682723028552
0,0,0.20646157276071617
0,0,0.08829982382392498
1,0,0.29504679824470503
0,0,0.08971642991889726
0,0,0.06965917783424137
0,0,0.1680432301499281
0,0,0.11567898939664223
0,0,0.04149458184716517
0,0,0.07532457844314235
1,0,0.028010531886249752
0,0,0.05708813311684579
1,0,0.08013557391206631
0,0,0.10924245453067198
0,0,0.08706764527476668
0,0,0.1532302923885684
0,0,0.16931373192055085
0,0,0.20363242476404558
0,0,0.053945896154895624
0,0,0.14584301694983584
1,0,0.09319652488646694
1,0,0.15186735444732888
0,0,0.11054432573972217
0,0,0.09833897097555093
1,0,0.14138655689873694
0,0,0.07930258063720594
1,0,0.06536065456949822
0,0,0.052521242594472425
0,0,0.07724595946020912
0,0,0.13487214873821785
0,0,3.372362156586202e-05
0,0,0.047495904826055264
1,0,0.10057729160959529
0,0,0.08745444650889576
0,0,0.13428918949987562
0,0,0.017665712658120197
0,0,0.16068552791018412
0,0,0.3008177006769439
1,0,0.11699088023091528
0,0,0.07843788239068268
0,0,0.08598158656896353
0,0,0.2066491966306309
0,0,0.07549168192071427
0,0,0.09650980872928003
0,0,0.0957978550430175
0,0,0.14537087423714906
0,0,0.043545814638087224
0,0,0.1229146883737877
0,0,0.09971022721620341
1,0,8.850910345135348e-05
0,0,0.057285008810677156
0,0,0.09313122404132074
0,0,0.1831318328529644
0,0,0.3101689771408684
0,0,0.09394602912998411
0,0,0.033828117438761796
0,0,0.12263495418915343
0,0,0.0827773794522446
0,0,0.06258282465343791
0,0,0.13902175333464434
0,0,0.08144910878513564
0,0,0.0538267322557544
0,0,0.040365293448410264
0,0,0.10784986326070996
0,0,0.023927223541993458
0,0,0.0913268308685972
0,0,0.00010034736847775171
0,0,0.13759273513779907
0,0,0.0939003900313375
0,0,0.05848636716717122
1,0,0.1092014350052524
0,0,0.07629290585835256
0,0,0.08209964073549782
0,0,0.17605190801597848
0,0,0.07566886568580937
0,0,0.16513394893465372
0,0,0.12910687745918029
0,0,0.1663687181231586
0,0,0.14917623356320647
0,0,0.13315522627555473
0,0,0.0537252534788739
0,0,0.10548553620421959
0,0,0.11502193661358093
1,0,0.44342842466833376
0,0,0.11960587523576235
0,0,0.18565755774481682
0,1,0.5182918845120804
0,0,0.3834002214938857
0,0,0.07922508781216173
0,0,0.16139429728102425
0,0,0.12818881756154224
0,0,0.10303483345368811
1,0,0.045066588143700514
1,0,0.4379624852849656
0,0,0.11988611900543948
0,0,0.11326392324393375
0,0,0.1378940068468092
0,0,0.15427436580855258
0,0,0.3762613428238482
0,0,0.1007489029695125
0,0,0.08026778687578105
0,0,0.07723987726220082
0,0,0.06686784346054005
1,0,0.08162153300938567
0,0,0.04208394314895384
0,0,0.10372718467426555
1,1,0.5030977532693922
0,0,0.047890324180084716
0,0,0.07112347565024503
0,0,0.059393344237871605
0,0,0.1007166287865678
0,0,0.06468497193147285
0,0,0.13280049773260708
0,0,0.13714878021938623
0,0,0.21933921515284835
0,0,0.09391525661117876
0,0,0.09543939022463055
0,0,0.07673453528045505
0,0,0.11808305457292463
0,0,0.3192696357573634
0,0,0.07673857699263663
0,0,0.07027420475295434
0,0,0.3399739654088851
0,0,0.19765945744743116
0,0,0.060253319282651784
0,0,0.06787944633287157
0,0,0.0866093818301237
1,0,0.1965303652973794
0,0,0.0532429079581806
0,0,0.03334674083887977
0,0,0.10973933414784197
0,0,0.08259998631080825
0,0,0.06735633248156495
0,0,0.06412839826180401
0,0,0.00011769642781836391
0,0,0.0465333956042922
0,0,6.02743578794831e-05
0,0,0.12485708840384245
0,1,0.9999998857732424
0,0,1.578569813016936e-07
1,0,0.19294354566351274
0,0,0.14526835478397332
0,0,0.10106733208714744
0,0,0.10384309461294308
0,0,0.08686192292470013
0,0,0.10898288288518107
0,0,0.04127483265350317
0,0,0.1656892513878236
0,0,0.11363996110767045
0,0,0.05335838759579744
0,0,0.10352472462669948
0,0,0.10152809146101567
0,0,0.09720668155595028
0,0,0.10744038401319309
0,0,0.07879935955133754
0,0,0.2138282437131133
0,0,0.07462875417966554
1,0,0.11279427093002257
0,0,0.1406146755949117
0,0,0.1713262985151429
0,0,8.204091865923752e-09
0,0,0.046281529648145504
0,0,0.12251455770727511
0,0,0.09618613583939417
0,0,0.06126828771718619
0,0,0.13699847213433367
0,0,0.04438502637376072
0,0,0.08371781284851795
0,0,0.04249202519433616
0,0,0.15996459686215145
0,0,0.27291475221482697
0,0,0.05163297791206655
0,0,0.049316092995989304
0,0,0.10729935055266518
0,0,0.07391097518970217
1,0,0.11563814591611549
0,0,0.06372882120464086
0,0,0.05733288886567867
0,0,0.1138958447399998
0,0,0.07916292125390015
0,0,0.1609699987574156
0,0,0.13035445586763944
1,0,0.17336962300965197
0,0,0.20137775001766098
0,0,0.1468554477115119
0,0,0.05793909239424904
0,0,0.03783131213843627
0,0,0.19720239411195922
0,0,0.05507091004252259
1,0,0.03683750550881181
0,0,0.2747243786610704
1,0,0.1087050726761086
0,0,0.09095774289625301
0,0,0.10276421042959902
0,0,0.18064034070058999
0,0,0.05761093876819228
0,0,0.08039557561599979
0,0,9.274030979866416e-05
0,0,0.08244316252388662
0,0,0.029109635527008154
0,0,0.1012285703535053
0,0,0.43619733943421773
0,0,0.06614853358945814
0,0,0.10840279185885204
0,0,0.17500407896124748
0,0,0.10416896067173632
0,0,4.935999389428444e-05
0,0,0.13944358363623516
0,0,0.06556945567694149
0,0,0.3146898427760936
0,0,0.17312096028641857
0,0,0.07626292971348886
0,0,0.127467256945778
0,0,0.06545887158878942
0,0,0.06215441895028854
0,0,0.012404678218453122
0,0,0.08760359566613113
1,0,0.11045351803175446
0,0,0.114664095751433
0,0,0.2309679338159712
0,0,0.13978954770028945
0,0,0.37427378004522477
0,0,0.11586572229623945
0,0,0.08518217204326439
1,0,0.05418794267274034
1,0,0.11184451987793298
0,0,0.16848744994888132
0,0,0.08920764904343995
0,0,0.04981755180765703
0,0,0.1511166734032634
0,0,0.15406891618779336
0,0,0.09198825150884046
0,0,0.07880156706691994
0,0,0.13760174649078447
0,0,0.1798933243942882
0,0,0.045515988513983745
0,0,0.07021315978687565
1,0,0.09655603653968015
0,0,0.27397252215935874
0,0,0.07780396883093461
0,0,0.044753253373119854
0,0,0.06609189003279181
0,0,0.4010078572798508
0,0,0.0547679938891913
0,0,2.4966826006659763e-05
0,0,0.09162962775761872
0,0,0.0696558502328889
0,0,0.1652274521644915
0,0,0.08497310694991964
0,0,0.10456564011819391
0,0,0.09831167850711817
0,0,0.03259396706098353
0,0,0.1657149309624276
0,0,0.23889647788465806
0,0,0.08394027819615878
0,0,0.06660521983660526
0,0,0.08223960687678725
0,0,0.04831219939921589
0,0,0.13396212690645057
0,0,0.047803013557231835
0,0,0.18110900414712533
0,0,0.08929822529620236
0,0,0.09402714422373568
0,0,0.13995879087822483
0,0,0.11200054188883941
0,0,0.10521012327634992
0,0,0.035298737343788605
0,0,0.1481839883507947
0,0,0.04496427417750919
0,0,0.05851920531266962
1,0,0.1778097164347107
0,0,0.06395510276341146
0,0,0.06441047125641389
0,0,0.15150553053670487
0,0,0.06400331093770047
0,0,0.04716697429905367
0,0,0.0813549070772639
0,0,0.07309867507187942
0,0,0.166068503415543
0,0,0.13208999887678796
0,0,0.18370743748323246
1,0,0.06432978697394102
0,0,0.086843692785
0,0,0.12843682921261582
0,0,0.13517855871988738
0,0,7.951831693504665e-05
0,0,0.12121271490950124
0,0,0.1493896803135688
0,0,0.04309602345217648
0,0,2.0829506076841244e-05
0,0,0.0794796790242089
0,0,3.2970224331666834e-05
0,0,0.1499565741708746
0,0,0.06966240593136143
0,0,0.07425116205062927
0,0,0.0992127143432624
0,0,0.1371739341494324
1,0,0.07869390564632647
0,0,0.05566871567012325
0,0,0.09951007022982024
0,0,0.08433812924901918
0,0,0.1617460581524748
0,0,0.07397107764766814
0,0,0.11915635342676956
0,0,0.08196999229712065
1,0,0.06910550873831228
0,0,0.10116516039613953
0,0,0.15716972641232768
0,0,0.058377581668896145
0,0,0.07783230300811925
0,0,0.09142456933198753
0,0,0.06455154893222746
0,0,0.16937488351332705
0,0,0.16780921224218762
0,0,0.10651572282530304
0,0,0.04312700624077193
0,0,0.3658750736732557
0,0,0.19046802614501435
0,0,0.07124169162406203
0,0,0.034390186859344814
0,0,0.0884128748889225
0,0,0.06800651244460222
0,0,0.1448537437229374
0,0,0.15665925180043055
1,0,0.05786782645230315
0,0,0.08726311656512191
0,0,0.06782808758334967
0,0,0.05988887227509741
0,0,0.1742367597627372
0,0,0.05840118087650109
0,0,0.16643156216816826
0,0,0.04288359348126072
0,0,8.65205622363553e-07
0,0,0.06060343676007304
0,0,0.05396019817098057
0,0,0.12636532063412192
0,0,0.07010167284811804
0,0,0.1399516066443082
0,0,0.0750217831440861
0,0,0.1512133171519094
0,0,0.08033039221766415
1,0,0.05200329072050435
0,0,0.00021285729543526715
0,0,0.07129907637753458
0,0,0.09370786470780895
0,0,0.06774676522096625
0,0,0.13919958151274964
0,0,0.04511186801035534
0,0,0.0179793650821759
0,0,0.14259943941599432
0,0,0.06643674843313915
0,0,0.13119823015989596
0,0,0.06773835853730976
0,1,0.5264020366180889
0,0,0.11521927808840719
0,0,0.06225944527329334
0,0,0.00011267814314591528
0,0,0.08841793537482545
0,0,0.00016219303159451518
0,0,0.10043387200031426
0,0,0.09406510610591051
1,0,0.48611410104261976
0,0,0.2880191727905719
0,0,0.04119859943235567
0,0,0.0910755986456968
0,0,0.10232037590504689
0,0,0.09129789506385697
0,0,0.06449766309632
0,0,0.05456581813809815
0,0,0.1049068581109021
0,0,0.01482466028797197
0,0,0.06512141751150322
0,0,0.05661674983189709
0,0,0.11978777824368499
0,0,0.11124656023857157
0,0,0.10941992736099948
0,0,0.133974808357429
0,0,0.15838949319925325
0,0,0.00027027802285873014
0,0,0.09189476088035557
0,0,8.259927183666777e-05
0,0,0.12306614079773896
0,0,0.09634508857205255
0,0,0.10259029115120404
0,0,0.06490846997654463
0,0,0.2271399936544318
0,0,0.08516964319656241
0,0,0.054706158055125624
0,0,0.1912774597824888
0,0,0.07405830754591225
0,0,0.2911937317093414
0,0,0.10059831910256511
0,0,0.18296612815112392
1,0,0.09043130547118998
0,0,0.26047711915894173
0,0,0.18803726984776778
1,0,0.11617188202489566
0,0,0.04144990052456544
0,0,0.0496687235300975
0,0,0.09153919496107904
0,0,0.3269878506155062
0,0,0.1267677588945834
0,0,0.06755917592264714
0,0,0.15930820329863077
0,0,0.2007441549350229
0,0,1.1731284788738687e-05
0,0,0.09547579734594207
0,0,0.025792290600511414
0,0,0.11727566458141797
0,0,0.08289370209278395
0,0,0.22705954560887523
0,0,0.19609750660563727
0,0,0.1685520023007606
0,0,0.07325144310978954
0,0,0.08776730483330693
0,0,0.13378724214493395
0,0,0.08885765247859614
0,0,0.09817419514961957
0,0,0.08010568718050402
0,0,3.6163564685578136e-05
0,0,0.07256282036572766
0,0,0.0852317440578168
0,0,0.07562952265732917
0,0,0.061539329954668875
0,0,0.10914740628634648
0,0,0.05189312151691677
0,0,0.06664993366928618
0,0,9.159961367571515e-05
0,0,0.22108868249809122
0,0,0.07351372939434722
0,0,0.053808280698974406
0,0,0.13780107400910893
0,0,0.06058857006945691
0,0,0.09784548322488076
0,0,0.1718504046484878
1,0,0.11450270564233195
0,0,0.06709832778853697
1,0,0.12431190056244651
0,0,0.05157293490654708
0,0,0.2659456413793574
0,1,0.7582278148559318
0,0,0.17365047591654648
0,0,0.07278520564825691
0,0,0.05038798249162598
0,0,0.10266948789197951
0,0,0.1801142275050842
0,0,0.06622678407124355
0,0,0.10789364406378778
1,0,0.15007475061770084
0,0,0.11203975432924952
0,0,0.1541588317175875
0,0,0.036282054013420245
0,0,0.11132246139477309
0,0,0.17735828448113297
0,0,0.12276361363432058
0,0,0.06415854265476933
0,0,0.14748098253140418
0,0,0.19102696225781443
0,0,8.736547330574586e-05
0,0,0.0001526397747615039
0,0,0.0993775242428707
0,0,0.18515265443092893
0,0,0.0004343117141161619
0,0,0.05675257988711329
0,0,0.1260808529829633
0,0,0.07711295803118434
0,0,0.18401295863988323
0,0,0.08653317978778648
0,0,0.06901135648617222
0,0,0.07119131476829742
0,0,0.0303192022801984
0,0,0.11187240579430797
1,0,0.10341888174841816
0,0,0.04887568232406049
0,0,0.047057457771300264
0,0,0.08723006349617736
0,0,0.09477036727301429
0,0,0.05987302539766755
0,0,0.07080185710192895
0,0,0.1420991037832198
0,0,0.07989850653220011
0,0,0.14402899911135678
0,0,0.10876815925330478
0,0,0.12621456430062647
0,0,0.07406104355919982
0,0,0.06441987469666588
0,0,0.1326755913062339
0,0,0.21826208153999535
0,0,0.11272770469630618
0,0,0.048371659693278904
0,0,0.08464921672596207
0,0,0.12360582739888414
0,0,0.08260451247496656
0,0,0.0357465505082746
0,0,0.36607942434242136
0,0,0.10770261407784637
0,0,0.08019150883913215
0,0,0.058008548010931006
0,0,0.05438284877685193
0,0,0.0025530702372085824
0,0,0.029185506011117374
0,0,0.0957223603955984
0,0,0.14347775449599245
0,0,0.09730662541795204
0,0,0.02292791517031926
0,0,0.004645716178215617
0,0,0.14209116035693994
0,0,0.19504575260004423
0,0,0.04335931477394683
0,0,0.11880090290044228
1,0,0.15783142747929085
0,0,0.12462404293684032
0,0,0.09744523571845219
1,0,0.24122739794649115
0,0,0.0719802912170855
0,0,0.1242777750292101
0,0,0.2197340014645499
0,0,0.026093413802777406
0,0,0.154198861064311
1,0,0.02675659576229771
0,0,0.13330889140171834
0,0,0.06260049102108747
0,0,0.10279642548316463
0,0,0.14740103412449518
0,0,0.031084230290250106
0,0,6.834553064559437e-05
0,0,0.06411151639830819
0,0,0.008319655161547666
0,0,0.181327299978998
1,0,0.13686487230853722
0,0,0.11653162601594233
0,0,0.09187734726187942
0,0,0.043267550066407076
0,0,0.0005098285624940647
1,0,0.08778849428309812
1,0,0.1605002780864563
1,0,0.2609606831228841
1,0,0.04935246770575505
0,0,0.05627801682339725
0,0,0.14152311987873178
1,0,0.1432011674857049
0,0,0.05035413766270035
0,0,0.1191017960427744
0,0,0.15321642361697335
1,0,0.057668636371782336
0,0,0.07093483199302107
0,0,0.08081461890238512
0,0,0.1604758217595807
0,0,0.10329646194517446
0,0,0.1170330506572355
0,0,0.05154837537464064
0,0,0.18198935650906023
0,0,0.061053103346720684
0,0,0.11556300618351385
0,0,0.1615340966109958
0,0,0.06138959315058481
0,0,0.10731923396377265
0,0,0.10571453966740664
0,0,0.07979845880230794
0,0,3.9081641633573e-05
0,0,0.13936973372262113
0,0,0.06738503505710701
0,0,0.011100161059270263
0,0,0.15675151854075434
0,0,0.09555145125910863
1,0,0.0001322177482294104
1,0,0.0382667639945409
0,0,0.1416661141699568
0,0,0.10565963991134394
0,0,0.11909416352311877
0,0,0.08570030218838108
0,0,0.06375413089380969
0,0,0.052297027935026226
0,0,0.12113231850173689
0,0,0.11292245234416655
0,0,0.03120125921194779
0,0,0.07106526501131563
0,0,0.23718657732223583
0,0,0.10496277623259029
0,0,0.08725473271786559
0,0,0.17756122455453696
1,0,0.05333103157591764
0,0,0.18102102836325934
0,0,0.09700943345837038
0,0,0.15051859893972247
0,0,0.1649530553995128
0,0,0.10300643592731884
0,0,0.06020047974771252
0,0,0.07553788119045592
0,0,0.23192867005209863
0,0,0.09848169368885608
0,0,0.3379439341660578
0,0,0.08575132393884052
0,0,0.08831261464508387
0,0,0.046724330778110744
0,0,0.10253285408670726
0,0,0.07210287014940173
0,0,0.13071487543031918
0,0,0.056777411803802275
0,0,0.027392929285995564
1,0,0.11135272603686731
0,0,0.06864785027436293
0,0,9.619413171226136e-05
0,0,0.041758396560460674
0,0,0.07445383411399589
0,0,0.0651568011700899
0,0,0.060067123527915836
0,0,3.603852401313995e-05
0,0,0.06995469325574757
1,0,0.24293029283510909
0,0,0.13884018791412747
0,0,0.1332814007664946
0,0,0.32678193987260545
0,0,0.11637837275432317
0,0,0.24263605105810213
0,0,0.10592925178244834
1,0,0.1965459946800009
0,0,0.10674349015704418
0,0,8.567635239642772e-05
1,0,0.18806300651822594
0,0,0.09898138988497666
0,0,0.08835416253068586
0,0,0.07017281963223293
0,0,0.00011785116464462482
0,0,0.058333342538082575
0,0,0.07155244031570573
0,0,0.1069334966070427
0,0,0.4806522833145135
0,0,0.11092048940904281
0,0,0.08032717610830135
0,0,0.049154006430943566
1,0,0.1256746006595716
0,0,0.08784121816020309
0,0,0.06980181229293082
0,0,0.05402195169784009
0,0,0.07473318713334662
1,0,0.041728962672587994
0,0,0.09041235578978188
0,0,0.31917773266069505
0,0,0.05970476437457887
0,0,0.15413095397117133
0,0,0.08152560947939153
0,0,0.02830676346598273
0,0,0.1078394551433594
0,0,0.06422535941255082
1,0,0.20854165401410885
0,0,0.055935742293885454
0,0,0.0744211167676225
0,0,0.0867403671562273
0,0,0.08267300470955169
0,0,0.06051518596221317
0,0,0.053927972104440135
0,0,0.09008061334456441
1,0,0.00010792327249583379
0,0,0.11007886951020233
0,0,0.0013954670631978353
0,0,0.12969207481205566
0,0,0.037572644908607226
0,0,0.0740711637680647
0,0,0.07291030484316426
1,0,0.06299140614980005
0,0,0.046320690390122
0,0,0.09803784293723486
0,0,0.12800945966810456
0,0,0.15398662925049228
0,0,0.16230683068196927
0,0,0.10708658634507989
0,0,0.0622982172929533
0,0,0.07864608607337627
1,0,0.081431901663116
0,0,0.04441210196181156
0,0,0.08052952266215703
0,0,0.09297071007925066
1,0,0.08839387064338684
0,0,0.09889834130653022
0,0,0.4265734837171279
1,0,0.17260330064325302
0,0,0.06082786903101042
0,0,0.11062658386273316
0,0,0.004200188665360788
1,0,0.158147298482137
0,0,0.1123712666395037
0,0,0.20012503322228628
0,0,0.09521298976085521
0,0,0.07065129890623724
0,0,0.15138908825524747
0,0,0.00019277021115319436
0,0,0.21465505080500516
0,0,0.05094856272957798
0,0,0.13009463735030655
0,0,0.0569724898390634
0,0,0.07429519300288352
0,0,0.018070967490487717
0,0,0.050505417807864036
0,0,0.07829852521319886
1,0,0.18169233883815566
0,0,0.10308903525610945
0,0,0.1105807359193908
0,0,0.08932158345497386
1,0,0.15055440620514807
0,0,0.10136051773959101
0,0,0.05273155993444
0,0,0.09689359103149717
0,0,0.0647187281249032
0,0,0.1792719878246945
0,0,0.22559394603191743
0,0,0.07032175613652164
0,0,0.0007128864648666577
0,0,0.29887523229416024
0,0,0.07292411756805182
0,0,0.11553910953388101
0,0,0.034515198642895414
0,0,0.14863870132446633
0,0,0.2095179846269859
0,0,0.100699015286396
0,0,0.10092937421696166
0,0,0.042821602758227835
0,0,0.061635810213196446
0,0,0.07830849352758273
0,0,0.09903424811945997
1,0,0.10315268743441385
0,0,0.04444875803537419
0,0,0.09718454873610287
0,0,0.11030602494514247
0,0,0.04404149317254688
0,0,0.11420801251639874
0,0,0.07870696378623075
0,0,0.18235955183918362
1,0,0.17367192954746605
0,0,0.17208588884550446
0,0,0.10554276664724589
0,0,0.07565924765845126
0,0,0.13818653907561404
0,0,0.10140657468095303
0,0,0.03268333255018281
1,0,0.1869057077972022
0,0,0.04900191495441727
0,0,0.01263120881052416
1,0,0.05652351316196721
0,0,0.24984791032914008
0,0,0.12937116584818018
0,0,7.046552104865784e-05
0,0,0.120221441351921
0,0,0.08441387302282821
0,0,0.08272284116223037
0,0,0.13771005489523874
0,0,0.06956415356748355
0,0,0.04333971981692426
0,0,0.0984476987217945
0,0,0.08777337289000488
0,0,0.15700980413055562
0,0,0.10537383761404347
1,0,0.11645916797183062
1,0,0.31204832526233917
0,0,0.28169944830762556
0,0,0.06296044714405047
0,0,0.12007853888643198
0,0,0.0704226628396061
0,0,0.0749601213941431
0,0,0.19682922347953455
1,0,0.06450090978259858
1,0,0.10940501921571671
0,0,0.043180782390171674
0,0,0.07378787176587877
0,0,0.0725897330987064
1,0,0.09433158584268685
0,0,0.059472756613678665
0,0,0.052586386965948285
0,0,0.11041193786250178
0,0,0.3762468634510143
0,0,0.21841373167655623
0,0,0.09865457199591292
0,0,0.11516896251591012
0,0,0.06618036652802815
0,1,0.6378176268548058
0,0,0.11804847245725136
0,0,0.06664972722246595
0,0,0.05387004159447413
0,0,0.13598209369507983
1,0,0.14982098511544295
0,0,0.10249262231124291
0,0,0.07468262562286537
0,0,0.09999329373886337
0,0,0.2378238246170539
0,0,0.07991768995802924
0,0,0.13652876621218749
0,0,0.09384159896726478
0,0,0.08593349602057564
0,0,0.13330298863029402
0,0,0.08344263697702962
0,0,0.14654754261379757
0,0,0.04156481571212032
0,0,0.19820022536219722
0,0,0.11336280992214497
0,0,0.05076018740162472
0,0,0.0442311545660722
0,0,0.06768619936142858
0,0,0.05809758873563806
0,0,0.07828257422745849
0,0,0.11518510309230724
0,0,0.07809212892288231
0,0,0.24519948461384777
0,0,0.07621638118446143
0,0,0.09900400032726389
0,0,0.14209852443002496
0,0,0.10528610807886711
0,0,0.09649140988570981
1,0,0.19798442525317586
0,0,0.03409796719031765
0,0,0.06132063834778994
1,0,0.07550965420069357
0,0,0.02138410117575212
0,0,0.21464993490168088
0,0,0.09788370478222348
0,0,0.2043139888087832
0,0,0.042960081034575125
0,0,0.00015770966819719277
0,0,0.05640373682038462
0,0,0.10590235705901432
0,0,0.0901413012146884
0,0,1.7470656661723255e-05
0,0,0.08716008612904005
1,0,0.11989231451617229
0,0,0.14046459672661812
0,0,0.27285963935129054
0,0,0.074527812955549
0,0,0.04259815797700335
0,0,0.018927100769477838
0,0,0.1253037016920362
0,0,0.14954890875294807
1,0,0.06809629258541429
0,0,0.09290909559968687
0,0,0.1486484301410724
0,0,0.00016991271966277066
1,0,0.16947122676998164
0,0,0.16368152148855503
1,0,0.0951237708007396
0,0,0.38922515025904103
1,0,0.06465313154607805
0,0,0.04219610495001007
0,0,0.115054846126699
0,0,0.05561210076938996
0,0,0.0632167313228006
0,0,0.0959250535137285
0,0,0.08578228543643815
1,0,0.19000266043423078
0,0,0.16252618646441896
0,0,0.0773472500714245
0,0,0.05356662951725657
0,0,0.06613772045754814
0,0,0.18129747833889673
0,0,0.0911336643914614
0,0,0.09487730803393982
0,0,0.046171581212380554
0,0,0.0638730124900391
0,0,0.1245741673160765
0,0,0.09748518287021507
0,0,0.419837600081187
0,0,0.175948656372619
0,0,0.05424644874184796
0,0,0.12372353077308271
0,0,0.011781479432692607
1,0,0.12109753858121466
0,0,0.07646530667006184
0,0,0.07370619293604838
0,0,0.05671288914701705
0,0,0.02230926254978441
0,0,0.133538541500646
0,0,0.13139305096898649
0,0,0.10894620767545751
0,0,0.004818999119173207
0,0,0.00011197943551019096
0,0,0.04580555987740892
0,0,0.08664136402789074
0,0,1.37437544497512e-05
0,0,0.47483764254787014
1,0,0.2876963964931153
0,0,0.11963301718396072
1,0,0.290361753410732
0,0,0.06341665027069023
0,0,0.04225998997780286
0,0,9.759733331855041e-05
0,0,0.0319151216939856
0,0,0.12337249834971051
0,0,0.04019010308707065
0,0,0.31392962130033386
0,0,0.10081522684970406
0,0,0.12829810326798421
0,0,0.06466695469305388
0,0,0.06283647070735789
1,0,0.4125731525015788
0,0,0.07522285789007237
0,0,0.36044409440914876
0,0,0.08715903320391633
1,0,0.16154887401089443
0,0,0.06650975622437078
0,0,0.25300774436044154
0,0,0.22837259707010873
0,0,0.07092886276597665
0,0,0.05607610172805501
0,0,0.12583164481250866
0,0,0.09536953146327316
0,0,0.10893942289990621
0,0,0.06776581978181431
0,0,0.13625522545527236
0,0,0.11357122807015534
0,0,0.10597257740687002
0,0,0.06193408100712597
1,0,0.16394257244925878
0,0,0.098304779977168
0,0,0.22663129329208373
0,0,0.08923870193600275
0,0,6.36171917903607e-05
0,0,0.05430993674750642
0,0,0.10810511645534814
0,0,0.04312463554401967
0,0,0.09732843209753779
1,0,0.1562294727269046
0,0,0.1319218996715911
0,0,0.032357317156223024
0,0,0.055902693024982374
0,0,0.09822568475487027
0,0,0.09655391556954797
1,0,0.20081990689806237
0,0,0.05621872699176707
0,0,0.055847404167430545
1,0,0.1101951716268808
1,0,0.14979428905320147
1,0,0.0875348352192385
1,0,0.15289493458421996
0,0,0.07803416018724864
1,0,0.4557985560162279
0,0,0.07551418089758605
0,0,0.06861775914837097
0,0,0.04741797039926211
0,0,0.15530087845183213
0,0,0.10050057673835601
0,0,0.11567449728215634
0,0,0.13976033253916761
0,0,0.06957960829621564
0,0,0.05565645967451642
0,0,3.27738270090894e-05
0,0,0.08395636029688698
0,0,0.013551848203049794
0,0,0.27643596115046376
0,0,0.1255765166921668
0,0,0.10509017112885714
0,0,0.08101466415838986
0,0,0.09427796624363638
0,0,0.12792648153491062
0,0,0.18410958053031004
1,0,0.40684324000639255
1,0,8.412505135444144e-05
0,0,0.08096699575066632
0,0,0.11101994730313412
0,0,0.11609373835740405
0,0,0.16396591664107316
0,0,0.03014503714113106
1,0,0.14034715234277273
0,0,0.0735805853008071
0,0,1.4935768736538662e-08
0,0,0.055804778936852185
0,0,0.20045314320676155
0,0,9.860229946000793e-05
0,0,0.2897345281314749
0,0,0.1165521117299033
0,0,0.11625119684610985
0,0,0.0623364580361152
0,0,0.06609146350333
0,0,0.11485015266547818
0,0,0.05400971075937203
0,0,0.1836351357924206
0,0,0.08537060983780238
0,0,0.0325091158371255
0,0,0.01543431724189133
1,0,0.08115644910015495
0,0,0.02754822330074207
1,0,0.11571267849228627
0,0,0.2625985809385251
0,0,0.08936492057312517
0,0,0.06544406357489463
0,0,0.16934208692213784
1,0,0.08999836167757674
0,0,0.06935582642426825
0,0,0.05959070424528329
0,0,0.00022015297585441896
0,0,0.10607395767453305
0,0,0.07632031465192658
1,0,0.08757649528628456
1,0,0.14066415403335483
0,0,0.06895436880025697
0,0,0.02006378538356567
0,0,0.06294000290732005
0,0,0.11912423170062093
0,0,4.721517239989503e-05
0,0,0.07910791805952445
0,0,0.08932597364239397
0,0,0.16165972349555402
0,0,0.06541768891597224
1,0,0.15180856660434655
0,0,0.07438138184513104
0,0,0.05589236984919682
0,0,0.07186621212052857
1,0,0.12414236099748759
0,0,0.09095213289987965
0,0,0.0457045083583593
0,0,0.09945729116521909
0,0,0.251882356954429
1,0,0.22650323811719414
0,0,0.07446387051638552
0,0,0.17769011424795397
0,0,0.09148756173341656
0,0,0.0001450714008292532
0,0,0.07222687600708695
0,0,0.07963086678618769
0,0,0.056171343988579495
0,0,0.05790306435397886
0,0,0.12484935751338015
1,0,0.17621074143955875
0,1,0.9529525849813384
1,0,0.07381874581064103
0,0,0.14376380279990028
0,0,0.06294950719417428
0,0,0.11761590454218072
0,0,0.049736605037024
0,0,0.22872701807228984
0,0,0.08213852934862438
0,0,0.08208406496592953
0,0,0.10244169853344572
0,0,0.13243455458073217
0,0,0.33254019885898434
0,0,0.1160547477332483
0,0,2.1613279539864734e-05
0,0,0.12405922804656525
0,0,0.06496106520441883
1,0,0.15515106299190148
0,0,8.347748397138144e-08
0,0,0.1577279589950529
0,0,0.2141857469031762
0,0,0.1354113784421036
0,0,0.08983167736693468
0,0,0.07582681714938387
1,0,0.059098636101715424
1,0,0.083469598575226
0,0,0.07500269437025303
1,0,0.045531613188938794
0,0,0.08272234413292841
0,0,0.1017181883439791
1,0,0.1227395696798597
0,0,0.024482219431359815
1,0,0.0588422873498074
1,0,0.15229063130818607
0,0,0.11369715338037202
0,0,0.09676135999825267
1,0,0.21049498177400414
0,0,0.06431530476365241
0,0,0.10442895205082196
0,0,0.08656018981191096
0,0,0.08520200973396892
0,0,0.07903538057728689
0,0,0.08776546303045792
0,0,6.370338741314751e-05
0,0,0.06230155907761042
0,0,0.0504860072704246
0,0,0.04500374966045467
1,0,0.09605990556613725
0,0,0.07922901284028866
0,0,0.09000725138651268
0,0,0.1286989013734368
0,0,0.06875469919597552
0,0,0.11067339640450612
0,0,0.13564543578149743
0,0,0.09529316777886956
0,0,0.06608137213058372
1,0,0.058313298444955294
0,0,0.09487286203519665
0,0,0.0752762814377495
0,0,0.28499960073559155
0,0,0.0980029100848827
0,0,0.14909754875181183
0,0,0.061623332934581464
0,0,0.07382345204851438
1,0,0.07175877850532969
0,0,0.039365036581878
0,0,0.11366825934008688
0,0,0.125945198714216
0,0,0.3897089735740989
0,0,0.0847005143480038
0,0,0.1018681341491274
0,0,0.11691464193455423
0,0,0.0607114276645125
0,0,0.22840576277072955
0,0,0.08967052300100233
0,0,0.09283947724183912
0,0,0.049420850282553816
0,0,0.07889601101151866
1,1,0.5330601334068924
0,0,0.10313475318438811
0,0,0.18781424381011252
0,0,0.08896135709307817
0,0,0.12790485535872909
0,0,0.15831505592395853
1,0,0.06166394166945367
0,0,0.0663655978543107
0,0,0.09033618225460073
0,0,0.0670866605232984
0,0,0.07239743166771413
0,0,0.1457430292573255
0,0,0.11476861554008537
0,0,0.23631986480900738
1,0,0.1517991281898446
0,0,0.0631599153233232
0,0,0.04713172586833374
0,0,0.0787461855339347
0,0,0.08126449475713421
0,0,0.1336171196682905
0,0,0.11112960527370473
0,0,0.09582667088446194
0,0,0.14209401402595234
0,0,0.11318288947869452
0,0,0.22947107120286828
0,0,0.06899187602761463
0,0,0.00032071786936535134
0,0,0.06723249075334817
0,1,0.7922585717510248
0,0,0.12967635617020828
0,0,0.08013819577525587
0,0,0.10067581614720152
0,0,0.05784393275600138
0,0,0.06231542560742628
0,0,0.16565019074378529
1,0,0.23383799626299454
0,0,0.06818277919377322
0,0,0.07986749190194793
0,0,0.09689147236091303
0,0,0.2751918422552547
0,0,0.1041297522385389
0,0,0.11769586065632365
0,0,0.06546118484295692
0,0,0.1410209461642616
0,0,0.028624950143526506
0,0,0.13983269220567004
0,0,0.06575560182062336
0,0,0.017215283747893276
0,0,0.12038806085884239
0,0,0.06630963589779826
0,0,0.026179640242641234
1,0,0.2439812259216141
0,0,4.176553082846449e-05
0,0,0.04318462859041005
0,0,0.07017898297825283
0,0,0.16576787600239015
0,0,0.046636601744356056
0,0,0.105530033907369
0,0,0.033307855285734204
0,0,0.12164907888921961
0,0,0.0932550693606807
0,0,0.09080469257002892
0,0,0.03169026971411382
0,0,0.06696123919706887
0,0,0.055619249692250704
0,0,0.07602771184507623
0,0,0.00020907118769526026
0,0,0.05197863242069734
0,0,0.10717709941628481
0,0,0.086963254162127
0,0,0.1750948378759403
0,0,0.03784862720226001
0,0,0.08788794616378248
0,0,0.08276577996510737
0,0,0.07338686754228473
0,0,0.06189128094725748
0,0,0.021648366620677588
0,0,2.704343096753795e-05
1,0,0.06374051091576736
0,0,0.16970439776278545
0,0,0.05456625700205051
0,0,0.0831569339332309
1,0,0.07076275569833834
0,0,0.14951099269435614
0,0,0.11417937446041129
0,0,0.1570944026977916
1,0,0.0697490921452183
0,0,0.06565015532953225
0,0,0.21610390062659626
0,0,0.07364936837075145
0,0,0.09601871435691543
0,0,9.496956277816464e-05
0,0,0.10866978492026087
0,0,0.14142811580195372
0,0,0.12101176879884618
0,0,0.0569011570609835
0,0,0.06959446984486714
0,0,0.28879196150207503
1,0,0.09561074598999979
0,0,0.05124473247924954
0,0,0.09832532566877583
0,0,0.11948434495429003
0,0,0.11245843323757962
0,0,0.08611474779944961
0,0,0.10738116582550557
0,0,0.1514322934356699
0,0,0.26483846607065026
0,0,0.14669656561602273
0,0,0.09151972668566835
0,0,0.05223674296405547
0,0,0.11261944201436873
0,0,0.12948834492401995
0,0,0.3529491475331162
0,0,0.16984104070811246
0,0,0.056289656351099546
0,0,0.06596177096575187
0,0,2.405707609618106e-08
0,0,0.07766417961116154
0,0,0.09003278360947538
0,0,0.06533727910256751
0,0,0.08584563424261109
0,0,0.1039861641911677
0,0,0.15592516269930737
0,0,0.09234492575958142
0,0,0.07895001028082865
0,0,0.15591884952006
0,0,0.04350922076742544
0,0,0.1420225501560975
0,0,0.012117910179059433
1,0,0.17125760448592084
1,0,0.4361552471912385
0,0,0.11526802456823465
1,0,0.21581710252194278
0,0,0.110905610582393
0,0,0.056926295063856
1,0,0.16218134012240293
0,0,0.02576765675056072
0,0,0.10380141807054533
0,0,0.23461829069142143
0,0,0.08128368606121326
0,0,0.1278621100876301
0,0,0.09158917681085411
1,0,0.15223819403744535
0,0,0.18725093550417365
0,0,0.07290904060774633
0,0,0.1451009407153587
0,0,0.11469989484154064
1,0,0.24919873453713773
0,0,0.24553002838099897
1,0,0.1207715598781683
0,0,0.08610305153290329
0,0,0.09134171238257596
0,0,0.09201556524536376
0,0,0.09259841945187712
0,0,6.556436615452937e-05
0,0,0.058820560601728834
0,0,0.05015600037578909
0,0,0.0661279016909404
0,0,0.05577220368796841
0,0,0.08938191358966258
0,0,6.662452406130254e-05
0,0,0.11847707429399236
1,0,0.10736301342807048
0,0,0.06699002566369845
0,0,0.1593190112449475
0,0,0.05727531315389116
1,0,0.1259746723442969
0,0,0.04780952478166882
0,0,0.10708067591541094
0,0,0.050694347653015066
1,0,0.15488323832643064
0,0,0.1553856962700742
0,0,0.06796620470242613
0,0,0.08305278651343742
0,0,0.09219706028036403
0,0,0.17571091846075973
0,0,0.11758583468874348
0,0,0.06442955015177079
0,0,0.009259586600198289
0,0,0.15116524788850416
0,0,0.03225345163552259
0,0,0.0904170987129186
0,0,0.06473235794146243
0,0,0.05673737155093419
0,0,0.10361586187051917
0,0,0.18955741559826905
0,0,0.1092514437190292
0,0,2.4437215444762196e-05
0,0,0.06030197801507432
0,0,3.952940895493428e-05
0,0,0.1105483122259738
0,0,0.066872843741685
1,0,0.40750330321429074
0,0,0.14404304586374828
0,0,0.04180062438802851
0,0,0.05523627292811123
0,0,0.12136260132788838
0,0,0.07140047651556082
0,0,0.08133439245144347
0,0,0.13069495221733923
0,0,0.0862757650198587
0,0,0.09331083744856078
0,0,0.16583458148188546
0,0,0.27076952838439644
0,0,0.13122243573728473
0,0,0.12068627693374082
0,0,0.12135384622690178
0,0,0.13139935259556454
1,0,0.16022975444008306
0,0,0.12701526334392393
0,0,0.050551613349617254
0,0,0.09359638116206899
0,0,0.07263513565786751
0,0,0.08394058272744269
0,0,0.11582915068593995
0,0,0.06201679439192826
1,0,0.052231135954092775
0,0,0.09289436290359314
0,0,0.05246094928207356
0,0,0.12093537193846168
0,0,2.7987336232592863e-05
1,0,0.0922645586021391
0,0,0.07599571402921868
0,0,0.10193305404233836
0,0,0.011850119331891742
0,0,0.254998057779708
1,0,0.1065284028287544
0,0,0.017844636345533033
0,1,0.6389459988379707
0,0,0.18047232285397175
0,0,0.05989919293440965
0,0,0.07101255240507508
0,0,0.04299730762427501
0,0,0.09012044481870679
0,0,0.09096032519930633
0,0,0.07255055376920887
0,0,0.018140451327540927
0,0,0.04541598113072601
0,0,0.0528306959465835
0,0,0.054132489847115495
0,0,0.07105493766917594
0,0,0.15536525455811298
0,0,3.2677521529285944e-09
0,0,0.12354231893964591
0,0,0.08072720757291021
0,0,0.09546744868379983
0,0,0.06134949567095177
0,0,0.10923279670687207
0,0,0.06590330153051671
0,0,0.11891154785633266
0,0,0.1321725641920878
0,0,0.0702097264000641
0,0,0.06742872095868982
0,0,0.11855071799058291
0,0,0.045829531235831195
1,0,0.11816093755026368
0,0,0.14800236499854555
0,0,0.21233011156401047
1,0,0.07156099804755009
0,0,0.08892685713531534
0,0,0.09432035034546168
0,0,0.08979104577475332
0,0,0.0395142125565747
0,0,0.19883500165957688
0,0,0.09215948381776486
0,0,0.11428514691018236
1,0,0.12260911560735407
0,0,0.0679522779408747
0,0,0.2748161856661218
1,0,0.4698880665265669
0,0,2.5291828982325563e-05
0,0,0.07459497413956627
1,0,0.26927941430527513
0,0,0.09600418371370062
0,0,0.06457407049213493
0,0,0.14653591894907123
0,0,0.33185566294172486
0,0,0.07949055807403047
0,0,0.08841312044733579
0,0,0.1432342231786113
0,0,0.09337644638418136
0,0,0.1506564120478801
0,0,0.28509752672350847
0,0,0.13927458907316062
0,0,0.07259739397585302
0,0,6.510023743645545e-06
1,1,0.5203920292595803
0,0,0.0844930845270536
0,0,4.4517214520862094e-05
0,0,0.02695576965032819
0,0,0.07938571180547978
0,0,0.07599359464552984
0,0,0.2180698792675252
0,0,0.0775227699859795
0,0,0.19776228567594306
0,0,0.13794639913686366
0,0,0.04068355404465457
0,0,0.06266723669976176
1,0,0.2165480509373009
0,0,0.14429345749620504
0,0,0.051424123678831604
0,0,0.13088224227462872
1,0,0.04063460697439251
0,0,0.25139310583773744
0,0,0.21163584376209735
0,0,0.07886480459849757
0,0,0.10735269241834534
0,0,0.15394392459063422
0,0,0.1674591139546557
0,0,0.07624889868237744
0,0,0.17066515644660332
0,0,0.14806667403815757
0,0,0.334834067217898
0,0,0.09501989537846794
0,0,0.14505142700763055
0,0,0.03318868595281143
0,0,0.09350298278771262
0,0,0.05260616725751099
1,0,0.08552129283255194
0,0,0.12019290906098987
0,0,0.0672700105019769
0,0,0.1354631045222087
0,0,0.11128607646364493
0,0,0.10722880715360363
0,0,0.104592837396478
0,0,0.11678031275863907
0,0,0.22599578428726735
1,0,0.09110993381360537
0,0,0.09001171081514446
0,0,0.10545555097208903
1,0,0.15714407167921737
0,0,0.00011351521173528005
0,0,0.12428552700038317
0,0,0.05420545213458444
0,0,0.14819359499867493
0,0,0.10658487558638645
0,0,0.20916797014827151
0,0,0.06671765007107937
0,0,0.08327356455822599
0,0,0.06865973498344848
0,0,3.312719187318211e-09
0,0,0.19776159660966802
0,0,0.20140698092131512
0,0,0.2464542987004367
0,0,0.05279099581881859
0,0,0.11086258611275253
0,0,0.0807654554445
0,0,0.10785420500517266
1,0,0.07611346232575344
0,0,0.018432765595908965
0,0,0.07211946179803833
0,0,0.04608427723744512
0,0,0.34069674796713334
0,0,0.12823029037683997
0,0,0.21392949850189324
0,0,0.030970449825019078
0,0,0.00010271263311809094
0,0,0.07386993754669333
0,0,0.06199717899425187
0,0,0.0826855938967402
0,0,0.12113459031839657
0,0,0.05734846274187702
0,0,0.12789401272007625
0,0,0.2782227369434941
0,0,0.08719218062681058
0,0,0.046130091768673644
0,0,0.07183580263136044
0,0,0.22000917095886494
0,0,0.18278936951903346
0,0,0.13617685650337122
0,0,0.1608172008860341
0,0,0.07095965167132916
0,0,0.16668814769175833
0,0,0.10049829367776364
1,0,0.0753779085982798
0,0,0.12315045187385158
0,0,0.1534528340876833
1,0,0.08603076052191805
0,0,0.1858208034649054
0,0,0.0010477711564088289
0,0,0.05460676623777535
0,0,3.3661998567443436e-05
0,0,0.1967456818223712
0,0,0.06898477966010134
0,0,0.18790883798283614
0,0,0.0966381358306849
0,0,0.09908060782906682
0,0,0.04337049229683989
0,0,0.06733312006560303
0,0,3.383128123687666e-05
1,0,0.07498090116285881
1,0,0.20999173336102728
0,0,0.10158558293075905
0,0,0.03427647299722141
0,0,0.1265026236407509
1,0,0.18386738976140093
0,0,0.1674061756696466
0,0,0.04733998972718407
0,0,0.100886912622551
1,0,0.09742885129508144
0,0,0.0840723033957111
1,0,0.11390805748545048
0,0,0.11276392511260773
0,0,0.04828833100232855
1,0,0.055885035525119184
1,0,0.16117233441526752
0,0,0.10048317915696581
0,0,0.08093581568861201
1,0,0.06026719352588955
0,0,0.11719387323900764
0,0,0.11953424525171316
1,0,0.08991515444546558
0,0,0.08998005149032287
0,0,0.025291983196847587
0,0,0.25199360110334834
0,0,0.10309335369734812
0,0,0.14347915174747053
0,0,0.0006767418378473925
1,0,0.08612112329637535
0,0,0.11412412780965235
0,0,0.0775365025641833
0,0,3.814598725069328e-05
1,0,0.1562741014091998
0,0,0.09509273710587124
0,0,9.277643824072426e-05
0,0,0.24728358988869292
0,0,0.09347293460672734
0,0,0.098268117458437
0,0,0.10145265009814382
0,0,0.09762456013779275
0,0,0.162556742043406
0,0,0.00016465469262083514
0,0,0.07918963730884618
0,0,0.06787051358239818
0,0,0.07612462266202422
0,0,0.0005673091173493029
0,0,0.23057793770182508
0,0,0.04587378998493293
0,0,0.13600065214034704
1,0,0.06536160560446526
0,0,0.07093013775229519
0,0,0.15262057326314923
0,1,0.5091415257489347
0,0,0.14254532808393303
0,0,0.14203797546779934
0,0,0.12148151935377136
0,0,0.10172443735697062
0,0,0.12162230516596008
0,0,0.1494749594059316
0,0,0.0823538429432219
0,0,0.049244072898561454
0,0,0.10478016894537327
0,0,0.1592409433798524
0,0,0.11006509516656034
1,0,0.10398715497155721
0,0,0.17157453121602542
0,0,0.09278173138340133
0,0,0.05057314745673197
0,0,0.07777566099425734
0,0,0.3304982569768816
0,0,0.06952989363479932
0,0,4.97031257039182e-06
1,0,0.1901324362007929
0,0,0.09894135406087386
0,0,0.11579207289015452
0,0,0.14684717910361286
0,0,0.3421048315942041
0,0,0.09955253174922073
0,0,0.06449274788534176
0,0,0.1327841620155569
0,0,0.05771526454358245
1,0,0.24348506685584326
1,0,0.08676200806767473
0,0,3.99334451866571e-05
0,0,0.19449044606740037
0,0,0.11270908250413182
0,0,0.10592018418923956
0,0,0.08342941670692879
0,0,0.2982618742552231
0,0,0.08897797978745145
1,0,0.09988774234659324
0,0,0.15646884143655132
0,0,0.08711952708537701
0,0,0.040410231774416806
0,0,0.11822843178208686
0,0,0.04397763375741075
0,0,0.08548985616173926
0,0,0.2016042176813064
0,0,0.0544584855488882
0,0,0.07549653642137455
0,0,0.10291845124556288
0,0,0.11162939388938262
0,0,0.3843702503486068
0,0,0.04276727653612742
0,0,0.10021706562006118
0,0,0.10766266755447669
0,0,0.06966293330284927
1,0,0.06776378455978051
0,0,0.10007310318898871
0,0,0.04024600337912526
0,0,0.11263069057753
0,0,7.07444025379349e-05
0,0,0.051531549064552366
0,0,0.0824905160272355
0,0,0.08151029236743237
0,0,0.030190231024587014
0,0,0.04706799964810098
1,0,0.09265936331398912
0,0,0.057274979039014066
0,0,0.040911065334655376
1,0,0.10168537767281105
0,0,0.09571334591483434
0,0,0.11162771109896454
0,0,0.03553013683732685
0,0,0.11378668126483109
0,0,0.22345244209013124
0,0,0.3849746581058875
0,0,0.07552873811957789
0,0,0.30572547397327693
0,0,0.15580006732164547
0,0,0.08385214098750944
0,0,0.12212565587855509
1,0,0.11757559177117924
1,0,0.10446954502888108
0,0,0.1250070279237732
0,0,0.08723592902115042
0,0,0.054603868309481336
1,0,0.04645452236751359
0,0,0.10940326149358373
0,0,0.06258826876077783
0,0,0.10489699318776265
0,0,0.10041324350486305
0,0,0.2287369537144052
0,0,0.06547273670815403
0,0,0.3952875665494972
0,0,0.07798748021484124
0,0,0.05376170278121027
0,0,0.07664963299802686
0,0,0.1629195603277845
0,0,0.15841623029083224
0,0,0.1356648256724023
0,0,0.0633436413954668
1,0,0.06863613754124213
0,0,0.06223062713389944
0,0,0.05894728677184595
0,0,0.11858740225884151
0,0,0.12545625705326702
0,0,0.15246179888845507
0,0,0.11767847034847662
0,0,0.09975419993844092
0,0,0.19552322258841734
0,0,0.16235166606133303
0,0,0.08191588222249058
0,0,0.02329028500508633
0,0,0.06472260428358748
0,0,0.20086811449828598
0,0,0.05503445528620844
0,0,0.01998927678712571
1,0,0.05931377362442487
0,0,0.08430598956594533
0,0,0.24538955572345225
0,0,0.10374150292095999
1,0,0.22217919498071667
0,0,0.15616106054125092
0,0,0.06890350892077518
0,0,0.19670190161168727
0,0,0.08868696463509035
0,0,0.08987365904441587
0,0,0.13726110148224213
0,0,0.17639715327295527
0,0,0.07212122246915273
0,0,0.1733200129173705
1,0,0.08005099613662205
0,0,0.09276212214035597
0,0,0.17416086919731572
0,0,0.07705791619882738
0,0,0.09111869674888606
0,0,0.10041164924159654
0,0,0.047661919211678005
0,0,0.145245134748692
0,0,0.07919719120940646
0,0,0.12303980844576065
0,0,0.10139244453315704
0,0,0.0812517686641434
0,0,0.0617452302795093
0,0,0.1021874036106394
0,0,0.10108773055499595
1,0,0.06979437617658792
0,0,0.04007594510246338
0,0,0.10415052782468719
0,0,0.15748007940518538
0,0,0.0836855062268434
0,0,0.08936984965763475
0,0,0.11133577998847445
0,0,0.1615138165173259
0,0,0.08773158400513933
0,0,0.10016575870809233
0,0,0.015294009746449917
0,0,0.04763058978698733
0,0,0.06684009171351936
0,0,0.08606462623909257
0,0,0.07188597045280033
1,0,0.1275212991154008
0,0,0.05353807732427886
0,0,0.06458845667738919
0,0,0.07334936115469164
0,0,0.36863563744026556
0,0,0.12541037135245223
0,0,0.06567232037512463
0,0,0.28606914304228864
0,0,0.1276449532902512
0,0,0.043865402766669906
0,0,0.07486351290742406
0,0,0.1659661219484846
0,0,0.0731036014956591
0,0,0.09777156787043229
0,0,3.630280696780482e-05
0,0,0.049471289155598515
0,0,0.1247475560820108
1,0,0.07328022326301441
0,0,0.15533229457188102
1,0,0.05589087458330834
0,0,0.12610070064996995
0,0,0.07741598490773964
0,0,0.11054876626441495
0,0,0.13653577308232856
0,0,0.00017144527169086365
1,0,0.1350693870789941
0,0,0.16531394439217742
0,0,2.085237556930104e-05
0,0,0.08700076400403914
0,0,0.06132723560355024
0,0,0.08892438570973407
0,0,0.06400185861611941
0,0,0.13901973004958834
0,0,0.09293407138143349
0,0,0.1383108632505091
0,0,0.0959526932668504
0,0,0.047327080121907374
0,0,0.0437742979326016
0,0,0.10710236520975336
0,0,0.09091363263381594
0,0,0.1553574705570379
0,0,0.12468485067736335
0,0,0.07942201443976893
0,0,0.03698584727561462
0,0,0.1871473164644321
1,0,0.2680757335929355
0,0,0.1913156404002427
0,0,0.08052365399069657
0,0,0.27992935283818515
1,1,0.5530360847256827
0,0,0.16588961784220138
0,0,0.0358790280986721
1,1,0.6161544629021491
0,0,0.08607475610029316
0,0,0.13313546694439463
1,0,0.07034293761301724
0,0,0.10885530831916747
0,0,0.077423959126716
0,0,0.05910573231206662
0,0,0.07441655517745879
0,0,0.08740929624430187
0,0,0.07436277628190457
0,0,0.07837077086918186
0,0,0.02777547214205204
0,0,0.11942539956046594
0,0,0.07419765407497261
0,0,0.11503043170041477
0,0,3.1917743398278075e-05
0,0,0.1298571906247886
0,0,0.11118032946694176
0,0,0.1068144642950026
0,0,0.36420417270802813
0,0,0.0928209149939248
0,0,0.0956283062630793
0,0,0.13831847630881877
0,0,0.09601199085660872
0,0,0.06743197162319131
0,0,0.0857371474337956
0,0,0.17125674873643526
0,0,0.15026382180875986
0,0,0.09262580557354344
0,0,0.17474676732385594
0,0,2.884470184326556e-05
0,0,0.06887464495515835
0,0,0.05409144024563032
0,0,0.04611549004144989
1,0,0.0957677285699372
0,0,0.029977433414228215
0,0,0.048255241911510996
0,0,0.2220962879590898
1,1,0.5301661969079982
0,0,0.15238094799975896
0,0,0.3768389463455796
0,0,0.32324761106671374
0,0,0.10961360525984727
0,0,0.07657317177825743
0,0,0.03486154249858151
0,0,0.10083632664974757
0,0,0.08778474449755141
0,0,0.10472204696800885
0,0,0.05479785365992702
0,0,0.11483067600494908
0,0,0.07477827578411202
0,0,0.11052867378860273
0,0,0.07419361660161342
0,0,0.11156695160765792
1,0,0.10794712843638568
1,0,0.07060439359907802
0,0,0.06965628541264773
0,0,0.1010858729233417
0,0,0.014200031848214325
1,0,0.12598652194477092
0,0,0.08229776880890112
0,0,0.11874904157368316
0,0,0.1696086191545525
0,0,0.05600339971448925
0,0,0.04531692080041563
0,0,0.08020318990150524
0,0,0.04368753060077221
1,0,0.08135738196308497
0,0,0.00044596860372891976
0,0,0.1160851838096324
0,0,0.14549314374736613
0,0,0.07530268299294726
1,0,0.024571663649643544
0,0,0.15806724880318165
0,0,0.11623348423090972
0,0,0.05445432553327098
0,0,0.12330435948108902
0,0,0.12060601372981643
0,0,0.08073995742233459
0,0,0.13759445462451644
0,0,0.1898465630961676
0,0,0.16014231028020454
0,0,0.04318629678214407
1,0,0.12732891589104325
0,0,0.043766783259176226
0,0,0.05695531236317401
0,0,0.12013516595799704
0,0,0.09864863981870495
0,0,0.09579016060987591
0,0,0.08715407721876346
0,0,0.27974596027884674
1,0,0.055989620044784444
0,0,0.08287328607829085
0,0,0.11708009405690148
0,0,0.13994508643742387
0,0,0.09284686520265424
0,0,0.10139269644041334
0,0,0.0946193269752059
0,0,0.03538354327982779
0,0,0.06382667573402868
0,0,0.04204820849383517
0,0,0.08424185315167745
0,0,7.866087477106638e-05
0,0,0.036626912941264037
0,0,0.14307814952034464
0,0,0.06790457411438196
0,0,0.07814309811793493
0,0,0.06329792739317477
1,0,0.2010206914645688
0,0,0.1853780558838944
0,0,0.022346895033239795
0,0,0.28437445835254854
0,0,0.14991334997535266
0,0,0.19462496423951992
0,0,0.06037387498050948
0,0,0.1357104136131051
0,0,0.10463425611999545
0,0,0.11162133835325408
0,0,0.10336537522128961
0,0,0.1446746836005221
0,0,0.10050923942529437
0,0,0.02103070568300458
1,0,0.420466424384934
0,0,0.12536907114069237
0,0,0.1543932191674151
0,0,0.09449132320693326
1,0,0.0860723683045833
0,0,0.07102931235984676
0,0,0.10489487735031851
0,0,0.11494859898947137
0,0,0.14462948876012072
0,0,0.09509629918915316
0,0,0.11085368104007359
1,0,0.31642380996494585
0,0,0.0719285445991374
0,1,0.5068945819034979
0,0,0.1042423659918099
0,0,0.3459315564072226
0,0,0.12497497010038386
1,0,0.16174378525296879
0,0,0.06923995891538422
1,0,0.16607568216321547
0,0,0.0553892461061799
1,0,0.11132029528939517
0,0,0.09056383582496963
0,0,0.15063766839323922
0,0,0.07725080691308686
0,0,0.06331015694418529
0,0,0.06116285819245164
0,0,0.14187668818714388
0,0,0.0600286422139052
0,0,0.06684835334906773
0,0,0.07059750609168887
1,0,0.05529946656845753
0,0,0.03957358723572575
0,0,0.10646642160884037
0,0,0.016953889093884865
0,0,0.09157988524924666
0,0,0.08549242910739804
1,0,0.21964595878289858
0,0,0.06589400294044184
0,0,0.12095455296047716
0,0,0.07500357162356773
0,0,0.06494588026308358
0,0,0.021240502998983384
0,0,0.00024324255796559556
0,0,0.1703385116611676
0,0,0.09215605167488271
1,0,0.10946584454861345
0,0,0.06646062620386797
0,0,0.13094387803656282
0,0,0.06518299618794844
1,0,0.3602190445407253
0,0,0.13023837879712583
0,0,0.11809503859324122
0,0,6.991550465860716e-05
0,0,0.10393869552569363
0,0,0.08210972525263616
0,0,0.2134522972666626
0,0,0.08928086364445814
0,0,0.06595151022020879
0,0,0.06621472649237728
0,0,0.1482615212145698
1,1,0.6604510331692346
0,0,0.10331159029337907
0,0,0.09451312147507651
0,0,0.08651825022501322
0,0,0.1875076486778215
0,0,0.07743174996863318
0,0,0.10566963235758565
0,0,0.12154085855060513
0,0,0.03598465929830915
0,0,0.08500016864500573
0,0,0.1577170860059069
0,0,0.05755516822024821
0,0,0.11519839647356164
0,0,0.07135384656898941
0,0,0.12552485593531365
0,0,0.18267311337217798
0,0,3.3462981725321536e-07
0,0,0.1137284386297231
0,0,0.028918339545090186
0,0,0.1408799356750211
0,0,0.05849206712469209
1,0,0.1085578358971733
0,0,0.22048974787694986
1,0,0.08699031409818565
0,0,0.06572330074554066
1,0,0.11567831355487881
0,0,0.11362534670389005
0,0,0.09250390768136167
0,0,0.05211465978753685
0,0,0.19790756054247466
0,0,0.08129530083837604
0,0,0.08782915858375742
0,0,0.21540471888625526
0,0,0.03351421344897942
0,0,0.10316000578013046
0,0,0.0630616670352957
0,0,0.10450601836259298
0,0,0.030344909456867925
1,0,0.1358886910439099
0,0,0.05894510313074142
1,0,0.10868539289781089
0,0,0.03338277568427924
0,0,0.20625635684951554
0,0,0.10999058665881509
0,0,0.14027725964160742
0,0,0.06384922723527478
1,0,5.42927220688596e-05
0,0,0.05463315644891001
0,0,0.10948500409739459
0,0,0.07567052177986984
0,0,0.11047642461319958
0,0,0.18951809024685282
0,0,0.0824514060929066
0,0,0.30634935188055895
1,0,0.14145832831036487
0,0,0.07585483541673818
0,0,0.1598665003011626
0,0,0.08145618972069815
0,0,0.0643407734260134
0,0,0.06376291725522898
0,0,0.16802778121896556
0,0,0.12607466373647602
0,0,0.05602374604025455
0,0,0.10631258501720171
1,0,0.10748631009804124
0,0,0.12536231221977812
1,0,0.07710180321155405
0,0,9.71591898799312e-05
1,0,7.804843200772862e-05
1,0,0.15881621623423187
1,0,0.1991986126087922
0,0,0.42940414361329177
0,0,0.11297035705503743
0,0,0.1631164207562281
0,0,0.09760116298389698
0,0,0.09821450767613288
0,0,0.21240644767518999
0,0,0.07820946035323359
0,0,0.09743647919663591
0,0,0.0859078034700008
0,0,0.1188944879734454
0,0,0.05960905526704049
0,0,0.13744861582932832
0,0,0.11492829926536134
1,0,0.22744424518786494
0,0,0.10918236059708492
0,0,0.052896887421671555
0,0,0.08099595666801239
0,0,0.06353807126432742
0,0,0.08468847293567393
0,0,0.07932299574213382
0,0,0.06538112974744818
0,0,0.08739841202308132
0,0,0.11703312486656378
0,0,0.11078358985509348
0,0,0.054239607258572214
0,0,0.1143013393541373
0,0,0.06446069231073089
0,0,0.0915598520966709
0,0,0.07473949958287174
0,0,0.0679604935978154
0,0,0.09353132169502983
0,0,0.07159929651468835
0,0,0.06894030320502333
0,0,0.2983695404827772
0,0,0.08192486490338723
0,0,0.07031369556840532
0,0,0.11366966259610008
0,0,0.06813492050222959
0,0,0.0767153579175208
0,0,0.09945060818017691
0,0,0.08241014806650002
0,0,0.039914937823943085
0,0,0.12221441045664343
0,0,4.9483610049501394e-05
0,0,0.12447545552402738
0,0,0.13723181207962962
0,0,0.09916840308862049
1,0,0.19731084320596026
1,0,0.07925295233013208
1,0,0.1477671143341567
0,0,0.054728845031192
0,0,0.07319266733659778
0,0,0.05842799651804204
0,0,0.11032911811480987
0,0,0.08522893827811821
0,0,0.0773201193932778
1,0,0.25465415940449937
0,0,0.06822161708128323
0,0,0.08649587100306684
0,0,0.08649960076117935
0,0,0.04711299148832099
1,0,0.12311811659907697
0,0,0.06240532399708803
0,0,0.07851265024304252
0,0,0.016038844628669755
0,0,0.2603664116378422
0,0,0.16726882105742547
0,0,0.17565155858688708
1,0,0.1577433087989011
0,0,0.09288104927667987
0,0,0.008668933997403473
0,0,0.05964432626174127
0,0,0.1405400057502489
0,0,0.09030456328354085
0,0,0.06763603865268292
0,0,0.2534090859336677
0,0,0.07297496240153775
1,0,0.1190123543974705
1,0,0.20927166430515912
0,0,0.10226251738901995
0,0,0.36609158338301534
0,0,0.09517468501225262
0,0,0.1941785743784247
0,0,0.15661321573482376
0,0,0.12994946259925036
0,0,0.12478891460370656
0,0,0.11628849614632583
0,0,0.06256911818091068
0,0,0.24137837810245755
0,0,0.20826443342569032
0,0,0.10704664470450574
0,0,0.16600318745692463
0,0,0.1802852171354382
0,0,6.869690826063813e-05
0,0,0.11725360359594472
0,0,0.09224044989855927
0,0,0.05302549865300098
0,0,0.3306997466174894
0,0,0.09327531310130567
0,0,0.05349287959238962
0,0,0.08770950200888952
0,0,0.1849526374724021
0,0,0.053654062782914715
0,0,0.050542065019833146
0,0,0.048648340930007
0,0,0.0644192858218599
0,0,0.10633237404290362
0,0,0.09880086620142785
0,0,0.1079702611717785
0,0,0.06299403610354386
0,0,0.16378838144280616
0,0,0.07550270539930262
0,0,0.17704466408647643
0,0,0.07937008199287578
1,0,0.15760319065589173
0,0,0.07197154829550473
0,0,0.12601275236294449
0,0,0.08064537662238158
0,0,5.660457995673143e-05
0,0,0.16765032716383593
0,0,0.1253297694517721
1,0,0.12131839004372141
0,0,0.13014804344299527
0,0,0.1790958182630115
0,0,0.0803366709418354
0,0,0.06631776008311774
0,0,0.05004538404114914
0,0,0.141258632111908
0,0,0.05703320140797886
0,0,0.21717222030946895
1,0,0.11263344035265485
0,0,0.22873416384382975
0,0,0.10303778377929873
0,0,0.11909644313359677
0,0,0.07435900532178118
0,0,0.10131820952069681
0,0,0.05992450999601605
0,0,0.12409024760936191
0,0,0.04064621242157238
0,0,0.14355950709105275
1,0,0.40253519112713165
0,0,0.0386930870083499
1,1,0.5248984475458178
0,0,0.079069176842155
1,0,0.10399849742519869
0,0,0.1336348254666993
0,0,0.07863871229550706
0,0,0.05994490754562608
0,0,0.19988214470283042
0,0,0.07504480260395692
0,0,0.12471087035930223
1,0,0.03833586731751497
0,0,0.11484241032855631
0,0,0.04115976555436671
0,0,0.05336379209196986
0,0,0.06922281130472217
0,0,0.2008375294449001
0,0,0.05025170641839819
0,0,0.09397715466860064
0,0,0.08192147039247116
0,0,0.11347637233401885
0,0,0.234742208442609
0,0,0.12059879264589332
0,0,0.13499957530621448
0,0,0.048700630726707404
0,0,0.15358187045686497
0,0,0.11091468510804312
0,0,0.0913465029033778
0,0,0.03619104232345708
0,0,0.1577135870447499
0,0,0.17504457361769285
0,0,0.07226143781482519
1,0,0.3256168490179217
0,0,0.09683425133147454
0,0,0.024498909942863904
0,0,0.06391957088754027
0,0,0.1296132470746386
0,0,0.0988145850198798
0,0,0.0765593137888481
0,0,0.11828219696370103
0,0,0.17572856009739557
0,0,0.13561237493932965
1,0,0.07053554741135472
1,0,0.00013030501362978406
0,0,0.21811890978956863
0,0,0.048519355564512805
0,0,0.07150881451148922
0,0,0.1730185211795719
0,0,0.11346487871410149
0,0,8.414911140560448e-05
0,0,0.11007873846105765
0,0,0.11084937253311976
1,0,0.05713393916880586
1,0,0.12075303321586646
0,0,0.1588426018190324
0,0,0.10093940497611271
0,0,0.12027288659091764
0,0,0.16940084032750774
0,0,0.07222899664589075
0,0,0.10073400082636566
0,0,0.05968918659625414
0,0,0.215433487995093
0,0,0.1263318158401325
0,0,0.14184253070162967
0,0,0.07677712532698834
0,0,0.11076102020769162
0,0,0.12145010075904855
0,0,0.03356536116760263
0,0,0.07992424338052027
1,0,0.10508865680519007
0,0,0.08808235249786127
0,0,0.05567595542623422
0,0,0.2777056975061976
0,0,0.12413216515526328
0,0,0.05406548497351907
1,0,0.1520113461055018
0,0,0.10093949472763786
0,0,0.2679814825469859
0,0,0.0788129590017504
0,0,0.07785390340181095
0,0,0.06853877142657065
0,0,0.09059092064008506
0,0,0.1587457593339408
0,0,0.10154018452571872
0,0,0.12144656384264071
1,0,0.0554034240294572
1,0,0.18189672237530505
0,0,0.0574452950439309
0,0,0.07617896072249722
0,0,0.04335478637587256
0,0,0.03710832284846594
0,0,0.08592107529507383
0,0,0.1742188195393298
0,0,0.11391719575314391
0,0,0.1555219674290963
0,0,0.040166842524990656
0,0,5.206477734126071e-05
0,0,0.06152826283810883
0,0,0.12445763312955807
0,0,0.048295150087575414
0,0,0.18465228737655565
0,0,0.05579176014717692
0,0,0.15658488905333348
0,0,5.18399313471033e-05
0,0,0.056028150170182596
1,0,0.21737392321236823
0,0,0.12026234077827641
0,0,0.1327205873438921
0,0,0.11459787302516845
0,0,7.372184626509196e-05
0,0,0.12167671589058009
1,0,0.27052762738643077
0,0,0.15606274733430858
0,0,0.14180681204657983
0,0,0.12116638709535808
0,0,0.06528236746373266
0,0,5.063768315928856e-07
0,0,0.22582436592388477
0,0,0.04029166877494109
0,0,0.059742384127874575
0,0,0.3040520368017236
1,1,0.8650452250656606
1,0,0.08691501468498003
0,0,0.07570071318201517
0,0,0.06824189798521949
0,0,0.18549007234008935
0,0,0.071585036036891
0,0,0.23285207745072
0,0,0.0929185974541174
0,0,0.1533281596907853
0,0,0.15792141912530547
0,0,0.24916091161774334
0,0,0.23362836915264054
0,0,0.09327108629295401
0,0,0.07296195118825734
0,0,0.11190595694503652
0,0,0.17788197303581849
0,0,0.22483910112627303
0,0,0.26800078715844333
0,0,0.07020021639728627
0,0,0.05415906788854578
0,0,1.7028615345181648e-06
0,0,0.11256275545919553
1,0,0.07048790343867666
1,0,0.24879608070854098
0,0,0.00018706207673266936
0,0,0.11435012016208747
1,0,0.13150356761964915
0,0,0.03270629851572088
0,0,0.22772006297049074
0,0,0.08748196822375115
0,0,0.12242370880921666
0,0,0.049490682028573124
0,0,0.08313599624530144
0,0,0.015685227905901874
0,0,0.00010996047293162492
0,0,0.14778963873735962
0,0,0.0645061274914313
0,0,0.10704218097574339
0,0,0.09771153168925767
1,1,0.5306743212628567
1,0,0.06983255502831258
0,0,0.07674345340307588
0,0,0.03403877323150078
0,0,0.006497314024133852
1,0,0.06568129552182109
0,0,0.03630541519430101
0,0,0.33593881910607176
0,0,0.13900894883151774
1,0,0.05289923464191916
0,0,0.09215208459713443
0,0,0.0573976061740483
0,0,0.07100713469754998
0,0,0.10306978459730626
0,0,0.06095975797661828
0,0,0.019606371301202748
0,0,0.0986397711935749
0,0,0.14905365356727326
0,0,0.09970305360903517
0,0,0.08845713267831562
0,0,0.05770738586772175
0,0,0.08264045188621774
0,0,0.0728800711639081
0,0,0.09450220421134566
0,0,0.02867344837240787
1,0,0.09603971970024738
0,0,0.06474100296517106
0,0,0.0632617958138604
1,0,0.10386643726830744
0,0,0.06304932104172409
0,0,0.13204100721599837
1,0,0.19960948140655427
0,0,0.2778909755504229
0,0,0.09011149529403538
1,0,3.0098765731933755e-05
0,0,0.15238396299785878
1,0,0.10664192726461028
0,0,0.05476421820067758
0,0,0.12691554131255542
0,0,0.11085028580523638
0,0,0.08454798680507918
0,0,0.09417283626044941
0,0,0.2247916932301433
0,0,0.04714125158587843
0,0,0.17315815611967675
0,0,0.08557341148239203
1,0,0.16681822381572753
0,0,0.10668402547232013
0,0,0.0001598579474984177
0,0,0.04912690207521759
0,0,0.1617731479684108
0,0,0.11573366678764951
0,0,0.06989058583461456
0,0,0.1244410012670004
0,0,0.08890990276457847
0,0,0.04260273366725801
0,0,0.1996142700704373
0,0,0.1518907314314623
0,0,0.08878621206442043
0,0,0.06708935453695317
0,0,0.10622029315448422
0,0,0.06353143302246923
0,0,0.16626280204099245
1,0,0.2747820166265405
0,0,0.11215211693669094
1,0,0.1006780228635437
0,0,0.19592288496518767
0,0,1.6964932291443036e-05
1,0,0.29696502239795
1,0,0.1385983827096133
1,0,0.07649473295101661
0,0,0.1285756663405277
0,0,0.06994786840854614
0,0,0.15433999836657752
0,0,0.15347690243727286
0,0,0.06933884658381625
1,0,0.056213865967827376
0,0,0.08616157533968771
0,0,0.11862652844535099
0,0,0.1898166003805866
0,0,0.09251394560459646
0,0,0.24173983198246565
0,0,0.08303388839141007
0,0,0.15964287958355106
0,0,0.05011124643200473
1,0,0.11826979811173671
0,0,0.12702962707154214
1,0,0.04808062632802945
0,0,0.06773371558948131
0,0,0.032973636406148546
0,0,0.08734946821455122
0,0,0.08980644954554554
0,0,0.329570169871599
1,0,0.08635449476495417
0,0,0.0451867004003854
0,0,0.057372800126132925
0,0,0.1484564771601242
0,0,0.10911949682841333
0,0,0.18532330760719287
0,0,0.17016566728811516
0,0,0.10032029213577191
1,0,0.06419532630171725
0,1,0.580904048219975
0,0,0.12555186743563568
0,0,0.056340817565143246
0,0,0.05371683369641204
0,0,0.0939084533990005
0,0,0.12316334985867093
0,0,0.09863522685778979
0,0,0.4576469588817683
0,0,0.07363346355829607
0,0,0.10591929158181866
0,0,0.20258932655751719
0,0,0.09103693475999389
0,0,0.09660749317837333
0,0,0.11724948496385165
0,0,0.057228738902321746
0,0,0.2752994063099022
0,0,0.05946759370000621
0,0,0.18604646718075885
0,0,0.06274193165498022
0,0,0.16185608176686367
0,0,0.07364302504475925
0,0,0.08661689043392917
1,0,0.3147309548256614
0,0,0.04527357451013355
1,0,0.19188160313440536
0,0,0.08282032324740249
0,0,0.14925716383383283
0,0,0.15238106725026643
0,0,0.1357288851469276
0,0,0.052693431583368346
0,0,0.10368917208693326
0,0,0.09525869800731071
0,0,0.03725519654176807
0,0,0.061954021733097234
0,0,0.10309681876274632
0,0,7.033997681253841e-05
1,0,0.11074476478647778
0,0,0.11105722055960755
0,0,0.04340036971926517
0,0,0.046973407193632126
0,0,0.07092666884586751
0,0,2.9434658393282307e-05
0,0,0.052328226256454
0,0,0.03134416271888778
0,0,0.06843215787056355
0,0,0.15403414482080055
1,0,0.06418808304802896
0,0,0.00010176158276639019
0,0,0.037416599696916686
0,0,0.24348533691407545
0,0,0.18044298419861265
1,0,0.08565478687279307
0,0,0.1641085187562487
0,0,0.11350959313469
0,0,0.2554337069338083
0,0,0.12629969162388274
0,0,0.3499648116803979
0,0,0.06872518729497859
0,0,0.07773517952671598
0,0,4.718642617603981e-05
0,0,0.13345375941787413
0,0,0.09178085072778808
0,0,0.05312783202783186
0,0,0.16198373734541863
0,0,0.16323908263053255
0,0,0.09127307004753032
1,0,0.03846326900118498
0,0,0.0689888556835053
0,0,0.4836545745401447
0,0,0.10252444077522234
0,0,0.10909984588887726
0,0,0.18857844743730393
0,0,0.02324068367644851
0,0,0.11657621553680782
0,0,0.09488820195227637
0,0,0.12635309101440537
0,0,0.07505046705391176
0,0,0.29507483571247395
0,0,0.10993983376577234
0,0,0.10292959967099025
1,0,0.09492557799846342
0,0,0.2258908617219069
0,0,0.05642350643665848
0,0,0.061963350417053364
0,0,0.13603577356092433
0,0,0.2881997373732796
0,0,0.09631442773038576
0,0,0.1893519331418353
0,0,0.0811641037550859
1,0,0.08154838391523844
0,0,0.05720882690556926
0,0,0.056291224750777934
0,0,0.10770193805343996
0,0,0.11139221686401221
0,0,0.08762487491156024
0,0,0.12884894736992386
0,0,0.004679043950540237
0,0,0.11969319558548631
0,0,0.10625362277644673
0,0,0.15843078449046216
0,0,0.08423574632318336
0,0,0.09112936921819573
0,0,0.08290466236499892
0,0,0.10839196044838142
0,0,0.1420633813906074
0,0,0.044465526619706736
0,0,0.10267851358580252
1,0,0.12140561023365873
0,0,0.058261433552452835
0,0,0.12976018531979466
0,0,0.06657539398372149
0,0,0.06263850280126966
0,0,0.1592052876397312
0,0,0.20538705540566476
0,0,0.0923715995622992
0,0,0.16493764340511372
1,0,0.09553543335186475
0,0,0.12002934060408312
0,0,0.12175678724094528
0,0,0.06540436780193289
0,0,0.04590765673357589
0,0,2.7027064498804695e-05
0,0,0.21152272885338816
0,0,0.1428910579977271
1,0,0.09600502700331394
0,0,0.07525588978366525
0,1,0.5682735755926163
0,0,0.054190220310478474
0,0,0.11008259798627232
0,0,0.06169334088227846
0,0,0.112328861571656
0,0,0.07721683691386391
0,0,0.05700952364394061
0,0,0.140617425515708
0,0,0.07989277108011769
0,0,0.06811890848545483
1,0,0.13125086732400743
0,0,0.11246898333858017
0,0,6.008705833507617e-05
0,0,0.049624047603609986
0,0,0.15204697353682053
0,0,0.07943426932820224
0,0,0.12735221459562518
1,0,0.14469272557504215
0,0,0.15498181320624116
0,0,0.0778302376761738
0,0,0.08568317887574146
0,0,0.12916971670169264
0,0,0.07072863333753744
0,0,0.10270281600281637
0,0,0.3064896569130581
0,0,0.08216098688857881
0,0,0.054729874590349746
0,0,0.2534142853443927
0,0,0.14632378707748264
0,0,0.009291567324243211
0,0,0.10927269223014355
0,0,0.0638328765933671
0,0,0.12883855906992442
0,0,3.442892488248447e-05
0,0,0.056851960248877384
0,0,0.12101588562703115
0,0,0.07084502110309897
0,0,0.1388739726975938
0,0,0.09637249496079327
0,0,0.11288827697813146
1,0,0.208711675873006
0,0,0.11355679952018279
0,0,0.09023279992901086
0,0,0.06169408670226806
0,0,0.07893307551333417
1,0,0.24053468477283424
0,0,0.11549996842254409
0,0,8.513976710283354e-05
0,0,0.10355250775775614
0,0,0.07178103195282255
0,0,0.3010955042980124
0,0,0.09271273333129572
0,0,0.08120814720303265
0,0,0.13266990220317743
0,0,0.0886054082058712
0,0,0.10611612545245742
0,0,0.05508123641747524
0,0,0.12013469023610195
0,0,0.17901159933309382
0,0,0.08121570811588494
0,0,0.07767057241550131
0,0,0.1420724772193021
0,0,0.0194607060201495
0,0,0.12287857392664807
0,0,0.03957591223173212
0,0,0.07715060163068065
0,0,0.08132382019316366
0,0,0.055495107528041356
0,0,0.03776984214999841
0,0,0.06325522859230749
0,0,0.15334488503916013
0,0,0.12566958662406347
0,0,0.3769722067069496
0,0,0.09941665101595168
0,0,0.11437291647204191
0,0,0.056572797556151036
0,0,0.09217644716229341
0,0,0.05687092707397771
0,0,0.09469299247074657
0,0,0.07386890922353129
0,0,0.06253204037687236
0,0,0.05869612527117059
0,0,0.12417066177091061
1,0,0.10951975612710886
0,0,0.20885270300285258
0,0,0.07820414719234295
0,0,0.08303467789224887
0,0,0.06812527168104233
0,0,0.12698649384130722
0,0,0.11906269959537005
0,0,0.03907475005958555
0,0,3.897030122592264e-05
0,0,0.1270702760125972
0,0,0.10092751717829448
0,0,0.0847144899533271
0,0,0.17797175026387047
0,0,0.10256683733826412
0,0,0.09305622627390371
0,0,0.029031903035737182
0,0,0.06703959258983268
0,0,0.02840182596588196
0,0,0.13712744785253625
0,0,0.05667299370781444
1,0,0.00023587970971076562
0,0,0.03725200687080919
0,0,0.09011114286076877
0,0,0.0984451682559456
0,0,0.04215020273728888
0,0,0.12940380704534837
0,0,0.10789530937402045
0,0,0.2617093759519479
0,0,0.04459452903751611
1,0,0.047125365686033746
1,0,0.11773824041408837
0,0,0.0640499061347062
0,0,0.10179581354983512
0,0,0.10626355027159204
0,0,0.03804738949194133
0,0,0.04928577069364686
0,0,0.09620678976818395
0,0,0.18767564991571636
0,0,0.271245301347051
0,0,0.10937284462302659
0,0,0.18868851477247794
1,0,0.1268768326068415
0,0,0.15543536857247864
1,0,0.09111928683624372
0,0,0.12238522928992385
0,0,0.08545712438608165
0,0,0.1441037310144371
0,0,0.26730335835902364
0,0,0.09363671699147977
0,0,0.03963306739723922
0,0,0.05706913330454422
0,0,0.024844900828144348
0,0,0.08849149300615801
0,0,0.0005792127282925099
0,0,0.10512990000800303
0,0,0.10324754358838312
0,0,0.13126550510263904
0,0,0.19966753166791287
0,0,0.229543779614625
0,0,0.05589159802619157
1,0,0.17256871369310792
0,0,0.06019375799767735
0,0,0.07347551732080386
0,0,0.06631104432509287
0,0,0.05628719220592267
0,0,0.10850644335760373
0,0,0.10007023041254787
0,0,0.08574600715372906
0,0,0.17837560206142528
0,0,0.0966390882684264
0,0,0.0006294668665662067
0,0,0.13764486412050625
0,0,0.08123452679114278
0,0,0.12118958058702256
0,0,0.07720837930363054
1,0,0.0937279108064182
0,0,0.040068165598512895
0,0,0.16293840871361837
0,0,0.050663343723752086
0,0,0.15414666910342342
0,0,0.2134347141743369
0,0,0.07502902300681198
0,0,0.10118417428777851
0,0,0.04988021240779472
0,0,0.10932893082414862
0,0,0.1127624643230996
0,0,0.05122706796452485
0,0,0.07640576093584128
0,0,0.08323365589999977
0,0,0.06206497083482599
0,0,0.16133123204361285
0,0,0.09560164658763545
1,0,0.14494736306200082
0,0,0.060313864239825155
0,0,0.1323061299279838
0,0,0.3907046485939981
0,0,0.08856073026602253
1,0,0.10273965637862072
0,0,0.1677776794800407
1,0,0.1708577714060098
0,0,0.18394114339573592
0,0,0.1193792530094659
0,0,0.12166109091778832
0,0,0.0556171684070859
0,0,0.09789795831482402
0,0,0.09486016971339725
0,0,0.08514230356514849
0,0,0.13567632318629572
0,0,0.09257087803277324
0,0,0.09382547856959206
0,0,0.09186260092357008
0,0,0.0636921271810054
0,0,0.04039803762982816
0,0,0.12069252985079149
0,0,0.116609836335311
0,0,0.06732020047490866
0,0,0.20932189525450606
0,0,0.13597500605416035
0,0,0.06835259423444741
0,0,0.1388249995480242
0,0,0.08414491414409622
0,0,0.09746432537564972
0,0,0.1581133261148943
0,0,0.10346036844963605
0,0,0.3989076676057073
0,0,0.05871351581926751
0,0,2.1009866993888674e-05
0,0,0.38224269887237083
0,0,0.018399324924800262
0,0,0.07093832751445704
0,0,0.13070930523777072
0,0,0.0698788523606507
0,0,0.10818645746431581
0,0,0.0915197407793807
0,0,0.10596825359482372
0,0,0.039890618150016245
0,0,0.14548386324297347
0,0,0.1783290577114409
0,0,0.09124281668284992
0,0,0.11829321496326373
1,0,0.12175046108182516
0,0,0.42435298844311786
0,0,0.23562619748404154
0,0,0.03546819387728228
0,0,0.12375475914049436
0,0,3.720860888058239e-05
1,0,0.09636909688738039
0,0,0.07903282992568322
0,0,0.04704452016388339
0,0,0.19781014313179102
1,0,0.24525386843446004
0,0,0.17856315770156764
0,0,0.06020360664655047
1,0,0.06250939080572579
0,0,0.21249352859591442
0,0,0.33010978574525807
1,0,0.1759747966356856
0,0,0.07335700568239614
0,0,0.040168315775506065
0,0,0.022255426437114065
0,0,0.0543657436260347
0,0,0.08049664721674375
0,0,0.10726710804996897
0,0,0.05596856271451899
0,0,0.0721585637185197
1,0,0.06018212773314466
1,0,0.32806110381857256
0,0,0.07703119027030363
1,0,0.02904086546518303
0,0,0.15203997057784538
0,0,0.09349197541803934
0,0,0.06431204373337367
1,0,0.10559565431791426
1,0,0.14817744159312976
0,0,0.05211549949975493
0,0,0.0451613471250686
0,0,0.09839061384642157
1,0,0.00016451730002890397
0,0,0.06095129329903225
0,0,0.05207852120516348
0,1,0.6071173598828777
0,0,0.14539449395953002
0,0,0.03838011213812506
0,0,0.0684323597883427
0,0,0.10706015489847549
0,0,0.07330035036442353
0,0,0.12646270539284712
0,0,0.09053655058760915
0,0,0.05142351045672479
0,0,0.06884998040163885
0,0,0.06255867576037451
0,0,0.08597045381998528
0,0,0.07800667382426142
0,0,0.11852404666428488
0,0,0.10870530900623508
0,0,0.029959500315520072
0,0,0.04696566405646128
0,0,0.05035711143889889
0,0,0.094830337366926
0,0,0.06141618548345588
0,0,0.07295483787094881
0,0,0.12453005055553767
0,0,0.16196732223435337
1,0,0.2075635596584431
0,0,0.08517567720721621
0,0,0.07448757599449093
0,0,0.0647638229542563
0,0,0.40158966467801716
0,0,0.056898399139608036
0,0,0.06847578695285464
1,0,0.07554359457497067
0,0,0.09365907396674435
0,0,0.10053505301423322
0,0,0.057575483408393816
0,0,0.06849474473551327
0,0,0.041381797641027
0,0,0.08393179178815381
0,0,0.10752383620662471
0,0,0.1329260093732083
0,0,0.2322543252828955
0,0,0.07832142470301243
0,0,0.059485788555202555
1,0,0.06201573771736195
0,0,0.16083436322624112
0,0,0.10241292657651803
0,0,0.07021837037933436
1,0,0.09496538826757174
0,0,0.15844233501668425
0,0,0.03861697928447074
0,0,0.00011660702287393245
0,0,0.04899451197222642
0,0,0.06321639712927005
0,0,0.12831042780698712
0,0,0.1246175857951724
0,0,1.971703275411203e-05
0,0,0.06281690730158918
0,0,0.11734353235950612
0,0,0.12231817572496316
0,0,0.18693609103199973
0,0,0.12253895664089282
0,0,0.2069648274156078
0,0,0.13607559033958214
1,0,0.12061480776741022
0,0,0.12363612703521978
0,0,0.10140347067086794
0,0,0.18830807718392328
0,0,0.12185073669759125
0,0,0.12155340816631165
0,0,0.07988230723446066
0,0,0.10119690761603325
0,0,0.0673471800303117
0,0,0.09719288272161354
0,0,0.3686621375261447
0,0,0.035395837228526794
0,0,0.10822786840656172
0,0,0.11170199560143576
0,0,0.10760151154640529
1,0,0.11443772411937042
0,1,0.5355865136714313
0,0,0.02748085939934942
0,0,0.11488600563693327
0,0,0.14450297946293744
0,0,0.06448359418032905
0,0,0.23309348473011446
0,0,0.17780855712913451
1,0,0.12757702014369596
0,0,0.12322804108686186
0,0,0.08499387105401007
1,0,0.2255795070240452
0,0,0.19832156223147
0,0,0.007880513290683108
1,0,0.13627130851946856
0,0,0.11071391237410441
0,0,4.500690097805606e-05
0,0,0.2258336428540579
0,0,0.10223735850745086
0,0,0.09534347882051747
0,0,0.06903607308699272
1,0,0.08920247463495708
0,0,0.1928955395208314
0,0,0.007004920036210149
0,0,0.06800468686607772
0,0,0.07090784523792037
0,0,0.14891889394796287
0,0,0.10582562242387328
0,0,0.13564071852514062
0,0,0.09080409926988682
0,0,0.08023875641438229
0,0,0.05150165428293766
0,0,0.08614882261280128
1,0,0.047373480681316374
0,0,0.040655680098834815
1,0,0.09089430552665514
0,0,0.047379763928283
0,0,0.05911430897671477
0,0,0.09848144856025558
1,0,0.11819520573507952
0,0,0.05006143342662998
0,0,0.11860695130689797
0,0,0.07090126527759921
0,0,0.0739164787933642
0,0,0.11531751429169607
0,0,0.06904536958471724
0,0,0.05096767852366396
0,0,0.06753327795869907
0,0,0.12798063367409424
0,0,0.17063399886339076
0,0,0.15249122105590998
1,0,0.2532845450161473
0,0,0.09114881337340351
0,0,0.10362481610571093
1,0,0.10095781288451841
0,0,0.08054262553339207
0,0,0.10430997398198184
0,0,0.08573704060060029
0,0,0.10444691322249569
0,0,0.08106466254435672
0,0,0.21161552973115869
0,0,0.04065365735961197
1,0,0.06104349291948316
0,0,0.0764839727163419
0,0,0.05077980589982836
0,0,0.16234901507137992
0,0,0.13843221984502366
0,0,0.04398586624622051
0,0,0.1524604082104752
0,0,0.023425099706785805
0,0,0.29359591525631734
0,0,0.04624844440235874
0,0,0.09288683068263806
0,0,0.03662422313136061
0,0,0.11709673647601537
0,0,1.6418659938960132e-05
0,0,0.05640294931169771
0,0,0.11932120913516434
0,0,0.0970525247787416
0,0,0.2673569373664947
0,0,0.26730455839666833
0,0,0.1723728839688182
0,0,0.05331154253691305
0,0,0.07728556633790427
0,0,0.17128958766227645
0,0,0.06191044967724067
0,0,0.00023775642270879496
0,0,0.16775727853877884
0,0,0.09010533254469542
0,0,0.09804219979770049
1,0,0.19292421167358154
0,0,0.09271246672133432
0,0,0.18539480048502135
0,0,0.05981762216182311
0,0,0.06818936523377546
0,0,0.1423719518616551
0,0,0.0959034492595185
0,0,0.08658951905209913
0,0,0.11475430934051443
0,0,0.25560647207715553
0,0,9.159232361528327e-05
0,0,0.07109996557889525
0,0,0.10363801655794737
0,0,0.13023560093219075
0,0,0.11005769745431333
0,0,8.887147415808276e-05
0,0,0.17890977804794456
0,0,0.14822110063515329
0,0,0.05673355919278206
1,0,0.11729149814983882
0,0,0.15080299445854445
0,0,0.07752896574114539
0,0,0.11228932228759958
0,0,0.11095484416567426
0,0,7.848004553600144e-05
0,1,0.9998013517861802
0,0,0.13639252272091687
0,0,0.08834242089231327
0,0,0.044947683379596245
0,0,0.10659871379843397
0,0,0.08702978410032967
0,0,0.12838450728958778
0,0,0.0974111740250161
0,0,0.16550895453769493
0,0,0.07605737544579727
0,0,0.04918806539502673
0,0,0.12472311737306802
0,0,0.06087023131516276
0,0,0.06347431247890302
0,0,0.03381300466705696
0,0,0.11835877566763835
0,0,0.06704454903153578
0,0,0.07074489468324426
0,0,0.08374683440268162
1,0,0.08238245525572857
0,0,0.07771452106532901
0,0,0.1535910317323582
0,0,0.055534992704724284
0,0,0.15728525260976997
0,0,0.1239617733014862
0,0,0.06990149633037115
0,0,0.08542357428482869
0,0,0.1501647005041561
0,0,0.05113798330808229
0,0,0.07569735147021495
0,0,0.10760112399728833
0,0,0.12430966856356741
0,0,0.06246800719047327
0,0,0.12443236878472216
0,0,0.04805028601887638
0,0,0.08201958586058992
0,0,0.11080307455767804
0,0,0.0997476196890322
0,0,0.12474955802579206
0,0,0.14140476468454
0,0,0.16674150902118087
0,0,0.08197333444569291
0,0,0.049573712356692674
0,0,8.877139670448263e-07
1,0,0.20251646010407987
0,0,0.10780688074794803
0,0,0.02134403443692497
0,0,0.1513753373258501
0,0,0.11052990534390829
0,0,0.113441434718153
0,0,0.010052697956618206
0,0,0.09304183469856135
0,0,0.16651633180367292
0,0,0.07023399677909482
0,0,0.0647493739414155
1,0,0.06139524225511699
1,0,0.24681527841055004
0,0,0.1153361944748915
0,0,0.13390314045493018
0,0,0.028538853672160285
0,0,1.5245041101913096e-05
0,0,0.08149934821819943
0,0,0.07319454254889281
0,0,0.10544021138904261
0,0,0.10464786448204197
0,0,0.00010398960891706997
0,0,0.044956585128764014
0,0,0.11800966702970718
0,0,5.186370961501411e-05
0,0,0.11970581486035393
0,0,0.10490755442198071
0,0,0.1641759554937544
0,0,8.74012610473922e-05
0,0,0.0653682825794576
0,0,0.036844760905546406
0,0,0.15697606662743072
0,0,0.1021277530790122
0,0,0.05671130694042829
0,0,0.2804438398803758
0,0,0.05339733738589945
0,0,0.10625419760270906
0,0,0.11608845034666729
0,0,0.26171824500261864
0,0,0.09626675205468059
0,0,0.20703076733254105
0,0,0.0982169824435256
0,0,0.13995474636145366
0,0,0.12935118825532188
0,0,0.07458505596120418
0,0,0.09714207716881458
0,0,0.06969429420285417
0,0,0.06586014699220628
0,0,0.08443702556388909
1,0,0.07762351726638311
0,0,0.09442048987993744
0,0,0.10403604674204171
0,0,0.07690054341190856
0,0,0.13679900968185246
0,0,0.0989508745153749
0,0,0.009136791996470137
0,0,0.07628743201419246
0,0,0.13223219037752565
0,0,1.7775600483645377e-05
0,0,0.17604069448036733
0,0,0.18294931944821685
0,0,0.00971993739156159
0,0,0.1596659144312699
0,0,0.06751252679351356
0,0,0.3133839565985727
0,0,0.05803439778411309
0,0,0.07450863852566803
1,0,0.09556510013075456
0,0,0.017757482245568907
0,0,0.06935514837068765
0,0,0.09078227278387363
0,0,0.048563100260488636
0,0,0.06814204669170294
1,0,0.0729122166000257
0,0,0.05094160215994052
0,0,0.08897007695103078
0,0,0.04689689073995101
0,0,0.07059830575284326
0,0,0.017855465501118217
0,0,0.17902776865794953
0,0,0.1872248756269911
0,0,0.055849818915251974
1,0,0.10130564824963777
0,0,0.11774081865097144
0,0,0.053613007692763164
0,0,0.07203241179139323
0,0,0.14407759558510244
0,0,0.11847325584691185
1,0,0.203421332057371
1,0,0.27246888476487613
0,0,0.09494683560989156
0,0,0.09657277705544552
0,0,0.14682294043587904
0,0,0.1706274465017731
0,0,0.06491523734297983
0,0,0.1595123447827445
1,0,6.587423661628777e-05
0,0,0.14176287013602346
0,0,0.09398328249723277
0,0,0.2507517443240579
0,0,0.15580586069252275
0,0,0.15142727097405423
0,0,0.06007226796265307
0,0,0.09983405180936439
0,0,0.12464187124196066
0,0,0.12341212576802159
0,0,0.03425744192840476
0,0,0.12571578738029235
0,0,0.08215482578237158
0,0,0.21319108943276446
1,0,0.10337120610053019
1,0,0.15767416580320825
0,0,0.07726912391167554
0,0,0.08024324413405257
0,0,0.23539731953491913
1,0,0.0700747031786557
0,0,0.09403098503889053
0,0,0.09253217413917182
0,0,0.06016897737088832
0,0,0.07442884276615999
0,0,0.04051586798426023
0,0,0.22046778634937003
0,0,0.1021505996370847
0,0,0.10912876956311753
0,0,0.11065572818965422
0,0,0.07599755158922572
0,0,0.09201204023370858
0,0,0.009244552488323125
0,0,0.08548858498168778
1,0,0.17927286577233165
0,0,0.008612855101105049
0,0,0.1683992147417095
0,0,0.0780496162949305
0,0,0.08503899421089509
0,0,0.0882455645171306
0,0,0.09580590875433238
0,0,0.05793613422672409
0,0,0.1866247316956346
0,0,0.06248724930908527
0,0,0.046066494778544825
0,0,0.11371071388947425
0,0,0.12447433530854507
0,0,0.07412155712208512
0,0,0.12271476748597158
0,0,0.08513388538416157
0,0,0.12115186684990722
0,0,0.14918915094494864
0,0,0.09716321206627433
0,0,0.08225211537879518
0,0,0.06678278585964245
0,0,0.20495262503455705
0,0,0.152447469682682
0,0,0.12674967902092832
1,0,0.1094400914944321
0,0,0.09649211022704864
0,0,0.04487861908362437
0,0,0.11734073026438685
0,0,0.25929671583740677
0,0,0.1346813812607258
0,0,0.0630844721271132
0,0,0.1443213167938519
0,0,0.1414404647899071
0,0,0.26961483776745965
0,0,0.138340731995439
0,0,0.11613193380519903
0,0,0.0724847116307713
0,0,0.14396667887309667
0,0,0.1201790725421029
0,0,0.21438264178950026
0,0,0.23229941639748358
1,0,0.34311668374352033
0,0,0.07682417219885589
0,0,0.11359084164169775
0,0,0.041852576741648724
0,0,0.07241373214945415
0,0,0.06929725664939675
0,0,0.17869840186163213
0,0,0.25718063456374934
0,0,0.09194269373752632
0,0,0.027265116744606594
0,0,0.07042010887430085
0,0,0.07095372964203576
0,0,0.02745351445009453
0,0,0.10674790377270241
0,0,0.06144099436172713
0,0,0.16046702740616126
0,0,0.09935794446155925
0,0,0.10242530994408135
1,0,0.08701972732807463
0,0,0.15185788060711364
1,1,0.5062270742579763
0,0,0.17091491577586698
0,0,0.08092370861258379
0,0,0.21143231378663996
0,0,0.0705472086375507
0,0,0.08672376841771617
0,0,0.19158592017701803
1,0,0.10885799101483037
0,0,0.13051764788734196
0,0,0.16845590519388856
1,0,0.08372722209172175
0,0,0.11139688402892918
0,0,0.1501008881120076
0,0,0.09259569230306955
0,0,0.11083105260982283
0,0,0.056995060514820166
0,0,0.021025054156519344
0,0,0.19231638769983864
0,0,0.07844848605425854
0,0,0.12338115274696788
0,0,0.14992748220599608
0,0,0.15362278418688585
1,0,0.17316010408813917
0,0,0.21669895558766875
0,0,0.1406896315069391
0,0,0.06069350809438358
1,0,0.1444500907734984
0,0,0.3331691014883197
0,0,0.07158684317016892
0,0,0.06135339395712336
0,0,0.24245854854162885
0,0,0.040607883696305046
0,0,0.08930972225028719
0,0,0.2336405492265122
0,0,0.12855987796709004
0,0,0.08509361283769314
0,0,0.08363520820535256
0,0,0.42202259747800197
0,0,0.17434567862513206
0,0,0.00028802256698951803
0,0,0.19785101936606547
1,0,0.1407525399845735
1,0,0.048653144000648164
0,0,0.07330152445523377
0,0,0.08166846076706279
0,0,0.1527551001069417
0,0,0.042919988099789065
0,0,0.044031783330377855
0,0,0.07458241169758385
0,0,0.047797850291594515
0,0,5.364003045115592e-05
0,0,0.1370724150104082
1,0,0.2991816605401669
1,0,0.1490790015792921
0,0,0.05677164814208964
0,0,0.14325725189493546
0,0,0.06070537566535074
0,0,0.06855609931939925
0,0,0.06918620771753507
0,0,0.045923409439323284
0,0,0.05720399152629363
1,0,0.13609859389588444
0,0,0.09595771102203494
1,0,0.05382416317421172
1,0,0.17683577693165065
0,0,0.12619729439796612
0,0,0.08350429157796714
0,0,0.06989491866934743
0,0,0.13824207892563478
0,0,0.06878330206116809
0,0,0.044558990935446886
0,0,0.056212171119427466
0,0,0.1732654870139608
0,0,0.09316050023201365
0,0,0.11510512848284375
0,0,0.18676261557504223
0,0,0.25791426295823744
0,0,0.08782144344744917
0,0,0.08794708899508855
0,0,0.10861700309653138
0,0,0.05666749117936625
0,0,0.09852173450128585
0,0,0.00012676944338148327
0,0,0.10907659011939279
0,0,0.15272579482274848
0,0,0.08365178001259194
0,0,0.15578005844149959
0,0,0.07009851315728395
1,0,0.08685505985537055
0,0,0.0982009357680955
0,0,0.03807690146616889
0,0,0.22777416545024554
0,0,0.09294316561783506
0,0,0.09578177589550817
0,0,0.12079398767366563
0,0,0.1513416361137506
0,0,0.06972433295301259
0,0,0.07156287397816864
0,0,2.011831181668885e-06
0,0,0.15613821579775403
0,0,0.10150317750845844
0,0,0.11948951270881235
0,0,0.11387724859606103
0,0,0.005701528432951526
0,0,0.12382053598210199
0,0,0.05457275793028078
0,0,0.18869088126755088
0,0,0.035132603701089886
0,0,0.08036890357754355
1,0,0.1392994598474393
1,0,0.06006956097018665
1,0,0.2563419244890411
0,0,0.1773663638546243
0,0,0.04499675652483089
0,0,0.023745375777445378
0,0,0.11134842434503436
0,0,0.12090993810686762
0,0,0.2174478550392036
0,0,0.05913674392530837
0,0,0.13392707887397465
0,0,0.05335196993752
0,0,0.00014454383212582955
0,0,0.1821862914236537
0,0,0.21427081907784468
0,0,0.050121961825133086
1,0,0.2925909392536244
0,0,0.09034974850461105
0,0,0.10177310165382984
0,0,0.2076595465860665
0,0,0.0828056537681222
0,0,0.09291136374456092
0,0,0.05970302923445085
0,0,0.127149042818531
0,0,0.1073300339814281
0,0,0.04749233759076458
0,0,0.08456811625347384
0,0,0.10045596767574125
1,0,0.1471182861770567
0,0,0.09281707864619321
0,0,0.0668229625968156
0,0,0.06434703733216147
1,0,0.16707761399179677
0,0,0.0894991081852353
0,0,0.10196978438652785
0,0,0.07062317274019964
0,0,0.27309576670885005
0,0,0.08375069969910812
0,0,0.05623751894796936
0,0,0.13943539439706704
0,0,0.11827924200145978
0,0,0.12564870453528273
1,0,6.378064434941659e-05
0,0,0.05835482110357052
1,0,0.0820995725129613
1,0,0.1507391990257776
0,0,0.005015057441949238
1,0,0.09287886590979136
1,0,0.12755434902766077
0,0,0.16925402052247443
1,0,0.15521680727142917
0,0,0.11147756043920308
0,0,0.08093016529049599
0,0,0.1656021274098644
1,0,0.10772782340729431
0,0,0.05093794809553456
0,0,0.036318648151596196
0,0,0.09804794409102678
0,0,0.06815483341335742
0,0,9.387901557705398e-05
0,0,0.08728987761789843
0,0,0.15073083918192703
0,0,0.19046477982412477
0,0,0.1599099165373328
0,0,0.08578479754990624
1,0,0.21013817787874378
0,0,0.18821550911352133
0,0,0.10502484186847179
0,0,0.05078973149096087
0,0,0.11457934779918771
0,0,0.06795851350721789
0,0,0.08588789631255865
0,0,0.09892983753808995
0,0,0.07761727836172264
0,0,0.08489824323866137
0,0,0.07449445703294537
0,0,0.05690637217724117
1,0,0.3299538339502924
0,0,0.04392878225370646
0,0,0.16906154848343927
1,0,0.04269805353994885
0,0,6.233855338698013e-05
1,0,4.325358623224513e-05
0,0,0.0704351619074815
0,0,0.03289051795773383
0,0,0.09888121960161891
1,0,0.1071847757446001
1,0,0.08716048264811473
0,0,0.14656938809858677
0,0,0.0799335693426431
0,0,0.11472019719100474
0,0,0.11117729707430599
1,0,0.10257578325696652
0,0,0.09146380426556512
0,0,0.10140094851555224
0,0,0.09860257056661695
0,0,0.043822419401027234
0,0,0.10996434863873619
0,0,0.07206432330683583
0,0,5.668527286786217e-05
1,0,0.07184371295530784
0,0,0.10832268700581962
0,0,0.25589814718890463
0,0,0.08305325380047561
0,0,0.14593724800350286
1,0,0.17024402276368958
0,0,0.04191856025815797
0,0,0.09370014908710399
0,0,0.09488721619107417
0,0,0.36973599229560383
0,0,0.08080230946784998
0,0,0.13049423263891957
0,0,0.23200870149575614
0,0,0.09088887092299669
0,0,0.09561360453225419
0,0,0.08734584816517259
0,0,0.045836913357759544
0,0,0.19364710923237846
0,0,0.1394013457952162
0,0,0.10678073564166883
0,0,0.122691069334551
0,0,0.10916528821116439
1,0,0.12525612214156548
0,0,0.13626196870191723
0,0,0.09046254997935939
1,0,0.09593888600097465
0,0,0.12372885620883861
0,0,0.0435867874065164
0,0,0.04358761152786351
0,0,0.09362005168395338
0,0,0.1683738792216197
0,0,0.19650965874621862
1,0,0.2211532292584073
0,0,0.21840061849203
1,0,0.04390415395403837
0,0,0.13617885774714206
0,0,0.11077011670896676
0,0,0.1043822267357319
0,0,0.02780640853688995
0,0,0.044118496865549424
0,0,0.11267107454607561
0,0,0.19191813956510825
0,0,0.049434788986261254
0,0,0.13674022574303848
0,0,0.08499872552489927
1,0,0.1033526346975088
0,0,0.10820940479823861
0,0,0.08241691041164105
0,0,0.06202869847039955
0,0,0.10728258591565766
0,0,0.07670488486363497
0,0,0.11767931593746064
0,0,0.10188532917862898
0,0,0.08801186597849314
0,0,0.18359343691135308
0,0,0.11584243502732774
0,0,0.020321270126149107
0,0,0.11244234204605631
0,0,0.2801662175026891
0,0,0.08519720993656016
0,0,0.06027089482322949
0,0,0.04032739932306162
0,0,0.11029446658778697
0,0,0.07877900434054218
0,0,0.12009050919449636
0,0,0.06637161082638604
0,0,0.1191850204856517
1,0,0.06915401468864073
0,0,0.11269719332165279
1,0,0.06288041845309748
0,0,0.3683327928090843
0,0,0.07576706091909753
0,0,0.11148522381891057
0,0,0.09356532521258852
0,0,0.06133972655891122
0,0,0.07991048784174459
0,0,0.17654469188694702
0,0,0.13813408668325008
0,0,0.13440861590251063
0,0,0.045856043031030184
0,0,0.07986655639985647
0,0,0.09041682900517758
0,0,7.223972999568674e-05
0,0,0.05284389097671863
0,0,0.16790354013982925
0,0,0.16552601106453596
0,0,0.14428311898660304
1,0,0.43555459242883654
0,0,0.12635507955131942
0,0,0.08239016795094549
0,0,0.11432370367022572
0,0,0.11501945518090005
1,0,0.05887155238512498
0,0,0.15754809797485225
0,0,0.12680782656184783
0,0,0.050074511351602416
0,0,0.13784685497206858
0,0,0.17275588538839298
0,0,0.09616808011233226
1,0,0.3803057778932377
0,0,0.05895673740420816
0,0,0.061894449117552305
0,0,0.12047017107529984
0,0,0.06748557129033055
1,0,0.17701072966128287
1,0,0.10298122750458805
0,0,0.09837474092474242
1,0,0.19698225393695692
0,0,0.14293441228587925
0,0,0.08441286904331638
0,0,0.11942975133044825
0,0,0.16038787143725464
0,0,0.07977461231378744
0,0,0.08634704680891889
1,0,0.00012807821213742975
0,0,0.037182315247760236
0,0,0.09558949997389693
0,0,0.1891347125099673
0,0,0.10759206689476314
0,0,0.09610292510942772
0,0,0.09309117808278072
0,0,0.0004388082726208494
0,0,0.023622816603452775
0,0,0.031506447630887356
0,0,0.1471002790223141
0,0,0.12578914277231798
0,0,0.00011120003948440653
0,0,0.09291045275273253
1,0,4.586955498350164e-05
0,0,0.09648587295352
0,0,0.11700461077979084
0,0,0.1666806970800395
0,0,0.07314846292188001
0,0,0.17384709771720133
0,0,3.759512073063506e-05
0,0,0.17059076308367352
0,0,0.08093790286332697
0,0,0.07289292322728101
0,0,0.054458923864168916
0,0,0.00020419125607957922
0,0,0.02885323988576655
0,0,0.0509117622223854
0,0,0.06138277613946235
0,0,3.848866694708143e-05
0,0,0.08560662792495408
0,0,0.063409114639385
0,0,0.36624037844394275
0,0,0.07122291424521612
0,0,2.5397607802775088e-05
0,0,0.1817883087206988
0,0,6.463402666090853e-05
0,0,0.10771229690940395
0,0,0.08102488823363636
0,0,5.989878973752183e-05
0,0,0.05887954181847062
0,0,0.08277560420067513
0,0,0.12867750256059876
1,0,0.19306289134845608
0,0,0.1295125764345532
1,0,0.13109350113474003
0,0,0.12080244154913071
0,0,0.0726807715002441
0,0,0.05764673720139314
0,0,0.007046565088012872
0,0,8.557664679337395e-05
0,0,0.0744805458530663
0,0,0.1076638362989781
0,0,0.39354236349937743
0,0,0.07655445000458484
1,0,0.12754409999776792
0,0,0.06830492329214068
0,0,0.07744922116092497
0,0,0.03648406468817231
0,0,0.1382372673866689
0,0,0.0913833278134291
0,0,0.035090797973153634
0,0,0.051957129759901466
0,0,0.0850068648814266
0,0,0.2980053137905651
0,0,0.0732560197358404
0,0,5.262515924307971e-05
0,0,0.0700109104325809
1,0,0.19053727037730725
0,0,0.07844350018190416
0,0,0.10539660227872791
0,0,0.1491144476311252
0,0,0.22500804128882057
0,0,0.08955321365728364
0,0,0.07127409398040946
0,0,0.1082909748476877
0,0,0.11169409197542048
0,0,0.05594948257689872
0,0,2.465203570793559e-05
0,0,0.15472447850521848
0,0,0.09774804738182569
0,0,0.15215451685361175
1,0,0.13706052806059682
0,0,0.09939642218801498
0,0,0.0005222938107376133
1,0,0.09526486450589962
0,0,0.12169717395067646
0,0,0.07048267118215983
0,0,0.10856623130841604
0,0,0.10744818716519207
0,0,0.13989112142242055
0,0,0.07629239030159109
0,0,0.09630922746495764
0,0,0.08949118092559298
0,0,0.05018368466437751
0,0,0.14657404532279866
0,0,0.015688245419785685
0,0,0.11152499614757942
0,0,0.08662274133558837
0,0,0.11874479979634325
0,0,0.056331332078797675
0,0,0.08618916483321125
0,0,0.08769709890718064
0,0,0.0806843156555074
1,1,0.7527933020325404
0,0,0.04830271515859154
0,0,9.670116856134237e-07
0,0,0.07842730012378651
0,0,0.13380082169888674
0,0,0.08382890308399694
0,0,9.66336739897329e-05
0,0,0.1167730371231332
0,0,9.415748129888733e-05
0,0,0.10497815160421632
0,0,0.04581825351331189
0,0,0.10865171188607153
0,0,0.03949144695387489
0,0,0.23938944920204364
0,0,0.06870296049591638
0,0,0.0520057776934303
0,0,0.2265225367092504
0,0,0.11684321515576791
0,0,9.666867330534281e-05
0,0,0.08241539322992926
0,0,0.11620535080781882
0,0,0.0001169664397074284
0,0,4.472647251063084e-05
0,0,0.0929723427044113
0,0,0.06579055521384983
0,0,0.1796506104736263
0,0,0.112896862936162
0,0,0.05921163009324659
0,0,0.12307543604926464
0,0,0.05266820828203993
0,0,0.0388160291587391
0,0,0.05417224697627571
0,0,0.1040727555252255
0,0,0.08222941125984316
0,0,0.07774341782346539
0,0,0.06821843481471618
0,0,0.13163111126670857
0,0,0.1073615626412804
0,0,0.04714681599125647
0,0,0.13406966597725187
0,0,0.16927758486891226
0,0,0.057444224032320114
0,0,0.0910881179425277
0,0,0.11232692060568548
0,0,0.0571152958173326
0,0,0.20350648590714812
0,0,0.11702361461634936
0,0,0.06974377676046693
0,0,0.12605015488002974
0,0,0.08742248523292964
0,0,0.1344191225743122
0,0,0.09920241414354863
0,0,9.011492986929045e-05
0,0,0.10632736849268125
0,0,0.10750853595640332
1,0,0.08991350097341728
0,0,0.027540569942808627
0,0,0.07903512381709464
0,0,0.14030105323980988
0,0,0.05960756465779415
0,0,0.29590026777107614
0,0,0.06510912638875664
0,0,0.06094151968639833
0,0,0.13603777855282148
0,0,0.1234122179506839
0,0,0.14685960282611935
0,0,0.09893893822961654
0,0,6.803548937827184e-05
0,0,0.07568322456988472
0,0,0.11307919569983889
1,0,0.07275801651877782
0,0,0.3865579280590047
0,0,0.1243217946586223
0,0,0.052797241903051004
0,0,0.06926478459682951
0,0,0.13659668925068694
0,0,0.06021312035484647
0,0,0.12718013385729635
0,0,0.00010137628796071394
0,0,0.07109704409700732
0,0,0.1915369263634785
0,0,0.09498327216780932
0,0,0.058932853997846715
0,0,0.2469564762552688
0,0,0.14233574395504303
1,0,0.13911423743034923
0,0,0.13622440120316978
0,0,0.07513794992287609
0,0,0.06503469287552871
0,0,0.125300997755465
1,0,0.1182459433746342
0,0,0.22091880046935827
0,0,0.0966215258221094
0,0,0.15788876871650467
1,0,0.13673879164294178
0,0,0.05605811407291006
0,0,0.12033967238113732
0,0,0.07651572577480109
0,0,0.09389753111944325
0,0,0.037905723564153386
0,0,0.10998394329279199
0,0,0.07986824630668928
0,0,0.07467779261152323
0,0,0.08819188298767641
0,0,0.1664143198886873
0,0,0.05412848787203843
0,0,0.2865760179433304
0,0,0.06592458095318973
0,0,0.18458624186281147
1,0,0.25193307772337337
0,0,0.2155933063928611
1,0,0.3485016622153114
0,0,0.021956156641022892
0,0,0.21963999058853875
0,0,0.15458043938651167
1,0,0.0813650192241336
0,0,0.07868966862171899
1,0,0.1479759394014535
0,0,3.108762243838279e-05
1,0,0.07644639772208943
0,0,0.05292014309739305
1,0,0.08453959083618945
0,0,0.06922424503974156
0,0,0.047094468520131966
0,0,0.06909251741253432
0,0,0.13868805805398526
0,0,0.0002792827099793802
0,0,0.11496349529939384
0,0,0.0001792691915068586
0,0,0.08554164562039412
0,0,0.07884563404135421
0,0,0.0724284341817313
0,0,0.08935704937685124
0,0,0.4018974498534797
0,0,1.2354584515564198e-05
0,0,0.06243315017880257
0,0,0.11757133368911614
1,0,0.07739342243666428
0,0,0.10297458405201275
0,0,0.11645182381294775
0,0,0.07532661035543417
0,0,0.08747323086149411
0,0,0.00026773798847726075
1,0,0.07858367229984972
0,0,0.06153567458027153
0,0,0.13794449911473336
0,0,0.13275928710926066
0,0,0.0946868073146328
0,0,0.062381633917656686
0,0,0.05515799535032335
0,0,0.06112081644619544
0,0,0.11207307129432419
0,0,0.09105236496482384
0,0,0.0483095095898088
0,0,0.087536616909126
0,0,0.075864510557097
1,0,0.0975041833632074
0,0,0.1301548313024414
0,1,0.5322503116564314
1,1,0.7276633091043349
0,0,0.07257371749613355
0,0,0.11397028317425571
0,0,0.11079237801246265
0,0,0.0001669445887759394
0,0,0.0988755597494493
0,0,0.08511699776663209
0,0,0.12495701019904805
0,0,0.11914617371202403
0,0,0.03816222339645565
0,0,0.04391917993153375
1,0,0.025956735675978927
0,0,0.07902654470585857
0,0,0.10659142670472418
1,0,0.14171952990180858
0,0,0.09305744242104597
0,0,0.11117764911713947
0,0,0.08773715747522146
0,0,0.24348246462562753
0,0,0.16994489925368722
1,0,0.10214646521937405
0,0,0.16301988710947002
0,0,0.07790862101109801
0,0,9.97150833624353e-08
0,0,0.06891368558665321
0,0,0.03845397452031003
0,0,0.16451354073667832
0,0,0.15345056805073395
0,0,0.4537489686787006
0,0,0.07516407437063256
0,0,0.0910597738393459
0,0,0.09631873207611796
0,0,0.11165345760069101
0,0,0.10671181811771693
0,0,0.13041126826804758
0,0,0.08216768683046687
0,0,0.12260654965390039
0,0,0.1359785726413297
0,0,0.22680449178293838
0,0,0.19331116871817933
0,0,0.10037280546240068
0,0,0.14187305980250878
0,0,0.07303624844512153
1,0,0.05284294557538906
0,0,0.10244275477930548
0,0,0.0981262389620846
0,0,0.055330193220630874
0,0,0.07756792231297424
0,0,0.08915870372985951
0,0,0.038291108387599415
0,0,0.06927563813142112
1,0,0.12297150427559765
0,0,0.0661069610769822
1,0,0.1119212147224874
0,0,0.03683386369826525
0,0,0.08847374452366515
0,0,0.09971209543689613
0,0,0.03753406107887221
0,0,0.07371108789532224
0,0,0.0004210751555455136
0,0,0.037263526961160746
1,0,0.1128586353263536
0,0,0.040043901075373686
0,0,0.07592267252221657
0,0,0.22386130825453185
0,0,0.09339401431104331
0,0,0.00018543337571339191
1,0,0.04205360485154533
0,0,0.3516048816782111
1,0,0.15340405862112208
0,0,0.072759479590382
0,0,0.08876565624615596
0,0,0.1260084950741478
0,0,0.11661405345059737
0,0,0.08915758686356785
0,0,0.14619291758897543
0,0,0.04623852638976839
0,0,0.054290686421665554
0,0,0.10853633249394505
0,0,0.20032916948929577
0,0,0.09869796298072177
1,0,0.15363985905202013
0,0,0.07681607328596528
0,0,0.08468027978062087
0,0,0.0683857120189665
0,0,0.30307386808648473
0,0,0.10011516349956556
1,0,0.0822440391609527
0,0,0.05593689553124096
0,0,0.08524092641042996
0,0,0.2109707630249013
0,0,0.12827266529971218
0,0,0.15747447781212928
0,0,3.689866594587358e-05
0,0,0.07105745513850782
0,0,0.20459837360635275
0,0,0.139214516852837
0,0,0.028078247677047165
0,0,0.07597542933147697
1,0,0.09600383819685032
0,0,0.03495566557474197
0,0,0.06532944070290199
0,0,0.07730564064960074
0,0,0.24290602558092728
0,0,0.043542251705759594
0,0,0.12798577675049005
0,0,0.19694120505166796
1,0,0.21302194410443315
0,0,0.35443017993682624
0,0,0.025909954382468462
0,0,3.219855478780722e-08
0,0,0.07106919759956948
0,0,0.067577673158612
1,0,0.30559436379974925
0,0,0.08674882929019405
0,0,0.17447086838600281
0,0,0.019143126265094592
0,0,0.02076883021633088
0,0,0.08328098843998152
0,0,0.06752100341808558
0,0,0.13791264185860452
0,0,0.11789999062555902
0,0,0.056884215169866595
0,0,0.07854985557392881
0,0,0.15568374674402904
0,0,0.17386242533315643
0,0,0.16471718656401352
1,0,0.07869059402736327
0,0,0.07477574906482101
0,0,0.055382052655918626
0,0,0.08102357169025633
0,0,0.12426373410072959
0,0,0.06111662828997636
0,0,0.10906061320292246
0,0,0.21252303744465179
0,0,0.07393216026634977
0,0,0.16924418053775162
0,0,0.07615806542454068
0,0,0.07040807302947388
0,0,0.1186941341553405
0,0,0.057794943880768015
0,0,0.09385292573855247
0,0,0.12850851443107705
0,0,0.08721904330447654
0,0,0.07133993402222984
0,0,0.08358628239443523
0,0,0.050325813200041765
0,0,5.436844597102993e-05
1,0,0.11860648003464615
0,0,0.07677049227589437
0,0,0.054014810810420234
0,0,0.18520890511722615
0,0,0.05041196763767923
0,0,0.08651534508891669
0,0,0.0836595907418821
0,0,0.11306372789448571
0,0,0.03331644142296135
0,0,0.050872678222556485
1,0,0.1653383394354917
0,0,0.10905020429045828
0,0,0.057122747871152395
0,0,0.08078880909634836
0,0,0.046054472696774026
0,0,0.15378764880113868
0,0,0.05583535169193222
0,0,0.1437547287890028
0,0,5.434914950949753e-05
0,0,0.12014148277090422
0,0,0.1403029728448092
0,0,0.08662675373060161
0,0,0.046692320422103355
0,0,0.09493958244647009
0,0,0.05823853178351139
0,0,0.19438975253659593
0,0,0.134813880108705
0,0,5.882114728443666e-05
0,0,0.10482671756069474
0,0,0.10285732070445482
0,0,0.061553620028877015
1,0,0.06267274048193808
0,0,3.189248836277332e-08
1,0,0.2571086116439402
0,0,0.025815351300266316
1,1,0.5126984004121328
0,0,0.24683082237626533
0,0,0.07602540058216009
0,0,0.269879894862832
0,0,0.08198011872794472
1,0,0.175519359654889
0,0,0.08893311371638382
0,0,3.9439149671571143e-05
0,0,0.10827223919634683
0,0,0.15762015418090822
0,0,0.18521216535418872
1,0,0.10069999791866267
0,0,0.07778808026349089
0,0,0.13652194779575713
0,0,0.08839716920165423
0,0,0.10432904127818769
0,0,0.06394882484849135
0,0,0.08450001073044716
0,0,0.07180391070643058
0,0,0.08319064163968813
0,0,0.00021342662959451667
0,0,0.46515494430939813
0,0,0.06856912124565148
0,0,0.1551890988926672
0,0,0.11324591858950134
0,0,0.03326101665429633
0,0,0.037588507766308225
0,0,0.2131566995074972
0,0,0.1252326794679847
0,0,0.19519136795832637
0,0,2.6903026832697705e-05
0,0,0.07816936591489453
0,0,0.03879610760652617
0,0,0.0995651342115857
0,0,0.173994582773012
0,0,0.07930140888992628
0,0,0.10673107129765082
0,0,0.05782749100487785
0,0,0.1823372295502103
0,0,0.08373136150514347
0,0,0.09049364401496161
0,0,0.08132794203352631
0,0,0.05423788631972649
0,0,0.07145460997541687
0,0,0.09459618840996299
0,0,0.0001328371136733464
0,0,2.9171508124228148e-06
1,0,0.05190578871155634
0,0,2.0335554660494767e-05
0,0,0.12451695565495352
1,0,0.25673268760403845
0,0,0.0722723521643012
0,0,0.07187627020483937
0,0,0.07996994501079072
0,0,0.07947549148129038
0,0,8.869383219222663e-05
0,0,0.06459550991294728
0,0,0.14496695846334315
0,0,0.08027490103263056
0,0,0.03484138113455047
0,0,0.0258558649400022
0,0,0.09993318602510418
0,0,0.1084576411016035
1,0,0.04203484315892236
1,0,0.254744423769345
0,0,0.07645078647420735
1,0,0.366345955174598
0,0,0.08345748939456034
0,0,0.24021921941760432
0,0,0.05913409513972285
0,0,0.07346478923020948
0,0,0.0768791135446013
0,0,0.00019252366620734732
0,0,0.04568875439011579
0,0,0.09437126665438249
0,0,0.0972984779984687
0,0,0.130734160796416
0,0,0.07624136883713815
0,0,0.24295102585205247
0,0,0.1756496163647107
0,0,0.09097288496338825
0,0,0.05483855676801887
0,0,0.0452772247633196
0,0,0.05776931792224768
0,0,0.11649071069645948
0,0,0.04638277636271825
0,0,0.10354745379333527
0,0,0.087173194032959
0,0,0.06164004430999358
0,0,0.039246590009972486
0,0,0.09006601831336211
0,0,0.19654581169520569
0,0,0.20522966868005027
0,0,0.06261968215295861
1,0,0.22724798468928784
1,0,0.25759889353386783
0,0,0.06777201547597166
1,0,0.26433567251993834
0,0,0.10378940120663226
0,0,0.06482160911121239
0,0,0.09294252515372135
0,0,0.1497488512896422
0,0,0.04175435880914942
0,0,0.07864481048597256
0,0,0.25383466734172005
1,0,0.131189757634908
0,0,0.19781350728669347
0,0,0.07528050648351535
0,0,0.11821626028250799
0,0,0.08201727364121468
0,0,0.07370147057644678
0,0,0.17119836169548242
0,0,0.21540583386168172
0,0,0.0500832070734064
0,0,0.1264550323395253
1,0,0.05804958450228542
0,0,0.048031394034062286
0,0,0.09543019965155317
0,0,0.4720185488540978
0,0,0.2616853323224868
0,0,0.11055821077000898
0,0,0.22994270924520394
0,0,0.032937958937607655
0,0,0.19554221192492263
1,0,0.1511738486662403
0,0,0.12042483534238926
0,0,0.08114327769836048
0,0,0.06544753427974691
1,0,0.21886699764645456
1,0,0.3032103794576175
0,0,0.11325534373441683
1,0,0.019849133662926788
0,0,0.03977054597427689
0,0,0.04716158151817447
0,0,0.09376095645206813
0,0,3.6952720385960385e-05
0,0,0.11033711185705508
0,0,0.05614491844362629
1,0,0.10259860952319563
0,0,0.1267191642828728
0,0,0.19186563094460152
1,0,0.10767208805091952
0,0,0.06861711121497904
1,0,0.08492543405702004
0,0,0.05341966420789528
0,0,0.0613673192490299
0,0,0.10874524116944234
0,0,0.05305756316168575
0,0,0.10044172299770396
0,0,0.013440738675247574
0,0,0.10735576556760024
1,0,0.08244866219735458
0,0,0.13342813655707406
0,0,9.455242500164144e-05
0,0,0.10999225243209404
0,0,0.07997632388779427
0,0,0.1649164710506282
0,0,0.04259712829431325
0,0,0.2095346458635401
0,0,0.10186583639540439
0,0,0.11523785356116643
0,0,0.19180210966532274
0,0,0.06946803964091325
0,0,0.1191135141602633
0,0,0.049324156378558755
0,0,0.10931260559475722
0,0,0.04701139619858122
0,0,0.043243305641260776
0,0,0.23912765517125315
0,0,0.1446442756858043
0,0,0.19157403619257116
0,0,0.08189531295987369
0,0,0.06311536629751323
0,0,0.11842464706848813
0,0,0.08583489056381396
0,0,0.08877674455456837
0,0,0.09357255858047596
0,0,0.09086828441203913
0,0,0.09088569775252481
0,0,0.10573163904283214
0,0,0.06050803574813831
0,0,0.06683204193962652
0,0,0.05252410697783569
0,0,0.11919290397483134
0,0,0.045398393306410566
0,0,0.10649693963131879
0,0,0.11282894482945997
0,0,0.054092984486498276
0,0,0.09272197475393087
0,0,6.256783544880272e-05
0,0,0.0981566801723402
0,0,0.13290402128582424
1,1,0.6984353179578278
0,0,0.06117595764858745
0,0,0.13859967836487183
0,0,0.03814318031978466
0,0,0.08656981493929661
0,0,0.06726027132705212
0,0,0.13537195478308098
0,0,0.1516468822897872
0,0,5.6684000114027936e-05
1,0,0.05928197770428369
0,0,0.14476615152547506
0,0,0.05543562334499059
0,0,0.04663053999028605
0,0,0.15690946129335048
0,0,6.878384976726207e-05
0,0,0.18661828340221975
0,0,0.08597940429855533
0,0,0.09883663752896625
0,0,0.14556693515732755
0,0,0.10469719723045329
0,0,0.09887347079360388
0,0,0.07380039654204473
0,0,0.14422551199252673
0,0,0.06319908097435337
0,0,0.08338506542096628
0,0,0.07580001441319449
0,0,0.13837029771110013
0,0,0.045452181444424734
0,0,0.16357311144764494
0,0,0.06387166427903675
0,0,0.3330230527450232
0,0,0.04673303563931649
0,0,0.12741223916056582
0,0,0.05730836606718918
0,0,0.08879806690671974
0,0,0.09483434529220323
0,0,0.15097652443978124
0,0,0.10244616725800358
0,0,0.24546859130241164
0,0,0.06874846540448844
0,0,0.11099259910818969
0,0,0.04302690159513899
0,0,0.0748492550338684
0,0,4.462028185772145e-05
1,0,0.10003036370594211
0,0,0.35338982119527584
0,0,5.899939583870174e-11
0,0,0.04720458994810705
0,0,0.0615884055904663
0,0,0.21655220783522236
0,0,0.09256593308542002
0,0,0.09038422966511088
0,0,0.05393294287847028
0,0,0.09519364762564762
0,0,0.05800157341893856
0,0,0.08116624400421642
0,0,0.04946735201230153
0,0,0.06560833851800413
0,0,0.10831675991618658
0,0,0.08307108405459722
0,0,0.07723150450487119
0,0,0.10715499764502481
0,0,0.06270943188094014
1,0,0.2844723781274353
0,0,0.1477089454439905
0,0,0.02167543122103148
0,0,0.11868653961006516
0,0,0.11100558158567556
0,0,0.12508152751159027
1,0,0.11081751580377937
1,0,0.20467967138462076
0,0,0.10812159344440464
0,0,9.807401456007817e-05
0,0,0.19509898976409526
0,0,0.07478731158349133
0,0,0.13075291458707364
0,0,0.09097754358351086
0,0,0.1353777462131102
0,0,0.06677562963141041
0,0,0.1443655569272128
0,0,0.15068505624501977
0,0,0.12925113962817558
0,0,0.04529121719223693
0,0,0.00016458312152060507
0,0,4.345573118265296e-05
1,0,0.07927095724132668
1,0,0.13598499811731343
0,0,0.05236188653544538
0,0,0.13516257073198382
0,0,0.05030105092231068
0,0,0.18110636325743282
0,0,0.2648986126600889
0,0,0.05642612846273362
0,0,0.0737950800717074
0,0,0.13713044758877366
0,0,0.1072161200587248
0,0,0.06294301137498459
0,0,4.501276722873258e-06
0,0,0.06083357748205467
0,0,0.08109655954006784
0,0,0.19154072644917652
0,0,0.11688090121795176
0,0,0.06293534588432102
0,0,0.05264176522760955
1,0,0.10224237379680645
0,0,0.06857765862424851
0,0,0.07404428081151763
0,0,0.17469089043158859
1,0,0.027717896340597025
0,0,0.08377544101210586
0,0,0.07935207208403694
0,0,0.023068478443164203
0,0,0.08299722887348164
0,0,0.14500151152134022
0,0,0.3285936858293696
0,0,0.058588358476172504
0,0,0.06887473807892837
0,0,0.09718194182062523
0,0,0.17253588732706449
0,0,0.07423398052988653
0,0,0.08249402461657795
0,0,0.14696272425079226
0,0,0.055589434098040104
0,0,0.1888179496135597
0,0,0.1322003711153305
0,0,0.11620994562634736
0,0,0.08351409359045675
0,0,0.08398651565626068
0,0,0.14124504704390808
0,0,0.08476904341343638
0,0,0.12358018520214975
0,0,0.07610758881053639
0,0,0.12602364345328865
0,0,0.08133600276563081
0,0,0.10320864615812339
0,0,0.05675523091762246
0,0,0.17399525132606564
0,0,0.029638980729563086
0,0,0.060449210688581605
0,0,0.04441907532601281
0,0,0.1191599541962274
0,0,0.1114240320973244
0,0,0.1690859503879928
0,0,0.25654879407346737
0,0,0.16803632120254236
0,0,0.05437044040088685
0,0,0.1571872374421343
1,0,2.2076994485918626e-08
0,0,0.10260308985337843
0,0,0.13971094318613522
0,0,0.09128203805936679
0,0,0.09516283682674415
0,0,0.1109395969907212
1,0,0.0855526478582646
0,0,0.05485712278466561
1,0,0.12051279063467803
0,0,0.1257392862604699
0,0,0.07316605986517709
0,0,0.09843895843061762
0,0,0.15578792367838754
0,0,0.05354532376541995
0,0,0.04385425591729751
0,0,0.30578509154544464
0,0,0.07056326682489332
0,0,0.1413825369135107
1,0,0.17351024145498153
0,0,0.06476419328581295
1,0,0.18721787136790752
0,0,0.09898923989043991
0,0,0.05769245315623183
0,0,0.02411767634915892
0,0,0.11963148913912888
0,0,0.13518044354547643
0,0,0.18668801899855997
0,0,0.06398919006122926
0,0,0.08776152608403053
1,0,0.22050490861625532
0,0,4.502615163608031e-05
0,0,0.12070819438765637
0,0,0.12396866166264549
0,0,0.08735368807096054
0,0,0.05482224855468806
0,0,0.046543050322947394
0,0,0.05348055342465435
1,0,0.10168500342377788
0,0,0.07181199167515484
0,0,0.12871459795549856
0,0,0.08798450611448838
0,0,0.05404929667061497
0,0,0.10152166651119333
0,0,0.03248505687320672
0,0,0.17739023607697088
0,0,0.14655212795000766
0,0,0.06845877728251074
0,0,0.1196800786354418
0,0,0.11234220881177032
0,0,0.06120296949993185
0,0,0.029513869750324766
0,0,0.10431169152577621
0,0,0.17498420263315345
0,0,0.2152132150835681
0,0,0.08199212084660448
0,0,0.12785719820311872
0,0,0.12396851130882278
0,0,0.20010479482983246
0,0,0.06969553073171746
0,0,0.15700143226705365
0,0,4.205568975430716e-05
0,0,0.1535197209268135
0,0,0.13341179796184263
1,0,0.05084904329697406
0,0,0.37474581279741137
0,0,0.09536990025209537
1,1,0.6473601634291719
0,0,0.08932634262462386
0,0,0.10409532811236688
0,0,0.19684893177244858
0,0,0.11439423343276942
1,0,0.24126509040510025
0,0,0.09017544299373492
0,0,0.07996550682147661
0,0,0.08253305548795747
0,0,0.17725224076738147
0,0,0.18733125529951855
0,0,0.09113897480410138
1,0,0.2165628772610733
0,0,0.09919741714424525
0,0,0.0939994244260286
0,0,0.28801467233529326
0,0,0.04697669806820594
0,0,0.20160937266685544
0,0,0.12786957228911824
0,0,0.12742158983298435
1,0,9.580233313807922e-05
0,0,0.05998633473507875
0,0,0.1961493828614926
0,0,0.16213311588968238
0,0,0.06076520219639289
0,0,0.13438036491369
0,0,0.14718012517307652
0,0,0.22967820933590216
0,0,0.06195537770356118
0,0,0.08745514226658976
0,0,0.10081065865868331
0,0,0.0967546740862632
0,0,0.00013013191015949187
0,0,0.04113691970605652
0,0,0.16757378245169405
0,0,0.08605781397652615
0,0,0.07527320965002933
0,0,0.0758960185527391
0,0,0.07312753659504294
0,0,0.04970515768403001
0,0,0.040636468777800146
1,1,0.7445068466800109
0,0,0.16393608401023133
0,0,0.16036699066096152
1,0,0.1774374655329325
0,0,0.16613266795014292
0,0,0.12691908713897682
0,0,0.07767358085772212
0,0,0.06554595216450909
0,0,0.10545002894914779
0,0,0.26913879885444003
1,0,0.10759540954323195
0,0,0.11627203128244654
0,0,0.1803077340442868
1,0,0.1908040227726134
0,0,0.07914346906756359
0,0,0.08578401213099963
0,0,0.05329865854121665
0,0,0.11172008867834646
0,0,0.08000171030753549
0,0,0.049134008720180804
0,0,0.15904409047117518
0,0,0.16294871951109666
0,0,0.10869368916971268
0,0,0.11774671042240385
0,0,0.2064923092969177
0,0,0.05947121492803978
0,0,0.09540342002361389
0,0,0.04555626270662117
0,0,0.2197566012831064
0,0,0.13207104726235327
0,0,0.04103193156081214
0,0,0.00019085017881321047
0,0,0.10214213509383908
0,0,0.13751619365936063
0,0,0.08274260147567651
0,0,0.10960308771472375
0,0,0.2955094555929594
0,0,0.11757140201523884
0,0,0.15854243395767345
0,0,0.1020345084500704
1,0,0.08244618911971384
0,0,0.09069598559431435
0,0,0.07194754887308902
0,0,0.09605496077008421
0,0,0.12082565154626196
0,0,0.09780480474996835
0,0,0.15570916250516484
0,0,0.10141636118637352
0,0,0.06519378377913913
0,0,0.08905609067970595
0,0,0.2450320714022177
0,0,0.473275547238721
0,0,0.17691223114791935
0,0,0.227943131588059
0,0,0.07449979546966798
0,0,0.18922650080168202
0,0,0.11229899337882063
0,0,0.16800543641338395
0,0,0.12834733517996236
0,0,0.053788123270708005
0,0,0.24802869648752998
0,0,0.14408308274439982
0,0,0.08269787320819993
0,0,0.00019325954798523977
0,0,0.14763504507312306
0,0,0.051490384537089665
0,0,0.1342865864554449
0,0,0.12046119547989298
0,0,0.107840046647998
0,0,0.08278471240609063
0,0,0.0977864447514525
0,0,0.09420890746178409
0,0,0.05375504344654633
0,0,0.05936785626119618
0,0,0.007077036292814119
0,0,0.09014095643871087
1,0,0.05507088925181867
0,0,0.0393774656998004
0,0,0.13907880822520532
0,0,0.20331226398760005
1,0,0.06644223178230785
0,0,0.1446300767638011
0,0,0.057752072884339804
0,0,0.03807944686440212
0,0,0.12927934528828153
0,0,0.10241641052948025
1,0,0.10478509186217688
0,0,0.05917730240765893
1,0,0.10993782994315038
1,0,0.131303980959134
0,0,0.08898781219638954
1,0,0.11884044592622024
0,0,0.06807287265026643
1,0,0.04641409528696037
0,0,0.05467320012294406
0,0,0.07801326334496439
1,0,0.1212094002299538
0,0,0.07513562608513376
0,0,0.05547522183811056
0,0,0.06548747793692151
0,0,0.11725730670896833
0,0,0.3209846803805805
1,0,0.1548345582873614
1,0,0.25727115936404205
0,0,0.12079263272821159
0,0,0.07288195003050985
0,0,0.03131039665014372
0,0,0.1495625957757074
0,0,0.09254288006451167
1,0,0.06660331704672505
0,0,0.07893520543635993
1,0,0.1796279864261544
0,0,0.1750032546858038
0,0,0.16734626507107614
0,0,0.2567981337923866
1,0,0.0386137887527457
0,0,0.15447747874726517
0,0,0.07482178353719715
0,0,0.1728340122367894
0,0,0.053034370292771665
0,0,0.25575301907974257
0,0,6.171989633300589e-05
0,0,0.0636569904241911
1,0,3.585394902448413e-05
0,0,0.07001514329776921
0,0,0.12258193563473448
0,0,0.0760127569649506
1,0,0.07780259282637896
0,0,0.11596792827214357
1,0,0.3298284172068798
0,0,0.09825378959497734
1,0,0.08746105246412807
0,0,0.06197355415882298
0,0,0.17026414163256956
0,0,0.08281965856755744
0,0,0.07879648027102203
0,0,0.0655838905824039
0,0,0.21737091088668437
1,0,0.07949882933052926
0,0,0.19970220235142727
1,0,0.09145785167863354
0,0,0.10328962313124547
0,0,0.06918276943851089
0,0,0.08015036811132377
0,0,0.18309823688188082
1,0,0.10783259372270473
0,0,0.08888374381607572
0,0,0.00023981804058856803
0,0,0.08789957378506404
0,0,0.2453287354792686
0,0,0.056471326517988876
0,0,0.12313188799831798
0,0,0.09591319048116327
0,0,0.09905748108066602
0,0,0.3040076508015085
1,0,0.10268091335014698
0,0,0.10085342684524888
0,0,0.24342806619576168
0,0,0.12671995296596336
0,0,0.12851918455012476
0,0,0.05855557556934637
1,0,0.08357489512361424
0,0,0.06570632542263347
0,0,0.09095737345420778
0,0,0.09575850979391044
0,0,0.07973765665954416
0,0,0.06337171051287126
0,0,0.14476460268484526
0,0,0.03964546860987583
0,0,0.06845146652201026
0,0,0.021484535883272954
0,0,0.07606315216650797
0,0,0.14882501306232762
0,0,0.011220185108044995
0,0,0.11839227771136523
0,0,0.0931126239653272
0,0,0.06875756225353545
0,0,0.08227256880202284
0,0,0.11640777463807866
0,0,0.06241408891094456
0,0,0.06977799271508167
0,0,0.10548056365289846
0,0,0.07091276001162553
0,0,0.05325496807066612
0,0,0.019477020753789407
0,0,0.06627394027965539
0,0,0.10061541815033306
0,0,0.1398227212194341
0,0,0.05774751881586922
1,0,0.1977570768781406
0,0,0.09323679667995445
0,0,0.15491771091484577
0,0,0.1470194938793605
0,0,0.2686477909561421
0,0,0.05399717207905971
0,0,0.07790896914530904
0,0,0.07964426156116992
0,0,0.19982693120411205
0,0,0.1988687451386214
0,0,0.07495037647038193
0,0,0.06804515927371324
0,0,0.07451251116302665
0,0,0.10434472753730718
0,0,0.15960642730213415
1,0,0.09219515742653558
0,0,0.06981241422924149
0,0,9.347379572249163e-06
0,0,0.06842450045052412
0,0,0.05782142284900184
0,0,0.17930660198270648
0,0,0.06893020424627991
0,0,0.06348744099913592
0,0,0.08621744760143907
0,0,0.07883389210076568
0,1,0.9999314911067323
0,0,0.17115467411645058
0,0,0.051122565855313606
0,0,0.09695628340224952
0,0,0.06017780025984609
0,0,0.0724250313904055
0,0,0.07048865140635317
0,0,0.14457200091676728
0,0,0.07783383991891675
0,0,0.06785637561302359
0,0,0.09175719395409947
0,0,0.24381191165103863
0,0,0.17903824837020227
1,0,0.25660370216966555
0,0,0.10516907622575491
1,0,0.26362213247668037
0,0,0.1444648933443067
0,0,0.11051855382448501
0,0,0.26114081893720226
0,0,0.06886822945306632
0,0,0.12558433328325794
0,0,0.14849122461185635
0,0,0.26834806084210244
0,0,0.07836431322822857
1,0,0.18764966491057025
0,0,0.13176836077302906
0,0,0.06124743163553579
0,0,0.12686181632329988
0,0,0.14317430106856474
0,0,0.06417619660143177
1,0,0.08517012715980503
0,0,0.0966266158900013
0,0,0.19603269297654682
0,0,0.04528637829438895
0,0,0.1285537084916102
0,0,0.12029283521580324
0,0,0.08122435164959343
0,0,0.00011743672001792471
0,0,0.09370507299288086
0,0,0.3842282904855467
0,0,0.10558950790555857
0,0,0.14952100357157336
1,0,0.1569770304779476
0,0,0.08059770348870146
1,0,0.23333934053695163
0,0,0.148449223572903
0,0,0.12363614466136166
0,0,0.07051923419384373
0,0,0.08381882498220361
0,0,0.16899072788757785
0,0,0.21144217760767703
0,0,0.12111744656338619
0,0,0.1843340612199339
0,0,0.17761364337198607
1,0,0.10229554726500342
1,0,0.054342145596657405
0,0,0.07087406085820114
0,0,0.07932367744289492
0,0,0.09681040567996022
0,0,0.15902627742078002
0,0,0.060713787048938435
0,0,0.07820346203250333
0,0,0.13649238252795248
0,0,0.18257453749600114
0,0,0.0357221943032833
0,0,0.10602274103060179
0,0,0.042215555753342925
1,0,0.3323842562135583
0,0,0.15111492963412476
0,0,0.06991362590005147
0,0,0.0644363281177227
0,0,0.057785234708346275
1,0,0.06214096707218415
0,0,0.08257714177146361
0,0,0.14219382561121194
0,0,0.3200688057246856
1,0,0.2357203237227206
0,0,0.1743913465149374
1,0,0.16363071702065932
0,0,0.03474054734921384
0,0,0.1250066578998761
0,0,0.16425187271592262
0,0,0.09826145017646605
0,0,0.13866049202574507
0,0,0.09535134407351427
0,0,0.16325629102726566
0,0,0.12076334262680577
0,0,0.05518635562735194
0,0,0.06655817841543016
0,0,0.09667716812063289
0,0,0.09869811015555181
0,0,0.04035088074444512
0,0,0.0622408062716858
0,0,0.2701247884938012
0,0,0.08426646613237082
0,0,0.09612025889282767
0,0,0.05081236798311879
0,0,0.0819790445655982
0,0,0.13709013569776354
0,0,0.08693698146213165
0,0,0.06097002874704034
1,0,0.09350888743766307
0,0,0.09133066172336324
0,0,0.0747376140290655
1,0,0.12133549984885557
0,0,0.08448743093203252
0,0,0.07266210851132625
1,0,0.0015466394155850978
0,0,0.09280872622637598
0,0,0.03855856596404909
0,0,0.1523745592694645
0,0,0.05853620570521085
0,0,0.05744044449016125
0,0,0.10257315028433217
0,0,0.06725153709616002
0,0,7.632695194938237e-05
0,0,0.07322093650120885
0,0,0.12537270267646158
0,0,0.17598843732786235
0,0,0.22787098069903913
0,0,0.0984046954177819
0,0,0.07446061474380625
0,0,0.08237105561621089
0,0,0.07852759995548934
0,0,0.06817890206791556
0,0,0.19150582714304773
0,0,0.12669763850575708
0,0,0.11253336842563909
0,0,0.23764791159496199
0,0,0.13455948760179196
0,0,0.09169433616403527
0,0,0.15743543387603756
0,0,0.09915630325417378
0,0,0.09559727997328159
1,0,0.10009277394338738
0,0,0.10607300396088651
0,0,0.09544269122850914
0,0,0.12228940284823661
1,0,0.1038648438534305
0,0,0.06802516527368356
1,0,0.11290719887290752
1,0,0.25882365064379276
0,0,0.07618256413863304
0,0,0.15784457895123952
0,0,0.11009492553705125
0,0,0.10052367647312098
0,0,0.2171184201906832
0,0,0.0812984664366534
0,0,0.19978448169623977
0,0,6.78807882235215e-05
1,0,0.1658224981726455
0,0,0.166030336644437
0,0,0.11783114674555019
0,0,0.03748004415213524
0,0,0.009645164474107789
0,0,0.05710401716131145
0,0,0.1897832953990891
0,0,6.497963803869135e-05
0,0,0.16638986373377204
1,0,0.10691610560052295
0,0,0.19206024473212682
0,0,0.03670949633669003
0,0,6.080894201492305e-05
0,0,0.08187730677168092
0,0,0.07888278461889645
0,0,0.09868388691428728
0,0,0.07800586332285112
0,0,9.468111469561013e-05
0,0,0.08154151495502193
0,0,0.09405310400201015
0,1,0.817726926519042
0,0,0.1322545271581837
1,0,0.3530610132851694
0,0,0.0670721153296722
0,0,0.052323737292684414
0,0,0.00038955043855795943
0,0,0.11164183113772987
0,0,0.060469194482367754
0,0,0.06749312607606334
0,0,0.1394651692820361
0,0,0.16902582495151444
0,0,0.08177621063076164
0,0,0.14684307340434408
0,0,0.05550384195992798
0,0,0.15034794982386704
0,0,0.06150649307696462
0,0,0.27702913075006064
0,0,0.05822638682060935
0,0,0.14267150226723682
0,0,0.07011269940757993
0,0,0.058490693447493816
0,0,0.16176733221240813
0,0,0.09853128293620571
1,0,0.04143041775949079
0,0,0.05218100449813777
0,0,0.05414609774185251
0,0,0.07842659343282794
0,0,0.1053400954128764
0,0,0.0732247389446024
0,0,0.09355460394446383
1,0,0.10780829979050886
0,0,0.09400701338029367
0,0,0.19167471282944254
0,0,0.10812527720722344
0,0,0.16153078810024857
0,0,0.03705355172004768
0,0,0.07940648490216408
0,0,0.1465551347996153
0,0,0.1541061430521786
0,0,0.08431552569957196
0,0,0.10000583698509898
0,0,0.12462788424518823
0,0,0.042688915466082264
0,0,0.10813605106257212
0,0,0.06680346157171518
0,0,0.07405313749813672
0,0,0.08008972441379716
0,0,0.1364304707688246
0,0,0.08050736164245388
0,0,0.18489065842357472
0,0,0.0857351164937401
0,0,0.1069592160704805
0,0,0.14985878820058876
0,0,0.2081986647460179
0,0,0.0969638065689157
0,0,0.12040183972559738
1,0,0.09953188359497452
0,0,0.09160460336955545
0,0,0.08774510461588184
0,0,0.017864164119250306
0,0,0.08357065804811083
0,0,0.08533064815736066
0,0,0.14738204456589907
1,0,0.11669571199593892
0,0,0.1469921626801499
0,0,0.19856975940899294
0,0,0.0676612995713087
0,0,0.1492363227205679
1,0,0.14175556939768053
0,0,0.07714611824960017
0,0,0.03002092192978043
0,0,0.1701525808352267
1,0,0.06945735761199444
0,0,0.06971414334449898
0,0,3.921882752801977e-05
1,0,8.942191596423504e-05
0,0,0.09884377714193913
1,0,0.04943088466771929
0,0,0.0640622819387773
0,0,0.10429108234984066
0,0,0.05227892028021577
0,0,0.05976080646964312
0,0,0.09734533726652585
0,0,0.06587578155334256
0,0,0.08352716685702831
0,0,0.07431958821524341
0,0,0.1117860292617309
0,0,0.406167228427475
0,0,0.15941807060694219
0,0,0.10066653686417337
0,0,0.06930326418896127
1,0,0.1515581621250264
1,0,0.24895555327459631
0,0,0.16182939978791958
0,0,0.13652074524742774
0,0,0.04638902562532838
0,0,0.06878046460783141
0,0,4.647164990016163e-05
0,0,0.06960321078097607
0,0,0.054160557701023494
0,0,0.09501240839784611
0,0,0.12706255346879458
0,0,0.05120487734706583
0,0,0.0984939863984601
0,0,0.16475094518928984
0,0,0.08947647593376314
0,0,0.16080406580497233
0,0,0.13890532637114597
0,0,0.16506170956948255
0,0,0.09511928531094835
0,1,0.6067442293984576
1,0,0.05745494651959114
0,0,0.1381086723071547
0,0,0.052558908512557345
0,0,0.10123506587480614
0,0,0.03919049253632883
0,0,0.1155464506926935
0,0,0.21587628766742187
0,0,0.00013535822222581165
0,0,0.18863572655283076
0,0,0.08455399724985223
0,0,0.0887405270991623
1,0,9.181744249955522e-05
0,0,0.1093721672743004
1,0,0.10339377154844702
0,0,0.08923709262556054
0,0,0.17494198936896938
0,0,0.0001262961495272389
0,0,0.0809296422728469
0,0,0.14989595284276
1,1,0.52183688799403
0,0,0.0651876123417924
0,0,0.091752270397655
0,0,0.08447912630188521
0,0,0.14040096554231501
0,0,0.05169932021449458
0,0,0.13641358309601953
1,0,0.0944132730843352
0,0,0.10471364891343847
0,0,0.07388970416382938
0,0,0.17712952598417872
1,0,0.32309336637543723
0,0,0.06304209100379335
0,0,0.09795129182937767
0,0,0.11616086767757444
0,0,0.0888890610419963
0,0,0.03354933645575647
0,0,0.07831818888523592
1,0,0.06337508947772773
0,1,0.9999750061172865
0,0,0.08635475735535784
0,0,0.08745922846945109
0,0,0.09260767121133037
0,0,0.08901674195028263
0,0,0.07013860136753912
0,0,0.1857326465201389
0,0,0.10773114519977524
0,0,0.06940116859050569
0,0,0.0494673597029213
0,0,0.08554929130640829
0,0,0.07382591713520306
0,0,0.23375604819146872
0,0,0.053690779185251135
0,0,0.08125625722632741
0,0,4.965810027788397e-05
0,0,0.09285427835505762
0,0,0.04950605558190048
0,0,0.13915188140866563
0,0,0.0520558077187946
0,0,0.12432655619275601
0,0,0.04151197330805181
0,0,0.09379391838368187
1,0,0.12159562190447723
0,0,0.16966440815452516
0,0,0.06466580829125786
0,0,0.0846873051007323
0,0,0.13890821192893593
0,0,0.05934055526233897
1,0,0.07078893236712555
0,0,0.11364589537026572
1,0,0.16003859344858445
0,0,0.09181479887036328
0,0,0.10490279811689773
0,0,0.034041830952697374
0,0,0.14124280227542296
0,0,0.1326751264995209
0,0,0.06773131649138946
0,0,0.10149698195865445
0,0,0.07260186656780884
0,0,0.012681030497371498
0,0,0.09337156067531589
0,0,0.06723399868943403
0,0,0.07361515011186212
0,0,0.11319627983394298
0,0,0.08746121010168072
0,0,0.3687667554042967
1,1,0.6568933729301275
0,0,0.2208320609417269
0,0,0.11305715587798938
0,0,0.07493529008007314
0,0,0.06707212242459193
0,0,0.14094615076843547
0,0,0.03673925937355903
0,0,0.09153983857659409
0,0,0.052226467038394855
0,0,0.06087525802342883
1,0,0.1481325462057793
0,0,0.13597984824233703
1,0,0.2579235488358521
0,0,0.0957817997429623
1,0,0.18510554030389126
0,0,0.09957573158335609
0,0,5.713768506279215e-05
1,0,0.10282014340041998
0,0,0.03462918339681018
1,0,0.10792478338367321
0,0,0.18826433349135258
0,0,0.05637747162632144
0,0,0.12127568807200313
0,0,0.06302128616355124
1,0,0.09535453226073783
1,0,0.07199611521523966
0,0,0.09349308438932458
0,0,0.05634030812728796
0,0,5.9703564856874356e-05
0,0,0.11237128698109157
0,0,0.14758519562666272
0,0,0.13271312284918813
0,0,0.1194205977810529
0,0,0.06979614180192292
0,0,0.05456813914182357
0,0,0.12737928646800686
0,0,0.16957485804232594
0,0,0.09108425876314273
0,0,0.07621884909598665
0,0,0.09393093125614249
0,0,0.05392813461552467
0,0,0.06461464194146883
0,0,0.09853268205232739
0,0,0.22516731340713322
0,0,0.08319730922777659
0,0,0.07750593133407163
0,0,0.08685599419093092
0,0,0.13446637102673833
0,0,0.040822959453973975
0,0,0.2241407398091486
0,0,0.10732545658764878
0,0,0.11557220386093096
0,0,0.12576915837640354
0,0,0.08241600644592578
0,0,0.09480467485777597
0,0,0.07270298303659162
0,0,0.07885435040957331
0,0,0.10285742446239018
0,0,0.08618687464108543
0,0,0.09884351530298548
0,0,0.20642160476825214
0,0,0.13958332556996506
1,0,0.11414749944969574
0,0,0.12654062001418429
0,0,0.23940508862928514
0,0,0.15987820362724525
1,0,0.1862291547422341
0,0,0.1549166899602717
0,0,0.31683122141568
0,0,0.09326636634496983
0,0,0.04972398197644975
0,0,0.09406921223758091
0,0,0.20241599343874506
0,0,0.11430128846231807
0,0,0.07565905123059834
0,0,0.09716301269857253
0,0,0.03489363204634613
0,0,0.01325321836694854
1,0,0.08304608905996402
0,0,0.4196793894969204
0,0,0.10219274873049825
0,0,0.09035849043091164
0,0,0.10487848748080249
1,0,0.3723355719568525
0,0,0.06483419942032154
1,0,0.13643575124079305
0,0,0.10669262540282719
0,0,0.10322447355795694
0,0,0.16282947782483875
0,0,0.05333962508631117
1,0,0.08541255546953778
0,0,0.08818252234605772
0,0,0.08975899818432592
0,0,0.08357906588143878
0,0,0.3029231081956321
0,0,0.08012037879491125
0,0,0.00016634525429534987
0,0,0.03562193921379853
0,0,0.03816521109837206
0,0,0.08225279575392874
1,0,5.033197973007717e-07
1,0,0.08973716598441174
0,0,0.09640042413418438
0,0,0.1660968380813101
0,0,0.05463015344630525
0,0,0.08651525106501787
0,0,0.10296034847770008
0,0,0.09631411523171204
0,0,0.27060096973165493
0,0,0.11583096124397523
0,0,0.192149113347776
0,0,0.0007164368844574556
0,0,0.029938623544959814
0,0,0.11156681807604202
0,0,0.06486813935106006
1,0,0.09720336955174637
0,0,0.08953414465387571
0,0,0.03535521592145507
1,0,0.11819989174826509
0,0,0.07304019795772591
0,0,0.14025013027311656
0,0,0.25302846224494824
1,0,0.19594376076360745
0,0,0.04222875859601457
0,0,0.10970272674110824
0,0,0.11383676719983564
0,0,0.3593428390415784
0,0,0.11932753408045596
0,0,0.00010450926392204883
0,0,4.49042612086382e-05
0,0,0.27322325576112494
1,0,0.11740938970076532
1,0,0.12350151852420978
0,0,0.07876487834446035
0,0,0.15539877528289708
0,0,0.10082054223753896
0,0,0.19331854570989512
0,0,0.11663713415434623
0,0,0.06959928526208858
0,0,0.07768508317381309
0,0,0.11458894133155156
0,0,0.06628421914037115
0,0,0.07460637880973271
0,0,0.06618175264581153
0,0,0.17154098167248374
1,0,0.10537449184595611
0,0,0.07129993598203395
0,0,0.22502046599297423
0,0,0.4486766114959363
0,0,2.2624403598907952e-05
0,0,0.09923423563520034
0,0,0.08572212713238367
0,0,0.08735163564104993
1,0,0.0006391121413061748
0,0,0.0990552124321611
0,0,0.05277605575786091
0,0,0.07292110467549147
0,0,0.04593004807760546
0,0,0.11592732291224525
1,0,0.09508651510284033
0,0,0.10544021921531735
0,0,0.13031534612618367
0,0,0.07898739384133131
0,0,0.1317082703936754
0,0,0.03851831805989743
0,0,0.11343166542719234
1,0,0.21936242428923408
0,0,0.1332646667826109
0,0,0.12003173378929283
0,0,0.08378293263020212
0,0,0.2070682233789873
0,0,0.1066003708902116
0,0,0.056477924977428325
0,0,0.1355182677357473
0,0,0.1222876707358642
1,0,0.07441274813245816
0,0,0.13721824875298266
0,0,0.08499457955273948
0,0,0.31167874423103975
0,0,0.06930603660112426
0,0,0.13105971176482775
0,0,0.08303685397410646
1,0,0.10378893743952904
1,0,0.07723624841662156
0,0,0.11734497911118598
0,0,4.9533527830981855e-08
1,0,0.13879669808965683
0,0,0.2668322717779018
0,0,0.4047509083757455
0,0,0.044138109072431604
0,0,0.06811405030195304
0,0,0.054673380208910195
0,0,7.154799867676064e-05
0,0,0.07466995805099458
0,0,0.22844833087157818
0,0,0.15303379870122974
0,0,0.05158292370799612
0,0,0.12400301401291484
0,0,0.0478784012546296
0,0,0.10654326917036089
0,0,0.1477826800187105
0,0,0.17628038487973183
0,0,0.07114165883703656
0,0,0.13992559431035667
0,0,0.11728585311471211
0,0,0.14546715513906772
0,0,0.11952252734939768
0,0,0.07944326490483233
0,0,0.09330913266559843
0,0,0.04907156647862521
0,0,0.09970934297735232
1,0,0.08247893520234975
0,0,0.09695255981858028
0,0,0.1571988063503207
0,0,0.11869603386103261
0,0,0.04629069081326393
0,0,0.05365166225698511
0,0,0.09119392729453657
0,0,0.06589967114897861
0,0,0.0662820929792162
0,1,0.5038682431254091
0,0,0.09488305961402088
0,0,0.16614501320627043
0,0,0.0485576425895539
0,0,0.06303156404553066
0,0,0.05129689453476287
1,0,0.03012478035569148
0,0,0.0798477079178428
0,0,0.08320670740489906
0,0,0.05180086034167431
0,0,6.024481077432864e-05
1,0,0.07075935047762268
0,0,0.08873781474346638
0,0,0.021165549660546987
0,0,0.08946100644518266
0,0,0.18684812107992083
0,0,0.09984028753847103
0,0,0.05617785819340766
0,0,0.14646670182896515
0,0,0.13951857189052982
0,0,0.07189677919460169
0,0,0.20564584672397282
0,0,0.12669254292485516
0,0,0.13382735415265717
0,0,0.07332848518841016
0,0,0.10769370423327082
0,0,0.19437534473479484
0,0,0.15354767761633323
1,0,0.10576828450848393
0,0,0.031505414146958136
0,0,0.1051194567906962
0,0,0.2550289007414465
0,0,0.10878343456920635
0,0,0.16103986436719597
0,1,0.5472240090174576
0,0,0.06664182696503768
0,0,0.19038774521061871
0,0,0.08141356907394946
0,0,0.1234600660728289
0,0,0.13861373734033422
0,0,0.10947571698814099
0,0,0.10345793859766933
0,0,0.06985587264780464
0,0,0.041974343358356384
0,0,0.0702991600127841
0,0,0.26537071759501796
0,0,0.21398099681783653
1,0,0.0388121961789987
0,0,0.1879638864437951
0,0,0.12610620340350706
0,0,0.1112409461272119
0,0,0.14032478762254175
0,0,0.08262881452176041
1,0,0.33015630143792074
0,0,0.13594418635029437
1,0,0.08155028106338234
0,0,0.12260219712857494
0,0,0.12673786740447224
0,0,0.210930325863913
0,0,0.03916885635382756
0,0,0.1363755293376698
0,0,0.15841427645392794
0,0,0.07048226762724404
0,0,0.0590438470943767
0,0,0.051322445269849755
0,0,0.11669547094049831
0,0,0.07517863878807013
0,0,0.14004452178637067
1,0,0.2726022963018032
0,0,0.12863241437729142
0,0,0.09837942148097605
0,0,0.13162110123961115
0,0,0.3619154698653857
0,0,0.0771768606970914
0,0,0.12592801130318226
1,0,0.15475386871027397
0,0,0.2572964432807393
1,0,0.08333643084920953
0,0,0.3187922256130703
0,0,0.03443934670594887
1,0,0.0992055584935965
0,0,0.051671639837840865
0,0,0.0509794520687185
0,0,0.16568558133266895
0,0,0.13788745273520253
0,0,0.04736158586584942
0,0,0.17544419621959373
0,0,0.07745660501233646
0,0,0.16045519327606994
0,0,0.0650259485952319
0,0,0.07944651981721507
0,0,0.17685734381100063
0,0,0.0641646472538562
0,0,0.09698204882273959
0,0,0.21133509801103487
0,0,0.13504941022921219
0,0,0.038033064668797904
0,0,0.24298323644442862
1,0,0.21767405591355096
0,0,0.09436079484164789
0,0,0.1026677045478
1,0,0.22522036532344203
0,0,3.0144448412629116e-05
1,0,0.10615912532778793
0,0,0.0515895221590207
0,0,0.14547113393006966
0,0,0.0004684282758884422
0,0,0.06770191491590152
1,0,0.09246264980620657
1,0,0.3614903483830507
0,0,0.07547870140158859
0,0,0.1944791541989123
0,0,0.20472540571805956
0,0,0.09076352205751778
0,0,0.06060685261944004
0,0,0.047796074737339676
0,0,0.12289239880210043
0,0,0.10146146512194433
0,0,0.03549041843037577
0,0,0.09884817527950002
0,0,0.13324139737101295
0,0,0.09704005756567527
0,0,0.14218446081577352
0,0,0.09236080457092202
0,0,0.10577245702044735
0,0,0.08937705550800178
1,0,0.0748605350614589
0,0,0.13984171062776202
0,0,0.19013085691019674
0,0,0.1407130676372287
0,0,0.0697182479590064
1,0,0.05567911259475096
0,0,0.07238026905499936
1,0,0.1389794174089171
0,0,0.02891505643320349
0,0,0.11415449854294804
0,0,0.049550309689284845
0,0,2.73468709600652e-05
0,0,0.05137991070441721
0,0,0.04187254977034901
0,0,0.1329421032941751
0,0,0.06519378912326636
0,0,0.06257271487304937
0,0,0.07528273661807668
1,0,0.12857514963143515
0,0,0.10980659808575291
0,0,0.09592235867672586
0,0,0.029715352272974865
0,0,0.05640313730969771
0,0,0.04031501379339085
0,0,0.10538083257562368
0,0,0.11387013824048997
0,0,0.08354992614873796
0,0,4.824353279286928e-05
0,0,0.05701094102154738
0,0,0.1485808357869791
0,0,0.11989880570147718
0,0,0.0818063286511443
0,0,0.3326359373210478
0,0,0.15637782935565367
0,0,0.2241429284813337
0,0,0.08148341681607947
0,0,0.09868126450034478
0,0,0.07842372737510477
0,0,0.2803499856930277
0,0,0.16118448923160172
0,0,0.061242905074657274
0,0,0.06274194122082957
0,0,0.12420530337870443
0,0,0.07321416576393976
0,0,0.06815091735416412
0,0,0.139169221476142
0,0,0.10327903712294169
1,0,0.15896205107860503
0,0,0.06126907820777192
0,0,0.10554275122982641
0,0,0.08820057712431299
0,0,0.4812431426074765
0,0,3.5534387485598406e-05
0,0,0.13824480533430586
1,0,0.13493671488671383
0,0,0.16294086723119733
0,0,0.020976005340903936
0,0,0.050131934158294866
0,0,0.07518869335767926
0,0,0.10220883958896537
0,0,0.11509038354910482
0,0,0.09160127267073259
0,0,0.08056380393265335
0,0,0.09972158596672184
0,0,0.06253061400280978
0,0,0.23970155924030928
0,0,0.04616442806836459
0,0,0.03823463812260336
0,0,0.07300395892836188
0,0,0.16833585708391685
1,0,0.13387921847711137
0,0,0.12292664131425197
0,0,0.09367610990583669
0,0,0.10820926926911816
0,0,0.05132259966670804
0,0,0.4216629701937473
0,0,0.06663292849150439
0,0,0.07037760227151027
0,0,0.1366426537063753
0,0,0.10928713572728592
0,0,0.09119443324328183
0,0,0.12580631203635964
0,0,0.08670374686677672
0,0,0.39948612675802725
0,0,0.14634628347246673
1,0,0.05313015914620437
0,0,0.07039552813234355
0,0,0.21167682457939244
0,0,0.26351005114918025
0,0,0.1573306139179539
0,0,0.09821161630209824
0,0,0.1103423696853492
1,0,0.2213971372924004
0,0,0.08658894290482108
0,0,0.20508793997426003
1,0,0.41074758288515456
0,0,0.10904828832118545
0,0,0.1261662369476165
0,0,0.06805015646811849
0,0,4.907989414771707e-05
0,0,0.13622838592768144
0,0,0.13492011579106095
1,0,2.381281876030914e-05
0,0,0.04422164700849472
0,0,0.03630862425474909
0,0,0.09433635294108461
0,0,0.10241105837165146
0,0,0.08798433808642629
0,0,0.1777361497318303
1,0,0.14151332751392293
1,0,0.11482764352575252
0,0,0.12219174975897937
0,0,0.10342301940548827
0,0,0.10885880678794131
1,0,0.095915014054559
0,0,0.13729383243255044
1,0,0.06969758658889923
0,0,0.12971014971371755
1,0,0.25510082695088115
0,0,0.05749664379416648
1,0,0.10690001326903811
0,0,0.11985456332712797
0,0,0.2099307913426437
0,0,6.863730165292381e-08
1,0,0.26600965745851624
0,0,0.1670263881643812
0,0,0.09668750639113327
0,0,0.1455054010125591
0,0,0.06974860421051517
0,0,0.11445163461883862
1,0,0.1245055370311864
0,0,0.2413233209640664
1,0,0.08816161328093315
0,0,0.024626184215554393
0,0,0.09426058276044366
0,0,0.09595427916439023
1,0,0.4016877118403249
0,0,0.11348112447474658
0,0,0.14453416121255402
0,0,0.04866550847888651
0,0,0.10799582669958635
0,0,0.07930996439359178
0,0,0.01650481298084799
1,0,0.1263472882092825
0,0,0.12255634070338879
0,0,0.05551835299562737
0,0,0.05802712917201768
0,0,0.07264422643890667
0,0,0.11040476839406996
0,0,0.059458033011041994
0,0,0.12134744405262307
0,0,0.06097810411533136
1,0,0.17920540094326368
1,0,0.13200603336549352
0,0,0.13154949323984905
0,0,0.046178976173054116
0,0,0.030929975867045535
0,0,0.0668728910503874
0,0,0.10280366843776066
0,0,0.08495421193715895
0,0,0.07585915538841427
0,0,0.12099480528289375
0,0,0.05331122387610164
1,0,0.1621881128381758
0,0,0.2080014087932908
0,0,0.13294791338067893
0,0,0.1614646418615306
0,0,0.06830522411810903
0,0,0.07398407361547174
0,0,0.440578456340672
1,0,0.10045942599439955
0,0,0.1582230917700365
0,0,0.06540621194721974
0,0,0.1916480001206049
0,0,0.0410903704492431
0,0,0.07321941565973186
0,0,0.128987878418014
0,0,0.008373151854605994
0,0,0.04430500693951744
0,0,0.08757043003786627
0,0,0.061144072384422044
0,0,0.0650499860380124
0,0,0.11124750182293112
0,0,0.06996116020843147
0,0,0.0929098290911146
0,0,0.07891632848096126
0,0,0.23303863596728552
0,0,0.06389466529710507
0,0,0.0590500644728577
0,0,0.18434223425593793
0,0,6.644804241410201e-05
0,0,0.3037126887648597
0,0,0.1482779921745551
0,0,0.11336616773641957
0,0,0.13155617020061144
0,0,0.09962808231915452
0,0,0.11817352304531345
0,0,0.1806924739602281
0,0,0.09495916745796969
0,0,1.7986605864015994e-05
0,0,0.11811176979610909
0,0,0.12528496437746042
0,0,0.12682666536801593
0,0,0.03884074668241635
0,0,0.08077215237291671
0,0,0.18687282356193516
0,1,0.6477875004176401
0,0,0.000125142649176257
0,0,0.0839886847527274
0,0,0.19082126926000229
0,0,0.09079011881567452
0,0,0.13388437987825547
0,0,3.8906122625503566e-05
0,0,0.07119192788531027
0,0,0.07915615940817379
0,0,0.12157724178446425
0,0,0.11201834888019464
0,0,0.13524646269813742
0,0,0.07376759071085466
0,0,0.08007877418177645
1,0,0.05979737661547462
0,0,0.1545036093699751
0,0,0.091466678446298
0,0,0.10841780427480331
0,0,0.12280709807890024
0,0,0.15473165976281442
0,0,0.14389475961653347
0,0,0.11794426350747864
0,0,0.11365888277094609
0,0,0.1264260710115056
0,0,0.07632370772370749
0,0,0.1063926182090557
0,0,0.08904348786172385
0,0,0.22437624314509136
0,0,0.060479258377104404
0,0,0.013982433916180613
0,0,0.007283038540279745
1,0,0.1719883983722365
0,0,0.074113844568293
0,0,0.046006461779715346
0,0,0.0973697278528035
0,0,0.1364738149526449
0,0,0.17205654223090153
0,0,0.23638524749969303
1,0,0.1635286362371841
1,0,0.09371798073424235
0,0,0.2090532138911378
0,0,0.08883980533269191
0,0,0.03195961963367811
0,0,0.18280238057127282
0,0,0.2150897231132315
0,0,0.11971517633081759
0,0,3.436800717235727e-05
0,0,0.09458582140345902
0,0,0.00011680615263574231
1,0,0.10684175237888745
0,0,0.12090044016680897
0,0,0.08363096826244398
0,0,0.12979861645177093
0,0,0.3843241823523224
0,0,0.07888034726554172
0,0,0.1140462251954293
0,0,0.12174241487985088
0,0,0.10421822256509734
0,0,0.14613285846466945
0,0,0.026646860539698333
0,0,0.08756648281409622
0,0,0.045963103690915795
0,0,0.12597751491725626
0,0,0.05881507918767873
0,0,0.1047870210448357
0,0,0.06947448340595375
0,0,0.0536843218424395
0,0,0.025748689654922743
0,0,0.13697369922525543
0,0,0.07379938391015028
0,0,0.05644909477049321
0,0,0.05862193967332591
0,0,0.049015124911914974
0,0,0.16370270091820516
0,0,0.09253696766381878
0,0,0.15994973008531435
0,0,0.13592454517685135
1,0,0.13207346290587507
0,0,0.10659858839928908
0,0,0.09680092246882453
1,0,0.12781706633858322
0,0,0.22969950730914102
0,0,0.07218130603667929
0,0,0.13599407026114188
0,0,0.0367376033803981
0,0,0.1138602016441291
0,0,0.11745248576221862
0,0,0.09002315453643331
0,0,0.08865867731372129
0,0,0.02466897402979661
0,0,0.2590521410458244
0,0,0.05060803070118147
0,0,0.16577338198231475
0,0,0.13647312077968318
0,0,0.06959298093203699
1,0,0.1399455874883645
0,0,0.1226419258963233
0,0,0.09915574023949791
0,0,5.066532554926412e-05
0,0,0.09021373532816056
0,0,0.1704855532271278
0,0,0.04393844792909916
0,0,4.199665177283606e-05
1,0,0.14591647974140112
0,0,0.11752122047179975
0,0,0.10487838135194054
0,0,0.12077489793540512
0,0,0.25396260122268904
0,0,0.06670581382596837
0,0,0.13188662823971303
0,0,4.533287566373595e-05
0,0,0.07948110852121605
0,0,0.13858704236122457
0,0,0.22413051788111799
0,0,0.21214098773483606
0,0,0.14586440197234954
0,0,0.046153827690928656
0,0,0.03826888560076577
0,0,0.45641281461765326
0,0,0.09867730155375216
1,1,0.6522613609711763
0,0,0.08488469627031454
0,0,0.04256318084017081
0,0,0.1864371124116091
0,0,0.11721673951722997
0,0,0.09095801832463846
0,0,0.12959753454807998
0,0,0.07014420794644204
0,0,7.149698611953295e-05
1,0,0.09691366925451435
0,0,0.03260709111536775
0,0,0.0675489171350038
0,0,0.15553665862073338
0,0,0.07167111126173899
0,0,0.07924294236495408
0,0,0.30632864461543974
0,0,0.05869113930414329
0,0,0.10812781107614342
0,0,0.04549185301410115
0,0,0.09900205212369015
0,0,0.08720642930794725
0,0,0.06760300822484844
0,0,0.05937312760766314
0,0,0.09316351625376115
0,0,0.07883414018699031
0,0,0.06623070256133201
0,0,0.09374685240921998
1,0,0.13095982464719175
0,0,0.03201618962141968
1,0,0.06955749711218744
0,0,0.3691621686010232
0,0,0.08035502814707739
0,0,0.14985683507333056
0,0,0.06897025732714382
0,0,0.08010999193436907
0,0,0.1517892091717862
0,0,0.06599923099362677
0,0,0.07281607999178621
0,0,0.08709736916138387
0,0,0.11770443073427778
0,0,4.620091008730035e-05
1,0,0.39563385735154705
0,0,0.09136216111420159
0,0,0.12306298477945515
0,0,0.07304288755396138
0,0,0.15048429529807864
0,0,0.07552754739082415
0,0,0.2651376282804495
0,0,0.0617356661670409
0,0,0.11613936234802602
0,0,0.19986347905418544
0,0,0.07740129289406589
0,0,0.08285928711020825
0,0,0.09817318847812573
0,0,0.021798352546877783
0,0,0.10868752652459678
0,0,0.3255349289636035
0,0,0.0811883154790321
0,0,0.07929824129077895
0,0,0.11048883234193621
1,0,0.2494258491922388
0,0,0.08731966936069045
0,0,0.32959809527168216
0,0,0.08995690929202203
0,0,0.09457783111394091
0,0,0.0641961609200909
0,0,0.0896854410414807
0,0,0.09460104289299674
0,0,0.027990436280706434
1,0,0.13247172019551517
0,0,0.12002848288826411
0,0,0.09735406726472234
0,0,1.6290374434220701e-07
0,0,0.1339102816127563
0,0,0.13916842945756866
0,0,0.11691246798723698
0,0,0.2421163750476488
0,0,0.12136167443227813
0,0,0.08541961475633093
0,0,1.6511497270938079e-07
0,0,0.13580238780318574
0,0,0.08738425320185236
1,0,0.12154246350777748
0,0,0.055706513295512246
0,0,0.07042270800437314
0,0,0.13348018453143315
0,0,0.08687594913860208
0,0,0.3828043436192
0,0,0.05291535410999677
0,0,0.18143328961103133
0,0,0.1976914784735746
0,0,0.0516881554960521
0,0,0.08311364172009587
0,0,0.09278113916215892
0,0,0.05029609436596494
0,0,0.10897117697314813
0,0,0.10159729831629447
0,0,0.12542273144028704
0,0,0.08333494009958149
0,0,0.08901418303537698
0,0,0.08564246950117817
0,0,0.08969145850840249
0,0,0.07695970245683266
0,0,6.93130878211499e-05
0,0,0.09858407119565454
0,0,0.05835358745451645
0,0,0.25284706622253594
0,0,0.08620310483212645
0,0,0.12346167990592895
0,0,0.09633902530602821
0,0,0.30426184879508117
0,0,0.18195582771380114
0,0,0.07371891907609321
0,0,0.14268879347007513
0,0,0.04241910823321836
0,0,2.7422059715523267e-05
0,0,0.06454213301390989
0,0,0.13598507305489196
1,0,0.11367407421980633
0,0,0.1011273419811429
0,0,0.032940855222630065
0,0,0.09009659954834144
1,0,0.09752660708634056
0,0,0.14261930310306178
0,0,0.2290284368468949
0,0,0.04307820493932025
0,0,0.23843429415450404
1,0,0.30337366315933795
0,0,0.08023995789297655
0,0,0.09380908971486196
0,0,0.07219103160657664
0,0,0.08499990152252025
0,0,0.11877285809965411
0,0,0.05945014852741088
0,0,0.1447788403281518
0,0,0.10058733146791864
0,0,0.25459858835687416
0,0,0.060255828885192556
0,0,0.0760902734460376
0,0,0.2049433537333505
0,0,0.142920158392186
0,0,0.07296094819968423
1,0,0.37244576429059345
0,0,0.14141010719451172
0,0,0.08423042383392058
0,0,0.08015519843422356
0,0,0.19536286253642554
0,0,0.13893571212507264
0,0,0.11164908328675188
0,0,0.04008232166476794
0,0,0.09689814199129172
0,0,0.18748054719121154
0,0,0.03402871991702486
0,0,0.11117309974408188
0,0,0.05521417277891168
0,0,0.0783693449265019
0,0,0.03490352606240552
0,0,0.11370288759488204
0,0,0.17348222994192927
0,0,0.17705156230345803
0,0,0.08368479618680245
0,0,0.42514073479236986
0,0,0.038017178069334065
0,0,0.0690859494044699
0,0,0.07402338302090813
0,0,0.1145764293026417
0,0,0.16949011825412955
0,0,0.08765525176015403
0,0,0.05753477186906814
0,0,0.09630341879728081
0,0,0.31329567474299597
1,1,0.5366992415521271
0,0,0.11911834676643962
0,0,0.08164118309370536
0,0,0.09869856419113492
0,0,0.12355039863060639
0,0,0.20781051590518096
0,0,0.13932090027776692
0,0,0.3606472654623878
0,0,0.4242246245677312
0,0,0.12292463483514102
0,0,0.09827161872429939
1,0,0.14500290284441847
0,0,0.062372729493602966
0,0,0.07502350415806264
0,0,0.036905272204731755
0,0,0.1506590260406329
0,0,0.07887258029982969
0,0,0.07479964685531063
1,0,0.05708396281992942
0,0,0.1124304666043338
0,0,0.20518532140854376
0,0,0.06286036250180418
0,0,0.08013309067283791
0,0,0.06835301404003184
1,0,0.09425584290657607
0,0,0.09901181542462711
0,0,0.03746827266208929
0,0,0.29972339331731274
0,0,0.13337935842714363
0,0,5.130229715084661e-05
0,0,0.10209415643534735
0,0,0.07929902354245551
0,0,0.1464957814948609
0,0,0.088649155613616
0,0,0.13599244105481978
0,0,0.07812953535680946
0,0,0.05161820213742058
0,0,0.03966734988356855
0,0,0.11776302796096336
0,0,0.04432304153065782
1,0,0.14017689346137596
0,0,0.07985188391879085
0,1,0.7365750754312249
0,0,0.039105418037364004
0,0,0.07275845853545516
0,0,0.0705051707639495
1,0,0.17755809042400944
1,0,0.3325475698904601
1,0,0.15978794137509406
0,0,0.04683225936983868
0,0,0.08403970578316387
0,0,0.20747171358015265
0,0,0.1613831783664911
1,0,0.053629286384882964
0,0,0.04261680314788598
0,0,0.10928569804853261
0,0,3.512347303309527e-08
0,0,0.09254205174968531
1,0,0.08552458938517116
0,0,0.1030585814487723
0,0,0.10237220972140258
0,0,0.11446405451380674
0,0,0.11628828425718145
0,0,0.07482353843737495
0,0,0.06107764364768684
0,0,0.13330509150464487
0,0,0.03287173462320828
0,0,0.09756171279115235
0,0,0.05573253857696153
0,0,0.14273923649736917
0,0,0.11003503981590981
0,0,4.819528591090119e-05
0,0,0.2232243610792567
1,0,0.07619499573741814
0,0,0.07378690773980114
0,0,0.06682070149306067
0,0,0.09459346972416267
1,0,0.09117329850377172
1,0,0.1324045593022646
0,0,0.14423643621418675
0,0,0.07589821036524004
0,0,0.054806435194366114
1,0,0.13125251366474494
0,0,0.0430831127930995
0,0,0.07707685590834418
1,0,0.10796475655470351
1,0,0.26895496492028664
0,0,0.07713006985025411
0,0,0.1412812370963831
0,0,0.061844775986462285
0,0,0.23724814181312498
0,0,0.06009502512908484
0,0,0.0644733047587646
0,0,6.41827141192637e-05
0,0,0.09318581151978489
0,0,0.16960262672327214
1,0,0.04885156715069771
0,0,0.09160577748354769
0,0,0.15584858784253866
0,0,0.3075997372118887
0,0,1.8476056221255354e-05
0,0,0.262660267975331
0,0,0.19001500150584374
0,0,0.14952142819257605
0,0,0.10613440560790992
0,0,0.11525699886134978
0,0,0.09387358791932335
0,0,0.0835671340950239
0,0,0.058488979339223035
0,1,0.562730409110903
1,0,0.18592377515253516
0,0,0.07747946340668516
0,0,0.0748695352658138
0,0,0.16280185271043152
0,0,3.9466986161381605e-05
0,0,0.053313915296246246
1,0,0.106867374567941
0,0,0.22967663342933922
0,0,0.08660899978911932
0,0,0.1056448447052748
0,0,0.09940206513687341
0,0,0.09240263485569646
0,0,0.12778924803791156
0,0,0.053371901617540615
0,0,0.045035747576246156
0,0,0.11773015362078586
0,0,0.04990730200424259
0,0,0.11136943086224622
0,0,0.0994444127545055
1,0,0.15401471646417594
0,0,0.07546539514154123
0,0,0.06328057624169155
0,0,0.03326632487599887
1,0,0.18336112885082897
0,0,0.11606266406303849
0,0,0.07774821009705371
0,0,0.1041706913508731
0,0,0.1186572060410041
0,0,0.10459499839043428
0,0,0.34902819215785424
1,0,0.09624024227893455
0,0,0.08602682462002252
0,0,0.18937952041703385
0,0,0.06683089766663468
0,0,0.11636211826124032
1,0,0.14248380184141377
0,0,0.11598886407142771
0,0,0.10862486551235451
0,0,0.12559281869880676
0,0,0.23636903489878128
0,0,0.08064426589843912
0,0,0.09287458339002135
0,0,0.0583533221548999
0,0,0.07501930126513871
1,0,0.04937845870841502
0,0,0.09296935442273808
1,0,0.061985805536749136
0,0,0.06857483978908804
0,0,2.813390188298011e-05
0,0,0.09035014515979052
0,0,0.06354568674968127
0,0,0.07544650572596798
0,0,0.03580277359796693
0,0,0.07858436208510618
0,0,0.0786815306426408
0,0,0.05986710712035369
0,0,0.11676944174114305
0,0,0.17137678968678036
0,0,0.08465339054762427
1,0,0.07935955823546696
0,0,0.10034067502664046
1,0,0.14303617546101108
0,0,0.1980938470908611
0,0,0.14308745552275828
0,0,0.07505132956884895
0,0,0.1300730544587781
0,0,0.12758100776041395
0,0,0.3390949569343148
0,0,0.06916096533670302
1,0,0.2952634020296839
0,0,0.00023992889388845152
0,0,0.10259466052985465
0,0,3.090233468262347e-05
0,0,0.10824730615205623
0,0,0.10395972293090949
1,0,0.20931975196142452
0,0,0.1228851735100338
1,0,0.22378150310758524
0,0,0.07286857336268622
0,1,0.6890316624390519
0,0,0.10925974150305197
0,0,0.03373445186440504
0,0,0.12339778622576895
0,0,0.14539253913885503
0,0,0.11785091711848389
0,0,0.09787030550595273
0,0,0.10380123026612618
0,0,0.0508539385794516
0,0,0.10433649700281619
0,0,0.10302169390074474
0,0,0.061255583832672114
0,0,0.0339525525199525
0,0,0.11570865459198254
0,0,0.0746872630742882
0,0,0.08634765286189923
0,0,0.08010613272585188
0,0,0.04682565276524706
0,0,0.08354721940309315
0,0,0.05046712466451684
0,0,0.08226855460878911
0,0,0.07750341889542596
0,0,0.15459631203576385
0,0,0.0631175073483464
0,0,0.02140439678487542
0,0,0.05853613984325173
0,0,0.11698746399546207
0,0,0.05220965534975035
0,0,0.06194659625190678
0,0,0.08310913239866813
1,0,0.11757073544633763
0,0,0.04062132143402937
0,0,0.08499290292307742
0,0,0.1626979353474814
0,0,1.2737635800471813e-05
0,0,0.10007126491250025
1,0,0.09592096439946397
1,0,0.09123947054115496
0,0,0.11411661009212468
0,0,0.016243751012119365
0,0,0.0461362349925246
0,0,0.07718828612847053
1,0,0.12477887624596598
0,0,0.05293844682539544
0,0,6.771375400564357e-05
0,0,0.04843071791815878
0,0,0.2344683110779961
0,0,0.06784425350251756
0,0,0.03674687088268825
0,0,8.948573094371173e-05
0,0,0.23739456209588533
0,0,0.14336520522650284
1,0,0.10271508695010932
0,0,0.09901815049228246
0,0,0.11959554096109075
0,0,0.11730827680983658
0,0,0.10041829673289797
0,0,0.12894463217158295
0,0,0.10817286320294589
0,0,0.04275984538369299
0,0,0.09023647470297388
0,0,0.14208329649994436
0,0,0.06296872509989472
0,0,0.04671151611570664
0,0,0.07012794740605272
1,0,0.1250033215600276
0,0,0.0730028637442414
0,0,0.12617015404765095
0,0,0.12165591366201596
0,0,0.12687863496390286
1,0,0.25573516669117285
0,0,0.04372587912038016
0,0,0.1339524014060361
0,0,0.09749546651872244
0,0,0.050296281824893416
0,0,0.06999668469103544
0,0,0.1441487682344636
0,0,0.07139816082204505
0,0,0.08517898504680689
0,0,0.004517025807603507
0,0,0.12940046174614836
0,0,1.1311477425128686e-05
0,0,0.08342680766811811
0,0,0.08074339121857307
0,0,0.05266493326233096
0,0,0.0975719296292482
0,0,0.07136716449677434
0,0,0.08780947659683126
1,0,0.04760013106607263
0,0,0.1227417477681077
0,0,0.09850380430563695
1,0,0.20493596149950022
0,0,0.16402128803316002
0,0,0.03296882286809719
0,0,0.06670504785101311
0,0,0.09482456799125091
0,0,0.11453844238001498
0,0,0.043680412637168195
0,0,0.09455724605933034
0,0,4.4591386369142796e-05
0,0,0.265433591149661
0,0,0.052348167420254
0,0,0.11161468364610733
0,0,0.03963787892640891
1,1,0.8896552253715855
0,0,0.11355116274445848
0,0,0.12424965721281256
0,0,0.051254813782958084
0,0,0.04727478759481866
0,0,0.08407136797073952
0,0,0.17911111231787158
0,0,0.07017898511070529
0,0,0.05959411721221641
0,0,0.07647251574625154
0,0,0.0537137015329128
0,0,0.11195348938423616
0,0,0.10182890557871048
0,0,8.79846712602028e-05
0,0,0.11519165690335399
0,1,0.6024022640530339
0,0,0.12301859389873974
0,0,0.12248651744901622
0,0,0.13038413827743237
1,0,0.14114935560749214
